id;dateTime;aaerNo;releaseNo;respondents;respondentsText;urls;fraud_start;fraud_end;cik;revoked;certainty_start;certainty_end;17a;17a2;17a3;17b;5a;5b1;5c;10b;13a;12b20;12b25;13a1;13a10;13a11;13a13;13a14;13a16;13b2A;13b2B;13a15;13b5;14a;14c;19a;30A;100a2;100b;105c7B;corruption;amis;fsf
5c304ac8f5a4b721a7b7f963d50e0f29;2023-11-22T11:15:50-05:00;AAER-4474;LR-25902;SAExploration Holdings, Inc., et al.;SAExploration Holdings, Inc., et al.;https://www.sec.gov/enforcement-litigation/litigation-releases/lr-25902, https://www.sec.gov/files/litigation/complaints/2023/comp25902.pdf, https://www.sec.gov/files/litigation/apdocuments/comp25902-amended.pdf, https://www.sec.gov/files/litigation/litreleases/2023/judg25902-beatty.pdf, https://www.sec.gov/files/litigation/litreleases/2023/judg25902-saexplorationholdings.pdf;02-2015;08-2019;1514732;0;1;1;1;1;1;;;;;1;1;1;;1;;1;1;;;1;1;0;0;0;;;0;;0;;0;1;1
;2023-08-15T12:​34:​52Z;AAER-4440;33-11222, 34-98131;Ault Alliance, Inc;Ault Alliance, Inc;https://www.sec.gov/files/litigation/admin/2023/33-11222.pdf;01-2016;12-2021;896493;0;0;0;0;1;1;;;;;0;1;1;;1;;1;1;;;1;1;1;0;1;;;0;;0;;0;1;1
e60cbdc4752a78bb1a4c9fee84b562ed;2023-02-22T08:28:37-05:00;AAER-4377;34-96960;African Gold Acquisition Corp.;African Gold Acquisition Corp.;https://www.sec.gov/files/litigation/admin/2023/34-96960.pdf;03-2021;09-2022;1833909;0;1;0;0;0;0;;;;;0;1;1;;1;;;1;;;1;1;1;0;0;;;0;;0;;0;1;1
cd19e8e2ebc2605cc178386e26ce4aab;2021-11-22T08:27:15-05:00;AAER-4268;33-11008, 34-93645;ProPetro Holding Corp., Dale Redman;ProPetro Holding Corp. and Dale Redman;https://www.sec.gov/files/litigation/admin/2021/33-11008.pdf;01-2017;01-2019;1680247;0;1;0;0;0;0;;;;;0;1;1;;1;;;;;;1;1;0;0;1;;;0;;0;;0;1;1
b43480f73d21fe70dc2c11c0f9e0d72d;2017-01-18T08:24:41-05:00;AAER-3849;33-10283, 34-79823;MDC Partners Inc.;MDC Partners Inc.;https://www.sec.gov/files/litigation/admin/2017/33-10283.pdf;01-2009;12-2014;876883;0;0;0;;1;;;0;0;0;0;1;1;;1;;1;1;;0;1;1;;;1;;0;;1;;0;;1;1
5b615f8cf0afddd06d5a6cd5b144ffbf;2016-12-29T08:22:51-05:00;AAER-3840;34-79702;General Cable Corporation;General Cable Corporation;https://www.sec.gov/files/litigation/admin/2016/34-79702.pdf;01-2008;06-2012;886035;0;0;1;;;;;0;0;0;0;1;1;;1;;1;1;;0;1;1;;;;;0;;0;;0;;1;1
0d478dcdb5aee44abe3b6956086391d2;2016-03-15T09:23:41-04:00;AAER-3758;33-10055, 34-77372;ModusLink Global Solutions, et al.;ModusLink Global  Solutions, et al.;https://www.sec.gov/files/litigation/admin/2016/33-10055.pdf, https://www.sec.gov/files/litigation/admin/2016/33-10055-s.pdf;08-2006;06-2012;914712;0;0;1;;1;1;;0;0;0;0;1;1;;1;;;1;;0;1;1;;;;;0;;0;;0;;1;1
a9570123cefe9cc703ce2a62d7e871b1;2015-03-31T09:22:39-04:00;AAER-3645;34-74613;Polycom, Inc.;Polycom, Inc.;https://www.sec.gov/files/litigation/admin/2015/34-74613.pdf;05-2010;07-2013;1010552;0;1;1;;;;;0;0;0;0;1;1;;1;;;;;0;1;1;;;1;;0;;0;;0;;1;1
ec2818ec0b32cce026b19661dc852b98;2013-09-27T10:25:13-04:00;AAER-3494;LR-22823;Universal Travel Group;Universal Travel Group;https://www.sec.gov/enforcement-litigation/litigation-releases/lr-22823;09-2008;06-2011;1336644;09-2013;1;1;1;;;;;;;1;1;1;;1;;;1;1;;1;1;;1;;;;;;;;;1;1
d1f3429aba5e8894b179167cc2e35931;2013-05-15T10:25:06-04:00;AAER-3482;LR-22699;"RINO International Corporation, Dejun ""David"" Zou, Jianping ""Amy"" Qiu";"RINO International Corporation, Dejun ""David"" Zou, and Jianping ""Amy"" Qiu";https://www.sec.gov/enforcement-litigation/litigation-releases/lr-22699, https://www.sec.gov/files/litigation/complaints/2013/comp-pr2013-87.pdf;01-2008;09-2010;1394220;0;1;1;1;;;;;;;1;1;1;;1;;1;1;;;1;1;;;;;;;;;;;1;1
c10e902d5293221058e3b01385c9aaa0;2013-02-28T09:25:02-05:00;AAER-3447;LR-22627;Keyuan Petrochemicals, Inc., Aichun Li;Keyuan Petrochemicals, Inc. and Aichun Li;https://www.sec.gov/enforcement-litigation/litigation-releases/lr-22627, https://www.sec.gov/files/litigation/complaints/2013/comp-pr2013-30.pdf;05-2010;01-2011;1326396;0;1;1;;1;1;;;;;;1;1;;;;;1;;;1;1;;;;;;;;;;;1;1
62091a50f51349c5fe7c5e52cf55cc36;2012-09-17T10:24:54-04:00;AAER-3413;LR-22482;Freedom Environmental Services, Inc., et al.;Freedom Environmental Services, Inc., et al.;https://www.sec.gov/enforcement-litigation/litigation-releases/lr-22482, https://www.sec.gov/files/litigation/complaints/2012/comp22482.pdf;07-2010;05-2012;1443818;03-2014;1;1;1;1;1;;0;0;0;1;1;1;0;1;;1;1;;0;1;1;0;0;0;1;0;0;0;0;0;0;1;1
9f9bfe5fcc50fd043ea456ab37dc6c24;2012-01-11T09:24:40-05:00;AAER-3355;LR-22224;Imperiali, Inc.;Imperiali, Inc.;https://www.sec.gov/enforcement-litigation/litigation-releases/lr-22224, https://www.sec.gov/files/litigation/complaints/2012/comp22224.pdf;12-2005;07-2008;1359272;0;0;1;1;0;0;;1;0;1;1;1;1;0;1;;1;1;;0;0;0;0;0;0;0;0;0;0;0;0;0;1;1
90315a8e0efda20e550d428e74b83cb7;2011-09-16T10:24:32-04:00;AAER-3321;LR-22095;Escala Group, Inc., Gregory Manning, Larry Lee Crawford, CPA;Escala Group, Inc., Gregory Manning, and Larry Lee Crawford, CPA;https://www.sec.gov/enforcement-litigation/litigation-releases/lr-22095;04-2004;05-2006;895516;0;1;1;0;0;0;;0;0;0;0;1;1;0;1;;0;1;;0;1;1;0;0;0;0;0;0;0;0;0;0;1;1
a4735537e28f75868c45803e870c53ca;2010-09-21T10:24:08-04:00;AAER-3187;LR-21657;True North Finance Corporation, f/k/a CS Financing Corporation, et al.;True North Finance Corporation, f/k/a CS Financing Corporation, et al.;https://www.sec.gov/enforcement-litigation/litigation-releases/lr-21657;05-2008;12-2009;1343504;0;0;0;NaN;NaN;NaN;;NaN;NaN;NaN;NaN;NaN;NaN;NaN;NaN;NaN;NaN;NaN;;NaN;NaN;NaN;NaN;NaN;NaN;NaN;NaN;NaN;NaN;NaN;NaN;;1;
d33171e7389f65c39b70d6eee51f69ac;2010-07-16T10:24:05-04:00;AAER-3154;LR-21593;Trident Microsystems, Inc., Frank C. Lin, Peter Y. Jen;Trident Microsystems, Inc., Frank C. Lin, and Peter Y. Jen;https://www.sec.gov/enforcement-litigation/litigation-releases/lr-21593, https://www.sec.gov/files/litigation/complaints/2010/comp21593.pdf;01-1993;05-2006;859475;0;0;1;1;;;;;;;1;1;1;;1;;;1;;;1;1;;;1;;;;;;;;1;1
79f913e2677db8f352c51892b39c1b77;2009-12-04T09:23:50-05:00;AAER-3073;LR-21323;Black Box Corporation, Frederick C. Young, Anna M. Baird;Black Box Corporation, Frederick C. Young, and Anna M. Baird;https://www.sec.gov/enforcement-litigation/litigation-releases/lr-21323, https://www.sec.gov/files/litigation/complaints/2009/comp21323.pdf;01-1998;12-2001;849547;0;0;0;;;;;;;;;1;1;;1;;;1;;;1;1;;;;;;;;;;;1;1
f5e8572764c7bb089e590dcbb019ac58;2009-09-03T10:23:43-04:00;AAER-3045;LR-21195;The Hain Celestial Group, Inc.;The Hain Celestial Group, Inc.;https://www.sec.gov/enforcement-litigation/litigation-releases/lr-21195, https://www.sec.gov/files/litigation/complaints/2009/comp21195.pdf;07-1993;06-2005;910406;0;0;0;1;;;;;;;1;1;1;;1;;1;1;;;1;1;;;1;;;;;;;;1;1
7123de545865ef1ed71a406b5fa0c5f7;2009-05-18T10:23:35-04:00;AAER-2971;LR-21044;WellCare Health Plans, Inc.;WellCare Health Plans, Inc.;https://www.sec.gov/enforcement-litigation/litigation-releases/lr-21044, https://www.sec.gov/files/litigation/complaints/2009/comp21044.pdf;11-2003;10-2007;1279363;0;1;1;1;;;;;;;1;1;1;;1;;;1;;;1;1;;;;;;;;;;;1;1
41355685821a995bc3f0e61e2f69680d;2009-03-20T10:23:30-04:00;AAER-2953;LR-20964;Mercury Interactive, LLC (f/k/a Mercury Interactive Corporation), Amnon Landan, Sharlene Abrams, Douglas Smith, Susan Skaer;Mercury Interactive, LLC (f/k/a Mercury Interactive Corporation), Amnon Landan, Sharlene Abrams, Douglas Smith, and Susan Skaer;https://www.sec.gov/enforcement-litigation/litigation-releases/lr-20964;01-1997;12-2005;867058;0;0;0;1;;;;;;;1;1;1;;1;;;1;;;1;1;;;1;;;;;;;;1;1
f5037b739d264508ebc0addd827039c5;2008-07-09T10:23:12-04:00;AAER-2843;LR-20638;Sycamore Networks, Inc., Frances M. Jewels, Cheryl E. Kalinen, Robin A. Friedman;Sycamore Networks, Inc., Frances M. Jewels, Cheryl E. Kalinen, and Robin A. Friedman;https://www.sec.gov/enforcement-litigation/litigation-releases/lr-20638, https://www.sec.gov/files/litigation/complaints/2008/comp20638.pdf;10-1999;07-2002;1092367;0;1;1;1;;;;;;;1;1;1;;1;;1;1;;;1;1;;;1;;;;;;;;1;1
03d80cc9cb39f823e5f6a1662b414869;2008-05-01T10:23:08-04:00;AAER-2822;LR-20550;GlobeTel Communications Corp., Timothy J. Huff, Thomas Y. Jimenez, Lawrence E. Lynch;GlobeTel Communications Corp., Timothy J. Huff, Thomas Y. Jimenez and Lawrence E. Lynch;https://www.sec.gov/enforcement-litigation/litigation-releases/lr-20550, https://www.sec.gov/files/litigation/complaints/2008/comp20550.pdf;09-2004;09-2006;919742;06-2017;1;1;1;;;;1;;1;1;1;1;;1;;1;1;;;1;1;;;;;;;;;;;1;1
77f9b737e4e50a7d18c3f42832cdd8d2;2008-04-22T10:23:07-04:00;AAER-2811;LR-20532;Broadcom Corp.;Broadcom Corp.;https://www.sec.gov/enforcement-litigation/litigation-releases/lr-20532;06-1998;05-2003;1054374;0;1;1;1;;;;;;;1;1;1;;1;;1;1;;;1;1;;;1;;;;;;;;1;1
cf1202a1c086af77712d91f88bcc1748;2006-04-17T10:22:19-04:00;AAER-2414;LR-19657;Tyco International Ltd.;Tyco International Ltd.;https://www.sec.gov/enforcement-litigation/litigation-releases/lr-19657, https://www.sec.gov/files/litigation/complaints/2006/comp19657.pdf;01-1996;12-2002;833444;0;0;1;1;;;;;;;1;1;1;;1;;;1;;;1;1;;;1;;;1;;;;1;1;1
3980f65dd7dc45dd8905946774992961;2004-05-04T09:14:36-04:00;AAER-1999;34-49652;Gold Banc Corporation, Inc.;Gold Banc Corporation, Inc.;https://www.sec.gov/enforcement-litigation/administrative-proceedings/34-49652;01-1998;12-2002;1015610;0;1;1;;;;;;;;;1;;;1;;;1;;;1;1;;;;;;;;;;;1;1
f8391dc5c276d96745efbbf9b9f11f3a;2002-11-14T09:20:41-05:00;AAER-1664;LR-17837;Adelphia Communications Corporation, John J. Rigas, Timothy J. Rigas, Michael J. Rigas, James P. Rigas, James R. Brown, Michael C. Mulcahey;Adelphia Communications Corporation, John J. Rigas, Timothy J. Rigas, Michael J. Rigas, James P. Rigas, James R. Brown, and Michael C. Mulcahey;https://www.sec.gov/enforcement-litigation/litigation-releases/lr-17837;01-1998;12-2001;796486;0;0;1;1;;;;;;;1;1;1;;1;;;1;;;1;1;;;;;;;;;;;1;1
e326139d5a5c7b524172947b7777aca0;2002-09-24T10:20:36-04:00;AAER-1630;LR-17739;Asthma Disease Management, Inc., George H. Young, Richard A. Manini, Richard B. Anderson, Colleen Erin Kelly Bishop;Asthma Disease Management, Inc., George H. Young, Richard A. Manini, Richard B. Anderson, and Colleen Erin Kelly Bishop;https://www.sec.gov/enforcement-litigation/litigation-releases/lr-17739;06-1997;05-1999;774746;0;1;1;1;;;;1;;1;1;1;1;;;;;;;;;;;;;;;;;;;;1;1
931b02b0bbbf905191d45f2c448fec27;2002-02-20T08:13:40-05:00;AAER-1507;34-45458;JDN Realty Corporation;JDN Realty Corporation;https://www.sec.gov/enforcement-litigation/administrative-proceedings/34-45458;12-1994;10-1999;916836;0;1;0;;;;;;;;;1;;;1;;;1;;;1;1;;;1;;;;;;;;1;1
5ffd5cc3a361eaa7ad96124e6e1a80c9;2002-02-14T09:20:16-05:00;AAER-1506;LR-17361;International Thoroughbred Breeders, Inc., Nunzio DeSantis;International Thoroughbred Breeders, Inc., and Nunzio DeSantis;https://www.sec.gov/enforcement-litigation/litigation-releases/lr-17361;10-1996;03-1997;320573;08-2011;1;1;;;;;;;;1;1;1;;;;;1;;;1;1;;;;;;;;;;;1;1
;2024-12-19T21:08:41;AAER-4550;34-101987;AAR Corp;;https://www.sec.gov/files/litigation/admin/2024/34-101987.pdf ;11-2015;02-2020;1750;0;1;1;0;0;0;;0;0;0;0;0;0;0;0;0;0;0;;0;1;1;0;0;0;0;0;1;0;0;0;1;0;0
;2024-12-17T14:00:00;AAER-4548;34-101934;EXPRESS, INC.;;https://www.sec.gov/files/litigation/admin/2024/34-101934.pdf;01-2019;12-2021;1483510;0;0;1;0;0;0;;0;0;0;0;1;1;0;1;0;0;0;;0;0;0;1;0;1;0;0;0;0;0;0;0;0;1
;2024-11-22T14:00:40;AAER-4542;33-11328, 34-101702;UNITED PARCEL SERVICE INC;;https://www.sec.gov/files/litigation/admin/2024/33-11328.pdf;06-2019;12-2020;1090727;0;0;1;0;1;1;;;;;0;1;1;;1;;1;1;;;1;1;1;0;0;;;0;;0;;0;0;1
;2024-11-12T13:45:20;AAER-4537;33-11326, 34-101574;Elanco Animal Health Inc;;https://www.sec.gov/files/litigation/admin/2024/33-11326.pdf;01-2019;05-2020;1739104;0;1;1;0;1;1;;;;;0;1;1;;1;;1;1;;;0;0;1;0;0;;;0;;0;;0;0;1
;2024-10-16T19:19:00;AAER-4534;34-101353;RTX Corp;;https://www.sec.gov/files/litigation/admin/2024/34-101353.pdf ;02-2007;12-2022;101829;0;1;0;0;0;0;;;;;0;0;;;;;;;;;1;1;0;0;0;;;1;;0;;1;0;0
;2024-10-11T13:15:00;AAER-4532;34-101307;MOOG INC.;;https://www.sec.gov/files/litigation/admin/2024/34-101307.pdf;05-2020;03-2022;67887;0;1;1;0;0;0;;;;;0;0;;;;;;;;;1;1;0;0;0;;;0;;0;;1;0;0
cc5335a8ea27c7882f09c1f70e4f400c;2024-09-12T16:16:21-04:00;AAER-4519;33-11302, 34-101014;FirstEnergy Corp.;FirstEnergy Corp.;https://www.sec.gov/files/litigation/admin/2024/33-11302.pdf, https://www.sec.gov/enforcement-litigation/administrative-proceedings/33-11302-s;01-2017;07-2020;1031296;0;0;1;1;0;0;;;;;1;1;1;;1;;1;;;;1;1;1;0;0;;;0;;0;;1;0;0
4da1cd74f477c3b2b77884832db37aae;2024-09-10T08:41:59-04:00;AAER-4518;34-100984;Deere & Company;Deere & Company;https://www.sec.gov/files/litigation/admin/2024/34-100984.pdf;12-2017;04-2020;315189;0;1;0;0;0;0;;;;;0;0;;;;;;;;;1;1;0;0;0;;;0;;0;;1;0;0
e77c3ed124d618fee65b8b259478324d;2024-09-04T16:35:17-04:00;AAER-4515;34-100917;Portland General Electric Company;Portland General Electric Company;https://www.sec.gov/files/litigation/admin/2024/34-100917.pdf, https://www.sec.gov/litigation/admin/2024/34-100917.pdf;01-2018;06-2020;784977;0;0;1;0;0;0;;;;;0;0;;;;;;;;;1;1;1;0;0;;;0;;0;;0;0;1
565565ab67cbe95e0d82a8715cc0f1c0;2024-08-09T15:35:11-04:00;AAER-4512;33-11296, 34-100684;Ideanomics, Inc. (f/k/a Seven Star Cloud Group, Inc.), Alfred Poor, Federico Tovar;Ideanomics, Inc. (f/k/a Seven Star Cloud Group, Inc., Alfred Poor, and Federico Tovar);https://www.sec.gov/files/litigation/admin/2024/33-11296.pdf;11-2017;12-2019;837852;0;1;0;1;0;0;;;;;1;1;1;;1;;;1;;;1;1;1;0;1;;;0;;0;;0;0;1
1803c555a1cd5e71e0fdc775d04adac3;2024-06-20T17:32:25-04:00;AAER-4510;34-100389;CPI Aerostructures, Inc.;CPI Aerostructures, Inc.;https://www.sec.gov/files/litigation/admin/2024/34-100389.pdf, https://www.sec.gov/enforce/ap-summary/34-100389-s;01-2018;12-2022;889348;0;1;1;0;0;0;;;;;0;1;1;;1;;1;1;;;1;1;1;0;0;;;0;;0;;0;0;1
34c83822ad67dd9ccf8c530b4e208e13;2024-06-06T15:11:49-04:00;AAER-4506;33-11289, 34-100288;HF Foods Group Inc.;HF Foods Group Inc.;https://www.sec.gov/files/litigation/admin/2024/33-11289.pdf, https://www.sec.gov/enforce/ap-summary/33-11289-s;08-2018;12-2020;1680873;0;1;0;0;0;0;;;;;1;1;1;;1;;1;1;;;1;1;1;0;1;;;0;;0;;0;0;1
6a385e78dba095d24d858f85c7725378;2024-03-15T15:17:07-04:00;AAER-4493;LR-25950;Evoqua Water Technologies Corp., Imran Parekh;Evoqua Water Technologies Corp. and Imran Parekh;https://www.sec.gov/enforcement-litigation/litigation-releases/lr-25950, https://www.sec.gov/files/litigation/litreleases/2024/judg25950-evoqua.pdf, https://www.sec.gov/files/litigation/litreleases/2024/judg25950-parekh.pdf, https://www.sec.gov/files/litigation/litreleases/2024/partjudg25950-parekh.pdf;10-2016;08-2018;1604643;0;1;1;;1;1;;;;;0;1;1;;1;;1;1;;;1;1;0;0;0;;;0;;0;;0;0;1
bcd88da5b688d8aedcb6d5ee05a0e0da;2024-02-29T15:38:53-05:00;AAER-4490;33-11274, 34-99637;Lordstown Motors Corp.;Lordstown Motors Corp.;https://www.sec.gov/files/litigation/admin/2024/33-11274.pdf;08-2020;02-2021;1759546;0;1;1;0;1;1;;;;;0;1;1;;1;;1;;;;0;0;0;0;1;;;0;;0;;0;0;1
6798ddcc54a35be855e9a1482316926b;2023-09-29T06:23:01-04:00;AAER-4469;33-11251, 34-98629;Newell Brands Inc., Michael B. Polk;Newell Brands Inc. and Michael B. Polk;https://www.sec.gov/files/litigation/admin/2023/33-11251.pdf;07-2016;06-2017;814453;0;1;1;0;1;1;;;;;0;1;1;;1;;1;1;;;1;1;1;0;0;;;0;;1;;0;0;1
c08cbd0bc855c40faa78e8f56407946e;2023-09-29T06:03:58-04:00;AAER-4468;34-98622;Albemarle Corporation;Albemarle Corporation;https://www.sec.gov/files/litigation/admin/2023/34-98622.pdf;05-2009;12-2017;915913;0;1;1;0;0;0;;;;;0;0;;;;;;;;;1;1;0;0;0;;;1;;0;;1;0;0
2c64e487b958f1f6578f19a8e6a9415c;2023-09-28T16:29:07-04:00;AAER-4467;33-11248, 34-98616;Exelon Corporation;Exelon Corporation and Commonwealth Edison Company;https://www.sec.gov/files/litigation/admin/2023/33-11248.pdf;01-2011;12-2019;1109357;0;0;0;0;1;0;;;;;1;0;;;;;;;;;1;1;0;0;0;;;0;;0;;1;0;0
;2023-09-28T16:29:07-04:00;AAER-4467;33-11248, 34-98616;Commonwealth Edison Company;;https://www.sec.gov/files/litigation/admin/2023/33-11248.pdf;01-2011;12-2019;22606;0;0;0;0;1;0;;;;;1;0;;;;;;;;;1;1;0;0;0;;;0;;0;;1;0;0
2939d13f27ee01b589b391d92ded5ca5;2023-09-28T15:51:17-04:00;AAER-4466;34-98615;Clear Channel Outdoor Holdings, Inc.;Clear Channel Outdoor Holdings, Inc.;https://www.sec.gov/files/litigation/admin/2023/34-98615.pdf;01-2012;12-2019;1334978;0;0;0;0;0;0;;;;;0;0;;;;;;;;;1;1;0;0;0;;;1;;0;;1;0;0
74b80fc1afdc10d86d060182c9e64690;2023-09-25T09:59:52-04:00;AAER-4459;33-11241, 34-98491;GTT Communications, Inc.;GTT Communications, Inc.;https://www.sec.gov/files/litigation/admin/2023/33-11241.pdf;07-2019;03-2020;1315255;0;1;1;0;1;1;;;;;0;1;1;;1;;1;1;;;1;1;1;0;0;;;0;;0;;0;0;1
d106a21c895579b49e13f92c62e1d635;2023-08-30T08:43:56-04:00;AAER-4452;34-98243;Plug Power Inc.;Plug Power Inc.;https://www.sec.gov/files/litigation/admin/2023/34-98243.pdf, https://www.sec.gov/enforce/34-98243-s;01-2018;09-2020;1093691;0;0;1;0;0;0;;;;;0;1;;;1;;;1;;;1;1;1;0;0;;;0;;0;;0;0;1
5616e7ac1f922178a3ce74abc853f328;2023-08-25T09:01:43-04:00;AAER-4450;34-98222;3M Company;3M Company;https://www.sec.gov/files/litigation/admin/2023/34-98222.pdf;01-2014;09-2018;66740;0;0;1;0;0;0;;;;;0;0;;;;;;;;;1;1;0;0;0;;;0;;0;;1;0;0
93017ec75a30b9cd331c56565023dd80;2023-08-22T15:17:13-04:00;AAER-4448;34-98194;Vivic Corp.;Vivic Corp.;https://www.sec.gov/files/litigation/admin/2023/34-98194.pdf, https://www.sec.gov/enforce/34-98192-s;07-2021;05-2022;1703073;0;1;1;0;0;0;;;;;0;1;;1;;;1;;;;0;0;0;0;0;;;0;;0;;0;0;1
a266610ac26779816a56ddd6275c6b19;2023-08-22T15:14:07-04:00;AAER-4447;34-98193;ReShape Lifesciences Inc.;ReShape Lifesciences Inc.;https://www.sec.gov/files/litigation/admin/2023/34-98193.pdf, https://www.sec.gov/enforce/34-98192-s;04-2022;08-2022;1427570;0;1;1;0;0;0;;;;;0;1;;1;;;;;;;0;0;0;0;0;;;0;;0;;0;0;1
1f45164be42c53fac1e7bd4ca8eadb03;2023-08-22T15:10:45-04:00;AAER-4446;34-98192;Omnia Wellness Inc.;Omnia Wellness Inc.;https://www.sec.gov/files/litigation/admin/2023/34-98192.pdf, https://www.sec.gov/enforce/34-98192-s;07-2021;11-2021;1676852;0;1;1;0;0;0;;;;;0;1;;1;;;1;;;;0;0;0;0;0;;;0;;0;;0;0;1
4b5772d4511ebc159793c6fb06c60bc6;2023-08-22T15:07:24-04:00;AAER-4444;34-98190;Alpine 4 Holdings, Inc.;Alpine 4 Holdings, Inc.;https://www.sec.gov/files/litigation/admin/2023/34-98190.pdf, https://www.sec.gov/enforce/34-98192-s;07-2020;11-2022;1606698;0;1;1;0;0;0;;;;;0;1;;1;;;;;;;0;0;0;0;0;;;0;;0;;0;0;1
faa9c984f6f4251ffae0bcab41ab68fc;2023-08-22T14:47:02-04:00;AAER-4443;34-98188;Black Spade Acquisition Co;Black Spade Acquisition Co;https://www.sec.gov/files/litigation/admin/2023/34-98188.pdf, https://www.sec.gov/enforce/34-98192-s;04-2021;08-2022;1851908;0;1;1;0;0;0;;;;;0;1;;1;;;;;;;0;0;0;0;0;;;0;;0;;0;0;1
3db53d5bd56892f7a65efba810db8804;2023-08-15T09:00:00-04:00;AAER-4441;33-11223, 34-98132;Malvern Bancorp, Inc., Joseph D. Gangemi;Malvern Bancorp, Inc. and Joseph D. Gangemi;https://www.sec.gov/files/litigation/admin/2023/33-11223.pdf, https://www.sec.gov/enforce/33-11223-s;12-2017;02-2021;1550603;0;1;1;0;1;1;;;;;0;1;1;;1;;1;1;;;1;1;0;0;0;;;0;;0;;0;0;1
537a2c99497e8b23676c43523638de62;2023-07-05T09:19:24-04:00;AAER-4428;33-11209, 34-97836;Co-Diagnostics, Inc.;Co-Diagnostics, Inc.;https://www.sec.gov/files/litigation/admin/2023/33-11209.pdf, https://www.sec.gov/enforce/33-11209-s;01-2018;06-2021;1692415;0;0;0;0;1;1;;;;;0;1;1;;1;;;;;;1;0;1;0;1;;;0;;0;;0;0;1
c84ffd7a31590a39bcaf54772a121b08;2023-07-03T09:19:11-04:00;AAER-4425;33-11206, 34-97829;Future FinTech Group Inc.;Future FinTech Group Inc.,;https://www.sec.gov/files/litigation/admin/2023/33-11206.pdf, https://www.sec.gov/enforce/33-11206-s;01-2016;12-2018;1066923;0;1;1;0;1;1;;;;;0;1;1;;1;;;1;;;1;1;1;0;0;;;0;;0;;0;0;1
9403a13cc58b7c21c4ab33a099f819ee;2023-06-20T16:23:23-04:00;AAER-4422;34-97761;Stanley Black & Decker, Inc.;Stanley Black & Decker, Inc.;https://www.sec.gov/files/litigation/admin/2023/34-97761.pdf;01-2017;03-2021;93556;0;0;0;0;0;0;;;;;0;1;1;;1;;;;;;0;0;0;0;1;;;0;;0;;0;0;1
7793d1673911efeda80bdf8e27437e08;2023-06-05T17:47:39-04:00;AAER-4417;33-11202, 34-97651;Cantaloupe, Inc. (f/k/a USA Technologies, Inc.);Cantaloupe, Inc. (f/k/a USA Technologies, Inc.);https://www.sec.gov/files/litigation/admin/2023/33-11202.pdf, https://www.sec.gov/enforce/33-11202-s;04-2017;03-2018;896429;0;1;1;0;1;1;;;;;0;1;1;;1;;1;1;;;1;1;0;0;0;;;0;;0;;0;0;1
25fc553925fe5f932d116fa38396b66b;2023-03-14T09:28:33-04:00;AAER-4391;33-11166, 34-97140;DXC Technology Company;DXC Technology Company;https://www.sec.gov/files/litigation/admin/2023/33-11166.pdf;01-2018;12-2019;1688568;0;1;1;0;1;1;;;;;0;1;1;;1;;1;1;;;0;0;1;0;0;;;0;;1;;0;0;1
22c11711f8208c0ad1b39a1a9e2d5b44;2023-02-14T08:28:37-05:00;AAER-4375;33-11156, 34-96909;Roadrunner Transportation Systems, Inc.;Roadrunner Transportation Systems, Inc.;https://www.sec.gov/files/litigation/admin/2023/33-11156.pdf, https://www.sec.gov/enforce/33-11156-s;07-2013;01-2017;1440024;0;1;1;1;0;0;;;;;1;1;1;;1;;1;1;;;1;1;0;0;0;;;0;;0;;0;0;1
779c041bb9001f67e3230074b83e2578;2023-02-07T08:28:37-05:00;AAER-4373;34-96819;Gentex Corporation, Kevin C. Nash;Gentex Corporation and Kevin C. Nash;https://www.sec.gov/files/litigation/admin/2023/34-96819.pdf, https://www.sec.gov/enforce/34-96819-s;07-2015;06-2018;355811;0;1;1;0;0;0;;;;;0;1;1;;;;1;1;;;1;1;1;1;0;;;0;;0;;0;0;1
aaee2f609e842e5cbe36475bab80ec4e;2022-12-19T08:27:52-05:00;AAER-4368;34-96529;Honeywell International Inc.;Honeywell International Inc. (Corrected);https://www.sec.gov/files/litigation/admin/2022/34-96529.pdf;05-2010;11-2014;773840;0;0;1;0;0;0;;;;;0;0;;;;;;;;;1;1;0;0;0;;;1;;0;;1;0;0
90749924934655664d2b397b7eb538fd;2022-11-01T09:27:55-04:00;AAER-4360;33-11129, 34-96193;Koppers Holdings Inc.;Koppers Holdings Inc.;https://www.sec.gov/files/litigation/admin/2022/33-11129.pdf, http://www.sec.gov/enforce/33-11129-s;01-2019;12-2019;1315257;0;0;0;0;0;1;;;;;0;1;1;;;;1;;;;0;0;0;0;0;;;0;;1;;0;0;1
3b291a93a5d367680c1eed18e7424ed1;2022-10-24T09:27:55-04:00;AAER-4357;33-11123, 34-96137;Cronos Group Inc.;Cronos Group Inc.;https://www.sec.gov/files/litigation/admin/2022/33-11123.pdf;01-2019;09-2019;1656472;0;1;1;1;0;0;;;;;1;1;1;;;;;1;;1;1;1;1;0;0;;;0;;0;;0;0;1
3b291a93a5d367680c1eed18e7424ed1;2022-10-24T09:27:55-04:00;AAER-4357;33-11123, 34-96137;Cronos Group Inc.;Cronos Group Inc.;https://www.sec.gov/files/litigation/admin/2022/33-11123.pdf;04-2021;06-2021;1656472;0;1;1;1;0;0;;;;;1;1;1;;;;;1;;1;1;1;1;0;0;;;0;;0;;0;0;1
da42274075672b13278f1d82491ee18a;2022-10-21T09:27:55-04:00;AAER-4355;33-11122, 34-96126;Mattel, Inc.;Mattel, Inc.;https://www.sec.gov/files/litigation/admin/2022/33-11122.pdf;07-2017;12-2017;63276;0;1;1;0;1;1;;;;;0;1;1;;1;;1;1;;;1;1;0;0;0;;;0;;0;;0;0;1
2a59ba310bf974faf24bb09ccdcb96d4;2022-09-29T09:27:58-04:00;AAER-4343;34-95943;Tupperware Brands Corporation;Tupperware Brands Corporation;https://www.sec.gov/files/litigation/admin/2022/34-95943.pdf, http://www.sec.gov/enforce/34-95943-s;01-2016;12-2020;1008654;0;0;0;0;0;0;;;;;0;0;;;;;;;;;1;1;0;0;0;;;0;;0;;0;0;1
f8e73a87922e21bfdd7356889dad1457;2022-09-23T09:28:00-04:00;AAER-4340;33-11107, 34-95889;Compass Minerals International, Inc.;Compass Minerals International, Inc.;https://www.sec.gov/files/litigation/admin/2022/33-11107.pdf;05-2017;12-2018;1227654;0;0;0;0;1;1;;;;;0;1;1;;1;;;1;;;1;1;1;0;0;;;0;;0;;0;0;1
a9cd03e9899ddc4b06c7c33984160864;2022-09-12T09:28:06-04:00;AAER-4333;33-11099, 34-95744;VMware, Inc.;VMware, Inc.;https://www.sec.gov/files/litigation/admin/2022/33-11099.pdf;02-2018;01-2020;1124610;0;0;0;0;1;1;;;;;0;1;1;;1;;1;1;;;0;0;0;0;0;;;0;;0;;0;0;1
63bf07ffe1b0fe94e5e184deef4bc140;2022-09-02T09:28:08-04:00;AAER-4330;34-95663;CHS Inc.;CHS Inc.;https://www.sec.gov/files/litigation/admin/2022/34-95663.pdf, http://www.sec.gov/enforce/34-95663-s;06-2014;12-2018;823277;0;0;0;0;0;0;;;;;0;1;1;;1;;1;1;;;1;1;0;0;0;;;0;;0;;0;0;1
9d916e9fe96f55156a83ee410cc4b5f8;2022-08-24T09:28:10-04:00;AAER-4323;34-95589;The Bancorp, Inc.;The Bancorp, Inc.;https://www.sec.gov/files/litigation/admin/2022/34-95589.pdf, http://www.sec.gov/enforce/34-95589-s;01-2017;03-2019;1295401;0;1;1;0;0;0;;;;;0;1;1;;1;;;1;;;1;1;0;0;0;;;0;;0;;0;0;1
5012f9f6452f3f94c6682672da69bf30;2022-08-16T09:28:12-04:00;AAER-4321;33-11092, 34-95505;Eagle Bancorp, Inc.;Eagle Bancorp, Inc.;https://www.sec.gov/files/litigation/admin/2022/33-11092.pdf;03-2015;04-2018;1050441;0;1;1;0;1;1;;;;;0;1;1;;1;;;;;;1;1;0;0;1;;;0;;0;;0;0;1
307ac43aeab395f9903580f28633e017;2022-06-07T09:28:17-04:00;AAER-4302;34-95049;Synchronoss Technologies, Inc.;Synchronoss Technologies, Inc.;https://www.sec.gov/files/litigation/admin/2022/34-95049.pdf;01-2013;05-2017;1131554;0;0;0;0;0;0;;;;;1;1;1;;1;;1;1;;;1;1;0;0;0;;;0;;0;;0;0;1
da6099b49d380788a4e44206ba0eaa3a;2022-04-18T09:28:22-04:00;AAER-4294;33-11052, 34-94742;Rollins, Inc., Paul Edward Northen;Rollins, Inc. and Paul Edward Northen;https://www.sec.gov/files/litigation/admin/2022/33-11052.pdf;01-2016;12-2018;84839;0;0;0;0;1;1;;;;;0;1;1;;;;1;1;;;1;1;1;0;0;;;0;;0;;0;0;1
a6910498c0e09807f4333e53c536f773;2022-02-22T08:28:26-05:00;AAER-4283;33-11032, 34-94294;Baxter International Inc., Jeffrey Schaible, Scott Bohaboy;Baxter International Inc., Jeffrey Schaible, Scott Bohaboy;https://www.sec.gov/files/litigation/admin/2022/33-11032.pdf;01-2009;07-2019;10456;0;0;1;0;1;1;;;;;0;1;;;1;;1;1;;;1;1;0;0;0;;;0;;0;;0;0;1
bdf4d9ae810e1532cb2c67d245503bf3;2021-12-15T09:27:29-05:00;AAER-4277;LR-25289;Sequential Brands Group, Inc.;Sequential Brands Group, Inc.;https://www.sec.gov/enforcement-litigation/litigation-releases/lr-25289;11-2016;12-2017;1648428;0;1;0;0;0;1;;;;;0;1;1;;1;;1;1;;;1;1;0;0;0;;;0;;0;;0;0;1
8d9ab2e4dc488421e4ec8096db94ded8;2021-12-13T08:27:13-05:00;AAER-4275;34-93753;WEX Inc.;WEX Inc.;https://www.sec.gov/files/litigation/admin/2021/34-93753.pdf, http://www.sec.gov/enforce/34-93753-s;01-2013;12-2018;1309108;0;0;0;0;0;0;;;;;0;1;;;1;;1;1;;;1;1;0;0;0;;;0;;0;;0;0;1
be82180926f07e4655001949e133082b;2021-10-15T09:27:18-04:00;AAER-4264;34-93341;Amyris, Inc.;Amyris, Inc.;https://www.sec.gov/files/litigation/admin/2021/34-93341.pdf, http://www.sec.gov/enforce/34-93341-s;01-2018;06-2018;1365916;0;1;0;0;0;0;;;;;0;1;;;;;1;1;;;1;1;0;0;0;;;0;;0;;0;0;1
2267be968275e407f7e213f63033eb3e;2021-09-03T09:27:25-04:00;AAER-4248;33-10977, 34-92874;The Kraft Heinz Co., Eduardo Pelleissone;The Kraft Heinz Co. and Eduardo Pelleissone (Corrected);https://www.sec.gov/files/litigation/admin/2021/33-10977.pdf;10-2015;12-2018;1637459;0;1;1;0;1;1;;;;;0;1;1;;1;;1;1;;;1;1;0;0;0;;;0;;0;;0;0;1
9eba0451554ef5973c00e26588da650f;2021-09-02T09:27:25-04:00;AAER-4247;33-10975, 34-92866;Pareteum Corporation;Pareteum Corporation;https://www.sec.gov/files/litigation/admin/2021/33-10975.pdf, https://www.sec.gov/enforce/33-10975-s;01-2018;06-2019;1084384;0;1;1;1;0;0;;;;;1;1;1;;1;;1;1;;;1;1;0;0;0;;;0;;0;;0;0;1
0f50511b58c9929c1053a8a306aeaa39;2021-08-24T09:27:29-04:00;AAER-4244;33-10967, 34-92735;Healthcare Services Group, Inc., John C. Shea, CPA, Derya D. Warner;Healthcare Services Group, Inc., John C. Shea, CPA and Derya D. Warner;https://www.sec.gov/files/litigation/admin/2021/33-10967.pdf;01-2014;12-2015;731012;0;1;1;0;1;1;;;;;0;1;1;;1;;1;1;;;1;1;1;0;0;;;0;;0;;0;0;1
ffd4c449084224d6e942e2e6adcb2f8d;2021-07-21T09:27:34-04:00;AAER-4228;34-92455;Tandy Leather Factory, Inc., Shannon Greene, CPA;Tandy Leather Factory, Inc. and Shannon Greene, CPA;https://www.sec.gov/files/litigation/admin/2021/34-92455.pdf;01-2016;07-2019;909724;0;0;1;0;0;0;;;;;0;1;1;;1;;;1;;;1;1;1;0;0;;;0;;0;;0;0;1
984b3b8e367494d768c4ceed4f312264;2021-05-03T09:27:43-04:00;AAER-4220;33-10940, 34-91741;Under Armour, Inc.;Under Armour, Inc.;https://www.sec.gov/files/litigation/admin/2021/33-10940.pdf;07-2015;12-2016;1336917;0;1;1;0;1;1;;;;;0;1;1;;1;;1;1;;;0;0;0;0;0;;;0;;0;;0;0;1
3f66e0ee51dc8c677a783c8a8f63b9a8;2021-04-29T09:27:44-04:00;AAER-4217;34-91721;Rokk3r, Inc.;Rokk3r, Inc.;https://www.sec.gov/files/litigation/admin/2021/34-91721.pdf;07-2019;11-2019;1100778;0;1;1;0;0;0;;;;;0;1;;1;;;1;;;;0;0;0;0;0;;;0;;0;;0;0;1
ca1d3cff811df3941e2585d1c7ba7915;2021-04-29T09:27:44-04:00;AAER-4213;34-91716;Trutankless, Inc.;Trutankless, Inc.;https://www.sec.gov/files/litigation/admin/2021/34-91716.pdf;04-2019;08-2019;1429393;0;1;1;0;0;0;;;;;0;1;;1;;;;;;;0;0;0;0;0;;;0;;0;;0;0;1
2c97f4eb760fe67c0c577b16fabcad94;2021-04-29T09:27:44-04:00;AAER-4218;34-91722;Daniels Corporate Advisory Company, Inc.;Daniels Corporate Advisory Company, Inc.;https://www.sec.gov/files/litigation/admin/2021/34-91722.pdf;04-2019;07-2019;1498291;0;1;1;0;0;0;;;;;0;1;;1;;;;;;;0;0;0;0;0;;;0;;0;;0;0;1
8bfd72323cf4055e47ed5b0b1206dfed;2021-04-29T09:27:44-04:00;AAER-4219;34-91723;HQDA Elderly Life Network, Inc.;HQDA Elderly Life Network, Inc. (Corrected);https://www.sec.gov/files/litigation/admin/2021/34-91723.pdf;07-2019;02-2020;1304730;10-2024;1;1;0;0;0;;;;;0;1;;1;;;;;;;0;0;0;0;0;;;0;;0;;0;0;1
e9e05de8f77056933cfa81463064c319;2021-04-29T09:27:44-04:00;AAER-4216;34-91719;Igen Networks Corp.;Igen Networks Corp.;https://www.sec.gov/files/litigation/admin/2021/34-91719.pdf;10-2019;05-2020;1393540;0;1;1;0;0;0;;;;;0;1;;1;;;;;;;0;0;0;0;0;;;0;;0;;0;0;1
fc67fa8acef964db48343e29618a45dd;2021-04-29T09:27:44-04:00;AAER-4212;34-91715;Fortem Resources, Inc.;Fortem Resources, Inc.;https://www.sec.gov/files/litigation/admin/2021/34-91715.pdf;03-2019;07-2019;1382231;0;1;1;0;0;0;;;;;0;1;;1;;;;;;;0;0;0;0;0;;;0;;0;;0;0;1
6313ea177d477f13e533b88f8cd8746e;2021-04-29T09:27:44-04:00;AAER-4214;34-91717;ShiftPixy, Inc.;ShiftPixy, Inc.;https://www.sec.gov/files/litigation/admin/2021/34-91717.pdf;03-2019;07-2019;1675634;0;1;1;0;0;0;;;;;0;1;;1;;;;;;;0;0;0;0;0;;;0;;0;;0;0;1
1b5da69cfbf8d34663ae8fa637f844ac;2020-12-17T08:26:32-05:00;AAER-4199;33-10907, 34-90714;Apex Global Brands Inc.;Apex Global Brands Inc.;https://www.sec.gov/files/litigation/admin/2020/33-10907.pdf, https://www.sec.gov/enforce/33-10907-s;01-2017;04-2018;844161;0;1;1;0;1;1;;;;;0;1;1;;1;;1;1;;;1;1;0;0;0;;;0;;0;;0;0;1
1655068ce13b1516aa2f99635522188c;2020-10-22T09:26:36-04:00;AAER-4191;34-90243;The Goldman Sachs Group, Inc.;The Goldman Sachs Group, Inc.;https://www.sec.gov/files/litigation/admin/2020/34-90243.pdf, https://www.sec.gov/news/press-release/2020-265;01-2012;12-2013;886982;0;0;0;;;;;;;;0;;;;;;;;;;1;1;;;;;;1;;;;1;0;0
7c30a9964cc27474b39cc050311c22b0;2012-09-24T10:24:55-04:00;AAER-3409;LR-22491;Tyco International Ltd.;Tyco International Ltd.;https://www.sec.gov/enforcement-litigation/litigation-releases/lr-22491, https://www.sec.gov/files/litigation/complaints/2012/comp-pr2012-196.pdf;10-2000;09-2009;833444;0;0;0;;;0;;;;;;;;;;;;;;;1;1;;;;;0;1;0;0;0;1;0;0
89ff5c7b1ab6ae2e63676678928a8c67;2012-09-04T10:24:53-04:00;AAER-3404;LR-22470;China Sky One Medical, Inc., Yan-qing Liu;China Sky One Medical, Inc. and Yan-qing Liu;https://www.sec.gov/enforcement-litigation/litigation-releases/lr-22470, https://www.sec.gov/files/litigation/complaints/2012/comp-pr2012-175.pdf;01-2007;12-2008;798985;08-2014;0;1;0;1;0;;0;0;0;1;1;1;0;1;;1;1;;0;1;1;0;0;0;0;0;0;0;0;0;0;0;1
193540c97e935893b616f79bff884faf;2012-08-08T10:24:52-04:00;AAER-3399;LR-22438;Pfizer Inc., Wyeth LLC;Pfizer Inc. / Wyeth LLC;https://www.sec.gov/enforcement-litigation/litigation-releases/lr-22438;01-2001;10-2004;78003;0;0;1;0;0;0;;0;0;0;0;0;0;0;0;;0;0;;0;1;1;0;0;0;0;0;0;0;0;0;1;0;0
eee8930b6bbbd942d9884ff0cbc2b899;2012-07-19T09:19:32-04:00;AAER-3394;34-67472;Huron Consulting Group Inc., Gary L. Burge, CPA, Wayne F. Lipski, CPA;Huron Consulting Group Inc., Gary L. Burge, CPA, and Wayne F. Lipski, CPA;https://www.sec.gov/files/litigation/admin/2012/34-67472.pdf;05-2005;03-2009;1289848;0;1;1;0;0;0;;0;0;0;0;1;1;0;1;;0;1;;0;1;1;0;0;0;0;0;0;0;0;0;0;0;1
812fe356906ecff6392d53674b966b6c;2012-07-03T10:24:50-04:00;AAER-3401;LR-22408;Gold Standard Mining Corp.;Gold Standard Mining Corp.;https://www.sec.gov/enforcement-litigation/litigation-releases/lr-22408, https://www.sec.gov/files/litigation/complaints/2012/comp22408.pdf;05-2009;04-2011;1444403;0;1;1;0;0;0;;0;0;0;1;1;1;0;0;;1;1;;0;1;1;0;0;0;0;0;0;0;0;0;0;0;1
b718d27d4cdd9ebed8e2fe0164a5063b;2012-06-28T10:24:50-04:00;AAER-3392;LR-22405;FalconStor Software, Inc.;FalconStor Software, Inc.;https://www.sec.gov/enforcement-litigation/litigation-releases/lr-22405;10-2007;07-2010;922521;0;1;1;0;1;1;;1;0;1;0;0;0;0;0;;0;0;;0;1;1;0;0;0;0;0;0;0;0;0;1;0;0
cff4926deec55fbb409fb50e466bb47a;2012-03-26T10:24:44-04:00;AAER-3374;LR-22306;Biomet, Inc.;Biomet, Inc.;https://www.sec.gov/enforcement-litigation/litigation-releases/lr-22306, https://www.sec.gov/files/litigation/complaints/2012/comp22306.pdf;06-2000;08-2008;351346;0;0;1;0;0;0;;0;0;0;0;0;0;0;0;;0;0;;0;1;1;0;0;0;0;0;1;0;0;0;1;0;0
73c14dd304768c4e420ba74e6c8cd458;2012-01-30T08:19:55-05:00;AAER-3358;34-66268;Symmetry Medical, Inc., Fred L. Hite;Symmetry Medical, Inc. and Fred L. Hite;https://www.sec.gov/files/litigation/admin/2012/34-66268.pdf;02-2004;09-2007;1292055;0;0;1;0;0;0;;0;0;0;0;1;1;0;1;;0;1;;0;1;1;0;0;0;0;0;0;0;0;0;0;0;1
9aa93d0d6ce350091bd78d46900b06c5;2012-01-04T09:24:40-05:00;AAER-3351;LR-22219;Life Partners Holdings, Inc., Brian D. Pardo, R. Scott Peden, David M. Martin;Life Partners Holdings, Inc., Brian D. Pardo, R. Scott Peden and David M. Martin;https://www.sec.gov/enforcement-litigation/litigation-releases/lr-22219;01-1999;11-2010;49534;0;0;1;1;0;0;;0;0;0;1;1;1;0;1;;0;1;;0;1;1;0;0;0;0;0;0;0;0;0;0;0;1
bbf413e9f49883152459da0fd2ae00a0;2011-12-20T09:24:38-05:00;AAER-3348;LR-22203;Aon Corporation;Aon Corporation;https://www.sec.gov/enforcement-litigation/litigation-releases/lr-22203;01-1983;12-2007;315293;0;0;0;0;0;0;;0;0;0;0;0;0;0;0;;0;0;;0;1;1;0;0;0;0;0;0;0;0;0;1;0;0
186f014c26b9d43239b8a57e77dd3bb8;2011-10-24T10:24:35-04:00;AAER-3330;LR-22138;Koss Corporation, Michael J. Koss;Koss Corporation and Michael J. Koss;https://www.sec.gov/enforcement-litigation/litigation-releases/lr-22138, https://www.sec.gov/files/litigation/complaints/2011/comp22138.pdf;07-2004;06-2009;56701;0;0;1;0;0;0;;0;0;0;0;1;1;0;1;;1;1;;0;1;1;0;0;0;0;0;0;0;0;0;0;0;1
0e0c28a19e638b8f916417390503217f;2011-10-13T09:18:35-04:00;AAER-3328;34-65555;Watts Water Technologies, Inc., Leesen Chang;Watts Water Technologies, Inc. and Leesen Chang;https://www.sec.gov/files/litigation/admin/2011/34-65555.pdf;04-2006;07-2009;795403;0;0;1;0;0;0;;0;0;0;0;0;0;0;0;;0;0;;0;1;1;0;0;0;0;0;0;0;0;0;1;0;0
ea10086651f37d6fef565ece1a43dd5b;2010-01-20T09:23:53-05:00;AAER-3108;LR-21384;General Re Corporation;General Re Corporation;https://www.sec.gov/enforcement-litigation/litigation-releases/lr-21384, https://www.sec.gov/files/litigation/complaints/2010/comp21384.pdf;01-1997;12-2002;317745;0;0;0;0;0;0;;;;;0;0;0;0;0;;0;0;;0;1;1;0;0;0;;;0;;0;;0;0;1
724ad50153aa1218092d63556a001876;2009-05-12T09:17:31-04:00;AAER-2968;34-59903;Ingram Micro Inc.;Ingram Micro Inc.;https://www.sec.gov/files/litigation/admin/2009/34-59903.pdf;04-1998;09-2000;1018003;0;1;1;0;0;0;;;;;0;0;0;0;0;;0;0;;0;1;1;0;0;0;;;0;;0;;0;0;1
2fe326562ae8ee6634f607ae43fd4bcb;2009-01-22T09:23:25-05:00;AAER-3033;LR-20861;General Motors Corporation;General Motors Corporation;https://www.sec.gov/enforcement-litigation/litigation-releases/lr-20861, https://www.sec.gov/files/litigation/complaints/2009/comp20861.pdf;10-2000;12-2004;40730;0;0;1;0;0;0;;;;;0;1;1;0;1;;0;1;;0;1;1;0;0;0;;;0;;0;;0;0;1
e3ed3aea1cfdd626374aabf99e259bdb;2009-01-22T08:17:42-05:00;AAER-2920;34-59277;Cablevision Systems Corporation;Cablevision Systems Corporation;https://www.sec.gov/files/litigation/admin/2009/34-59277.pdf;01-1999;09-2003;1053112;0;0;0;;;;;;;;;1;1;;1;;;1;;;1;1;;;;;;;;;;;;1
4786a8b6adc228d531c2953a0daef1c6;2006-04-25T10:22:20-04:00;AAER-2420;LR-19668;Ranko Cucuz, William D. Shovers, Jesus Bonilla-Valdez, Ronald Lee Kolakowski, HLI Operating Company, Inc., f/k/a Hayes Lemmerz International, Inc.;Ranko Cucuz, William D. Shovers, Jesus Bonilla-Valdez, Ronald Lee Kolakowski, and HLI Operating Company, Inc., f/k/a Hayes Lemmerz International, Inc.;https://www.sec.gov/enforcement-litigation/litigation-releases/lr-19668, https://www.sec.gov/files/litigation/complaints/2006/comp19668.pdf;02-1998;06-2001;893670;0;1;1;1;0;0;;;;;1;1;1;0;1;;0;1;;0;1;1;0;0;0;;;0;;0;;0;0;1
f3bf5e6f5b5f5e5c15ea9098a6a2fdb2;2006-03-20T09:22:17-05:00;AAER-2394;LR-19614;California Amplifier, Inc.;California Amplifier, Inc.;https://www.sec.gov/enforcement-litigation/litigation-releases/lr-19614;11-1999;11-2000;730255;0;1;1;0;0;0;;;;;0;1;1;0;1;;0;1;;0;1;1;0;0;0;;;0;;0;;0;0;1
315cb7c1536d0f0b4838f351e966d4ee;2005-03-21T09:21:51-05:00;AAER-2216;LR-19147, 34-51400;Time Warner Inc.;Time Warner Inc.;https://www.sec.gov/enforcement-litigation/litigation-releases/lr-19147, https://www.sec.gov/files/litigation/complaints/comp19147.pdf;03-2000;01-2002;1105705;0;1;1;1;0;0;;;;;1;1;1;0;1;;1;1;;0;1;1;0;0;0;;;0;;0;;0;0;1
2f1ed1892aa2e708fac5d9d23307e6bc;2004-11-04T08:14:16-05:00;AAER-2132;34-50632;Morgan Stanley;Morgan Stanley;https://www.sec.gov/enforcement-litigation/administrative-proceedings/34-50632;08-2000;02-2003;895421;0;1;1;0;0;0;;;;;0;1;1;0;1;;1;1;;0;1;1;0;0;0;;;0;;0;;0;0;1
fb8f9dd3a7697bc88027f8c389ce2e74;2004-09-14T09:14:22-04:00;AAER-2100;33-8486, 34-50368;Dean Foods Company, John D. Robinson;Dean Foods Company and John D. Robinson,;https://www.sec.gov/files/litigation/admin/33-8486.pdf;01-2002;03-2002;931336;0;0;0;0;1;1;;;;;0;1;1;0;0;;0;1;;0;1;0;0;0;0;;;0;;0;;0;0;1
;2004-09-14T09:14:22-04:00;AAER-2100;33-8486, 34-50368;FLEMING COMPANIES INC;Dean Foods Company and John D. Robinson,;https://www.sec.gov/files/litigation/admin/33-8486.pdf;01-2001;06-2002;352949;0;0;0;0;1;1;;;;;0;1;1;0;0;;0;1;;0;1;0;0;0;0;;;0;;0;;0;0;1
5c410e06e6052aa328c36367e0b815ab;2003-07-28T09:13:55-04:00;AAER-1821;34-48230;Citigroup, Inc.;Citigroup, Inc.;https://www.sec.gov/enforcement-litigation/administrative-proceedings/34-48230;12-1998;06-2001;831001;0;1;1;0;0;0;;;;;1;0;0;0;0;;0;0;;0;0;0;0;0;0;;;0;;0;;0;0;1
f7fbd5570948961e193e7a5332734486;2020-12-14T08:26:32-05:00;AAER-4196;33-10903, 34-90664;Belden Inc., Dennis Wiser, CPA;Belden Inc. and Dennis Wiser, CPA;https://www.sec.gov/files/litigation/admin/2020/33-10903.pdf, https://www.sec.gov/enforce/33-10903-s;01-2015;12-2015;913142;0;0;0;;1;1;;;;;0;1;1;;;;1;1;;;1;1;;;;;;;;;;;;1
f7fbd5570948961e193e7a5332734486;2020-12-14T08:26:32-05:00;AAER-4196;33-10903, 34-90664;Belden Inc., Dennis Wiser, CPA;Belden Inc. and Dennis Wiser, CPA;https://www.sec.gov/files/litigation/admin/2020/33-10903.pdf, https://www.sec.gov/enforce/33-10903-s;01-2017;12-2017;913142;0;1;0;;1;1;;;;;0;1;1;;;;1;1;;;1;1;;;;;;;;;;;;1
ac44a6c32800bf2c03ccaf85b8310ccb;2020-12-09T08:26:33-05:00;AAER-4194;33-10899, 34-90620;General Electric Company;General Electric Company;https://www.sec.gov/files/litigation/admin/2020/33-10899.pdf;01-2015;12-2017;40545;0;0;0;;1;1;;;;;0;1;1;;1;;1;1;;;1;1;1;;;;;;;1;;;;1
cbb531e945399179630f1938bc861df8;2020-10-05T10:27:09-04:00;AAER-4185;LR-24939;Hill International, Inc. et al.;Hill International, Inc. et al.;https://www.sec.gov/enforcement-litigation/litigation-releases/lr-24939;05-2014;03-2017;1287808;0;1;1;;1;1;;;;;0;1;1;;1;;1;1;;;1;1;;;;;;;;;;;;1
7d4f01f0b2db0620a132e36373691128;2020-09-30T09:26:38-04:00;AAER-4181;33-10867, 34-90050;BGC Partners, Inc.;BGC Partners, Inc.;https://www.sec.gov/files/litigation/admin/2020/33-10867.pdf, https://www.sec.gov/enforce/33-10867-s;01-2015;03-2016;1094831;0;1;1;;1;1;;;;;0;1;;;;;1;;;;;;;;;;;;;1;;;;1
9cb55ef21bc9bfe503b25dc1b08e4d69;2020-09-30T09:26:37-04:00;AAER-4183;33-10868, 34-90060;HP Inc.;HP Inc.;https://www.sec.gov/files/litigation/admin/2020/33-10868.pdf;11-2015;06-2016;47217;0;1;1;;1;1;;;;;0;1;1;;1;;;1;;;;;1;;;;;;;;;;;1
a85e281d98d8d1fbdf509b660588704d;2020-09-30T09:26:37-04:00;AAER-4182;34-90052;Hilton Worldwide Holdings Inc.;Hilton Worldwide Holdings Inc.;https://www.sec.gov/files/litigation/admin/2020/34-90052.pdf;01-2015;12-2018;1585689;0;0;0;;;;;;;;0;1;1;;1;;;;;;;;;;1;;;;;;;;;1
0a8e67faccc54ff4d7bc8c592bfd29bd;2020-09-29T09:26:38-04:00;AAER-4177;33-10860, 34-90042;Manitex International, Inc.;Manitex International, Inc.;https://www.sec.gov/files/litigation/admin/2020/33-10860.pdf;10-2014;06-2017;1302028;0;1;1;1;;;;;;;1;1;1;;1;;;1;;;1;1;;;;;;;;;;;;1
16b553a60b7b989e7d8d908f209d5893;2020-09-28T09:26:39-04:00;AAER-4175;33-10854, 34-90018;Interface, Inc., et al.;Interface, Inc., et al.;https://www.sec.gov/files/litigation/admin/2020/33-10854.pdf;04-2015;06-2016;715787;0;1;1;;1;1;;;;;0;1;1;;1;;1;1;;;1;1;;;;;;;;;;;;1
887fdb809b274fb68c8326cfddf4c417;2020-09-28T09:26:39-04:00;AAER-4174;34-90017;Fulton Financial Corporation;Fulton Financial Corporation;https://www.sec.gov/files/litigation/admin/2020/34-90017.pdf;10-2016;06-2017;700564;0;1;1;;;;;;;;0;1;1;;1;;;1;;;1;1;;;;;;;;;;;;1
43216531c532c23d691c0090b7396e48;2020-09-25T09:26:40-04:00;AAER-4171;34-90003;Aeon Global Health Corp.;Aeon Global Health Corp.;https://www.sec.gov/files/litigation/admin/2020/34-90003.pdf, https://www.sec.gov/enforce/34-90003-s;01-2016;06-2019;885074;09-2022;1;1;;;;;;;;0;1;;;;;;1;;;1;1;1;;;;;;;;;;;1
69d9b4931ff54fbae393f3b77d6b71cb;2020-09-24T10:27:08-04:00;AAER-4170;LR-24915;Revolution Lighting Technologies, Inc., et al.;Revolution Lighting Technologies, Inc., et al.;https://www.sec.gov/enforcement-litigation/litigation-releases/lr-24915, https://www.sec.gov/files/litigation/complaints/2020/comp-pr2020-221.pdf;10-2014;06-2018;917523;08-2020;1;1;1;;;;;;;1;1;1;;1;;1;1;;;1;1;;;;;;;;;;;;1
cc7332b2738567f12d1e9474e426291d;2020-09-24T09:26:41-04:00;AAER-4169;34-89984;Power Solutions International, Inc.;Power Solutions International, Inc.;https://www.sec.gov/files/litigation/admin/2020/34-89984.pdf;10-2014;12-2015;1137091;0;1;1;;;;;;;;1;1;1;;1;;1;1;;;1;1;;;;;;;;;;;;1
a5d606c4decc47f8e39956a064a26623;2020-08-28T09:26:48-04:00;AAER-4165;34-89704;Herbalife Nutrition Ltd.;Herbalife Nutrition Ltd.;https://www.sec.gov/files/litigation/admin/2020/34-89704.pdf;01-2006;12-2016;1180262;0;0;0;;;;;;;;0;;;;;;;;;;1;1;;;;;;;;;;1;;
daee2dafa68af59acc5849dd5a3779c0;2020-08-26T09:26:49-04:00;AAER-4164;34-89677;BorgWarner Inc.;BorgWarner Inc.;https://www.sec.gov/files/litigation/admin/2020/34-89677.pdf;01-2012;12-2016;908255;0;0;1;;;;;;;;0;1;;;1;;1;1;;;1;1;;;;;;;;;;;;1
49a2ab41c878cf5c13c631b11f1e0a1d;2020-08-25T09:26:50-04:00;AAER-4161;33-10822, 34-89656;Super Micro Computer, Inc.;Super Micro Computer, Inc.;https://www.sec.gov/files/litigation/admin/2020/33-10822.pdf;07-2014;06-2017;1375365;0;0;0;;1;1;;;;;0;1;1;;1;;1;1;;;1;1;;;;;;;;;;;;1
c42126297e49ab3635875e742a24890c;2020-08-06T09:26:51-04:00;AAER-4158;34-89489;World Acceptance Corporation;World Acceptance Corporation;https://www.sec.gov/files/litigation/admin/2020/34-89489.pdf;12-2010;06-2017;108385;0;1;1;;;;;;;;0;;;;;;;;;;1;1;;;;;;1;;;;1;;
f0dc04f62e5f7a3f84f29117a7919176;2020-07-31T09:26:52-04:00;AAER-4153;33-10809, 34-89442;Valeant Pharmaceuticals International, Inc., n/k/a Bausch Health Companies Inc.;Valeant Pharmaceuticals International, Inc. and n/k/a Bausch Health Companies Inc.;https://www.sec.gov/files/litigation/admin/2020/33-10809.pdf;07-2014;12-2015;885590;0;0;1;;1;1;;;;;0;1;1;;1;;1;1;;;1;1;;;;;;;;1;;;;1
5ce6b653913270916ed11ca4cb9b50eb;2020-07-02T09:26:55-04:00;AAER-4151;34-89214;Alexion Pharmaceuticals, Inc.;Alexion Pharmaceuticals, Inc.;https://www.sec.gov/files/litigation/admin/2020/34-89214.pdf;01-2010;12-2015;899866;0;0;0;;;;;;;;0;;;;;;;;;;1;1;;;;;;;;;;1;;
49b26634ef7cca5dfca42fb5ffc07a00;2020-06-23T09:26:56-04:00;AAER-4149;33-10793, 34-89133;Vereit, Inc.;Vereit, Inc.;https://www.sec.gov/files/litigation/admin/2020/33-10793.pdf, https://www.sec.gov/enforce/33-10793-s;05-2014;10-2014;1507385;0;1;1;1;;;;;;;1;1;1;;;;1;1;;;1;;;;;;;;;;;;;1
dc5938a820bbae5da7ce7628de249b5d;2020-06-04T09:26:57-04:00;AAER-4146;34-89009;Argo Group International Holdings, Ltd.;Argo Group International Holdings, Ltd.;https://www.sec.gov/files/litigation/admin/2020/34-89009.pdf;01-2014;04-2019;1091748;0;0;0;;;;;;;;0;1;1;;1;;;;;;1;1;;;1;;;;;;;;;1
25fbdfadea7ee4471f54edfda04a11f8;2019-12-20T08:25:35-05:00;AAER-4110;34-87812;Quantum Corporation;Quantum Corporation;https://www.sec.gov/files/litigation/admin/2019/34-87812.pdf, https://www.sec.gov/enforce/34-87812-s;01-2015;09-2017;709283;0;1;1;;;;;;;;0;1;;;1;;;1;;;1;1;;;;;;;;;;;;1
922b799ca9f0563a48534f6aec18459e;2019-12-12T08:25:36-05:00;AAER-4107;34-87732;Stonemor Partners L.P., Stonemor GP LLC;Stonemor Partners L.P. and Stonemor GP LLC;https://www.sec.gov/files/litigation/admin/2019/34-87732.pdf, https://www.sec.gov/enforce/34-87732-s;03-2014;11-2016;1286131;0;1;1;;;;;;;;0;1;1;;1;;1;1;;;1;1;;;;;;;;;;;;1
64814607bc4a0584190e6c6fd28127d1;2019-11-25T08:25:37-05:00;AAER-4102;34-87611;Calumet Specialty Products Partners, L.P.;Calumet Specialty Products Partners, L.P.;https://www.sec.gov/files/litigation/admin/2019/34-87611.pdf, https://www.sec.gov/enforce/34-87611-s;03-2018;03-2018;1340122;0;1;1;;;;;;;;0;1;1;;;;1;;;;;;;;;;;;;;;;;1
4651f74ed53ee7129ca91601f4e9cb16;2019-10-10T09:25:40-04:00;AAER-4099;34-87281;Northwest Biotherapeutics, Inc.;Northwest Biotherapeutics, Inc.;https://www.sec.gov/files/litigation/admin/2019/34-87281.pdf, https://www.sec.gov/enforce/34-87281-s;01-2007;12-2018;1072379;0;0;0;;;;;;;;0;;;;;;;;;;;1;1;;;;;;;;;;;1
a49c7d5561df19bb67879c697ea54c43;2019-09-27T10:26:52-04:00;AAER-4096;LR-24621;Mylan N.V.;Mylan N.V.;https://www.sec.gov/enforcement-litigation/litigation-releases/lr-24621, https://www.sec.gov/files/litigation/complaints/2019/comp-pr2019-194.pdf;10-2014;10-2016;1623613;0;1;1;;1;1;;;;;0;1;1;;1;;1;1;;;1;1;;;;;;;;;;;;1
4386f93c9a5a641af5e04838e0a7984c;2019-09-27T09:25:44-04:00;AAER-4095;33-10706, 34-87134;FCA US LLC, Fiat Chrysler Automobiles N.V.;FCA US LLC and Fiat Chrysler Automobiles N.V.;https://www.sec.gov/files/litigation/admin/2019/33-10706.pdf;08-2012;07-2016;1513153;0;1;1;1;;;;;;;1;1;1;;0;;0;0;;1;1;1;;;;;;;;;;;;1
7b721196e350e96d7eccae21e962d26d;2019-09-26T09:25:44-04:00;AAER-4094;33-10701, 34-87129;PPG Industries, Inc.;PPG Industries, Inc.;https://www.sec.gov/files/litigation/admin/2019/33-10701.pdf, https://www.sec.gov/enforce/33-10701-s;12-2016;04-2018;79879;0;1;1;1;;;;;;;1;1;1;;1;;1;1;;0;1;1;;;;;;;;;;;;1
e99393fb023a02bbd3b4a72657bef0f3;2019-09-24T09:25:47-04:00;AAER-4091;33-10692, 34-87069;Comscore, Inc.;Comscore, Inc.;https://www.sec.gov/files/litigation/admin/2019/33-10692.pdf;02-2014;02-2016;1158172;0;1;1;1;;;;;;;1;1;1;;1;;1;1;;0;1;1;;;;;;;;;;;;1
fd158675413f9032073e623cb45eba39;2019-09-23T09:25:47-04:00;AAER-4087;34-87055;TechnipFMC plc.;TechnipFMC plc.;https://www.sec.gov/files/litigation/admin/2019/34-87055.pdf, https://www.sec.gov/enforce/34-87055-s;01-2008;12-2013;1135152;0;0;0;;;;;;;;0;0;0;;0;;0;0;;0;1;1;;;;;;1;;;;1;;
d48a993bc7f8250d2226ac37adc13afa;2019-09-20T09:25:48-04:00;AAER-4081;34-87036;The Bancorp, Inc.;The Bancorp, Inc.;https://www.sec.gov/files/litigation/admin/2019/34-87036.pdf, https://www.sec.gov/enforce/34-87036-s;04-2012;09-2014;1295401;0;1;1;;;;;;;;0;1;;;1;;;1;;0;1;1;;;;;;;;;;;;1
856df126ea25c992a38a73c8f3bdb46f;2019-09-16T09:25:50-04:00;AAER-4076;33-10684, 34-86971;Marvell Technology Group, Ltd.;Marvell Technology Group, Ltd.;https://www.sec.gov/files/litigation/admin/2019/33-10684.pdf;01-2015;07-2015;1058057;0;1;1;;1;1;;;;;0;1;1;;1;;;1;;0;;;;;;;;;;;;;;1
cd65e3f8abe62d76629ffdd5bc554e83;2019-08-29T09:25:54-04:00;AAER-4069;34-86812;Juniper Networks, Inc.;Juniper Networks, Inc.;https://www.sec.gov/files/litigation/admin/2019/34-86812.pdf, https://www.sec.gov/enforce/34-86812-s;01-2008;12-2013;1043604;0;0;0;;;;;;;;0;;;;;;;;;0;1;1;;;;;;;;;;1;;
f1bc8965961e8a4eb8cc1eebd168140b;2019-08-01T09:26:01-04:00;AAER-4061;34-86538;Brixmor Property Group Inc.;Brixmor Property Group Inc.;https://www.sec.gov/files/litigation/admin/2019/34-86538.pdf;07-2013;09-2015;1581068;0;1;1;;;;;;;;1;1;1;;1;;1;1;;0;;;;;;;;;;1;;;;1
321acff0c121f2c2eaba19d29366ecfb;2019-06-20T09:26:08-04:00;AAER-4054;34-86159;Walmart Inc.;Walmart Inc.;https://www.sec.gov/files/litigation/admin/2019/34-86159.pdf;07-2000;04-2011;104169;0;1;1;;;;;;;;0;;;;;;;;;0;1;1;;;;;;;;;;1;;
f7fb3e70ccf0cd125670ef7a8db70505;2019-05-03T09:26:13-04:00;AAER-4045;33-10636, 34-85767;GT Advanced Technologies Inc.;GT Advanced Technologies Inc.;https://www.sec.gov/files/litigation/admin/2019/33-10636.pdf;04-2014;06-2014;1394954;0;1;1;;1;1;;;;;0;1;1;;;;1;1;;0;1;1;;;;;;;;;;;;1
503c5132d0751746e956c4fcdc0220b4;2019-02-15T08:26:28-05:00;AAER-4021;34-85149;Cognizant Technology Solutions Corporation;Cognizant Technology Solutions Corporation;https://www.sec.gov/files/litigation/admin/2019/34-85149.pdf;01-2014;12-2016;1058290;0;0;0;;;;;;;;0;;;;;;;;;0;1;1;;;;;;1;;;;1;;
6b4c3416360855c1965d175a7b079339;2019-01-29T08:26:30-05:00;AAER-4016;34-84995;Lifeway Foods, Inc.;Lifeway Foods, Inc.;https://www.sec.gov/files/litigation/admin/2019/34-84995.pdf;01-2007;11-2016;814586;0;0;1;;;;;;;;0;1;;;1;;;;;0;1;1;1;;;;;;;;;;;1
dc947e7fbb542b335b2f31b1079f1da2;2019-01-29T08:26:30-05:00;AAER-4018;34-84998;Digital Turbine, Inc.;Digital Turbine, Inc.;https://www.sec.gov/files/litigation/admin/2019/34-84998.pdf;04-2010;03-2018;317788;0;0;1;;;;;;;;0;;;;;;;;;0;;1;1;;;;;;;;;;;1
7b05be44ccd6d286c82d7a52e78779ec;2019-01-29T08:26:30-05:00;AAER-4015;34-84994;CytoDyn Inc.;CytoDyn Inc.;https://www.sec.gov/files/litigation/admin/2019/34-84994.pdf;06-2007;05-2017;1175680;0;0;1;;;;;;;;0;;;;;;;;;0;;1;1;;;;;;;;;;;1
db22af3732d088a9c96d830952cbeee1;2018-12-31T08:24:44-05:00;AAER-4012;33-10601, 34-84979;Hertz Global Holdings, Inc., the Hertz Corporation;Hertz Global Holdings, Inc. and the Hertz Corporation;https://www.sec.gov/files/litigation/admin/2018/33-10601.pdf, https://www.sec.gov/enforce/33-10601-s;02-2012;03-2014;1657853;0;1;1;;;;;;;;;1;1;;1;;1;1;;;1;1;;;;;;;;;;;;1
db22af3732d088a9c96d830952cbeee1;2018-12-31T08:24:44-05:00;AAER-4012;33-10601, 34-84979;Hertz Corporation;Hertz Global Holdings, Inc. and the Hertz Corporation;https://www.sec.gov/files/litigation/admin/2018/33-10601.pdf, https://www.sec.gov/enforce/33-10601-s;02-2012;03-2014;47129;0;1;1;;;;;;;;;;;;;;;;;;1;1;;;;;;;;;;;;1
e610f017fc1811a17e731b375f313c97;2018-12-26T08:24:44-05:00;AAER-4009;34-84956;ADT Inc.;ADT Inc.;https://www.sec.gov/files/litigation/admin/2018/34-84956.pdf;10-2017;05-2018;1703056;0;1;1;;;;;;;;0;1;;;;;1;;;0;;;;;;;;;;;;;;1
a82c5fe146f5caede2558948ad97bb15;2018-12-26T08:24:44-05:00;AAER-4011;34-84978;Polycom, Inc.;Polycom, Inc.;https://www.sec.gov/files/litigation/admin/2018/34-84978.pdf, https://www.sec.gov/enforce/34-84978-s;01-2006;07-2014;1010552;0;0;1;;;;;;;;0;0;;;;;;;;0;1;1;;;;;;;;;;1;;
9cfe59fd1a353f5e8c75934058216c6f;2018-12-17T08:24:47-05:00;AAER-4002;34-84829;Santander Consumer USA Holdings Inc.;Santander Consumer USA Holdings Inc.;https://www.sec.gov/files/litigation/admin/2018/34-84829.pdf, https://www.sec.gov/enforce/34-84829-s;01-2014;12-2016;1580608;0;1;0;;;;;;;;0;1;1;;1;;1;1;;0;1;1;;;;;;;;;;;;1
9d978e67fc43e8593827ada054c24837;2018-12-11T08:24:48-05:00;AAER-3999;34-84783;Eastgate Biotech Corporation;Eastgate Biotech Corporation;https://www.sec.gov/files/litigation/admin/2018/34-84783.pdf;01-2016;09-2016;1099574;0;1;1;;;;;;;;0;1;;;;;;1;;0;;;;;;;;;;;;;;1
e8af06863a48e204df4ad0f9eeeba011;2018-12-11T08:24:48-05:00;AAER-3998;34-84782;Auscrete Corporation;Auscrete Corporation;https://www.sec.gov/files/litigation/admin/2018/34-84782.pdf;04-2014;09-2015;1492091;0;1;1;;;;;;;;0;1;;;;;;1;;0;;;;;;;;;;;;;;1
7dd6aca72bbe23f6d79dc518c0a43e72;2018-12-11T08:24:48-05:00;AAER-4001;34-84785;Lotus Bio-Technology Development Corporation;Lotus Bio-Technology Development Corporation;https://www.sec.gov/files/litigation/admin/2018/34-84785.pdf;10-2016;12-2016;1520592;0;1;1;;;;;;;;0;1;;;;;;1;;0;;;;;;;;;;;;;;1
2c987c1a7013256907cfb8ed404b9ce2;2018-12-11T08:24:48-05:00;AAER-4000;34-84784;Frontier Oilfield Services, Inc.;Frontier Oilfield Services, Inc.;https://www.sec.gov/files/litigation/admin/2018/34-84784.pdf;01-2017;03-2017;1108645;0;1;1;;;;;;;;0;1;;;;;;1;;0;;;;;;;;;;;;;;1
5a729d3bf56e671e4c0f242bb96f0036;2018-12-11T08:24:48-05:00;AAER-3997;34-84781;The Hain Celestial Group, Inc.;The Hain Celestial Group, Inc.;https://www.sec.gov/files/litigation/admin/2018/34-84781.pdf;01-2014;05-2016;910406;0;0;1;;;;;;;;0;0;;;;;;;;0;1;1;;;;;;;;;;;;1
634be9b3d7101b8957174ef74636042b;2018-12-04T08:24:49-05:00;AAER-3995;34-84718, IC-33314;KCAP Financial, Inc.;KCAP Financial, Inc.;https://www.sec.gov/files/litigation/admin/2018/34-84718.pdf, https://www.sec.gov/enforce/34-84718-s;01-2010;09-2014;1372807;0;0;1;;;;;;;;0;1;1;;1;;1;1;;0;1;1;;;;;1;;;;;;;1
182d41bb6cff8300ea2e3a718e616995;2018-11-19T08:24:50-05:00;AAER-3994;34-84617;Vantage Drilling International;Vantage Drilling International;https://www.sec.gov/files/litigation/admin/2018/34-84617.pdf, https://www.sec.gov/enforce/34-84617-s;01-2008;08-2015;1465872;0;0;1;;;;;;;;0;0;;;;;;;;0;;1;;;;;0;;;;;1;;
9bd582bfd91b7b37e82af0c6d9d81526;2018-11-09T08:24:51-05:00;AAER-3993;34-84562;Pyxus International, Inc.;Pyxus International, Inc.;https://www.sec.gov/files/litigation/admin/2018/34-84562.pdf, https://www.sec.gov/enforce/34-84562-s;01-2011;06-2015;939930;0;0;1;;;;;;;;0;1;1;;1;;1;1;;0;1;1;;;;;0;;;;;;;1
c74b39b2db37ff0669516527d62d9644;2018-09-28T09:24:55-04:00;AAER-3990;34-84308;Stryker Corporation;Stryker Corporation;https://www.sec.gov/files/litigation/admin/2018/34-84308.pdf;01-2010;12-2017;310764;0;0;0;;;;;;;;0;0;;;;;;;;0;1;1;;;;;0;;;;;1;;
a270c41dbba917297c05df6089d1a5ce;2018-09-21T09:24:58-04:00;AAER-3981;34-84258;Cardiff Lexington Corporation (f/k/a Cardiff International, Inc.);Cardiff Lexington Corporation (f/k/a Cardiff International, Inc.);https://www.sec.gov/files/litigation/admin/2018/34-84258.pdf;04-2017;06-2017;811222;0;1;1;;;;;;;;0;1;;;;;;1;;0;;;;;;;0;;;;;;;1
1e2750cc9880944248aa1826d0c789b1;2018-09-21T09:24:58-04:00;AAER-3980;33-10558;Heartland Payment Systems, LLC, Robert O. Carr;Heartland Payment Systems, LLC, f/k/a Heartland Payment Systems, Inc. and Robert O. Carr;https://www.sec.gov/files/litigation/admin/2018/33-10558.pdf, https://www.sec.gov/enforce/33-10558-s;01-2013;12-2015;1144354;0;0;0;;1;1;;;;;0;0;;;;;;;;0;;;;;;;0;;;;;;;1
e3c5ad936997c98d182e814b0888d244;2018-09-21T09:24:58-04:00;AAER-3978;34-84251;Primoris Services Corporation;Primoris Services Corporation;https://www.sec.gov/files/litigation/admin/2018/34-84251.pdf, https://www.sec.gov/enforce/34-84251-s;01-2014;12-2014;1361538;0;0;0;;;;;;;;0;0;;;;;;;;0;1;1;1;;;;0;;;;;;;1
7b3cd00cf055ae661d5678fbb227aca4;2018-09-21T09:24:57-04:00;AAER-3984;34-84262;First Hartford Corporation;First Hartford Corporation;https://www.sec.gov/files/litigation/admin/2018/34-84262.pdf;08-2012;01-2013;36369;0;1;1;;;;;;;;0;1;;;;;;1;;0;;;;;;;0;;;;;;;1
ea3c1c07cf36cf46c35573178d134aa7;2018-09-21T09:24:57-04:00;AAER-3983;34-84261;Dasan Zhone Solutions, Inc.;Dasan Zhone Solutions, Inc.;https://www.sec.gov/files/litigation/admin/2018/34-84261.pdf;04-2016;09-2016;1101680;0;1;1;;;;;;;;0;1;;;;;;1;;0;;;;;;;0;;;;;;;1
5a2f1a8aec19e79e577ca247a5516ad7;2018-09-21T09:24:57-04:00;AAER-3985;34-84263;Infrax Systems, Inc.;Infrax Systems, Inc.;https://www.sec.gov/files/litigation/admin/2018/34-84263.pdf;10-2015;03-2016;1380277;0;1;1;;;;;;;;0;1;;;;;;1;;0;;;;;;;0;;;;;;;1
d7ffc30a5a76568256596616de62f16d;2018-09-21T09:24:57-04:00;AAER-3982;34-84260;Cool Technologies, Inc.;Cool Technologies, Inc.;https://www.sec.gov/files/litigation/admin/2018/34-84260.pdf;01-2013;06-2013;1399352;0;1;1;;;;;;;;0;1;;;;;;1;;0;;;;;;;0;;;;;;;1
;2018-09-21T09:24:57-04:00;AAER-3982;34-84260;Cool Technologies, Inc.;Cool Technologies, Inc.;https://www.sec.gov/files/litigation/admin/2018/34-84260.pdf;04-2016;06-2016;1399352;0;1;1;;;;;;;;0;1;;;;;;1;;0;;;;;;;0;;;;;;;1
8cea3d08f5a0edf5b1f7db6e80377652;2018-09-20T09:24:59-04:00;AAER-3977;33-10557, 34-84233;Barrett Business Services, Inc., Mark Cannon, CPA;Barrett Business Services, Inc. and Mark Cannon, CPA;https://www.sec.gov/files/litigation/admin/2018/33-10557.pdf;01-2012;11-2015;902791;0;0;0;1;;;;;;;1;1;1;;1;;1;1;;0;1;1;;;;;0;;;;;;;1
71d66c56e19f50b02e297905fe263bf5;2018-08-27T09:25:07-04:00;AAER-3961;34-83948;Legg Mason, Inc.;Legg Mason, Inc.;https://www.sec.gov/files/litigation/admin/2018/34-83948.pdf;05-2004;03-2009;704051;0;0;0;;;;;;;;0;0;;;;;;;;0;;1;;;;;0;;;;;1;;
110613d91cfa26d3d839d7fd283cc4f3;2018-08-16T09:25:10-04:00;AAER-3958;34-83858;Citigroup Inc.;Citigroup Inc.;https://www.sec.gov/files/litigation/admin/2018/34-83858.pdf;01-2008;02-2014;831001;0;0;1;;;;;;;;0;0;;;;;;;;0;;1;;;;;0;;;;;;;1
a711586647ee0a94457302d48d2adda0;2018-07-10T09:25:15-04:00;AAER-3949;33-10517, 34-83612;Advanced Drainage Systems, Inc., Mark B. Sturgeon, CPA;Advanced Drainage Systems, Inc. and Mark B. Sturgeon, CPA;https://www.sec.gov/files/litigation/admin/2018/33-10517.pdf, https://www.sec.gov/enforce/33-10517-s;07-2014;03-2015;1604028;0;1;1;;1;1;;;;;0;1;1;;;;1;1;;0;1;1;;;;;0;;;;;;;1
23d81e9b38867ff4b6df2a7ac56d366c;2018-07-02T10:26:28-04:00;AAER-3945;LR-24181;Axesstel, Inc., et al.;Axesstel, Inc., et al.;https://www.sec.gov/enforcement-litigation/litigation-releases/lr-24181, https://www.sec.gov/files/litigation/complaints/2018/comp24181.pdf;10-2012;03-2013;1092492;10-2017;1;1;;;;;;;;1;1;1;;1;;1;1;;0;1;1;;;;;0;;;;;;;1
c925dbee4ee063b812ba95086175eec5;2018-07-02T09:25:15-04:00;AAER-3944;34-83575;Beam Inc., n/k/a Beam Suntory Inc.;Beam Inc., n/k/a Beam Suntory Inc.;https://www.sec.gov/files/litigation/admin/2018/34-83575.pdf, https://www.sec.gov/enforce/34-83575-s;01-2006;09-2012;789073;0;0;1;;;;;;;;0;0;;;;;;;;0;1;1;;;;;0;;;;;1;;
64b1a391ffa9e9c761e503f113076676;2018-07-02T09:25:15-04:00;AAER-3947;34-83581;The Dow Chemical Company;The Dow Chemical Company;https://www.sec.gov/files/litigation/admin/2018/34-83581.pdf, https://www.sec.gov/enforce/34-83581-s;01-2011;12-2015;29915;0;0;0;;;;;;;;0;1;1;;1;;;;;0;;;;;1;;0;;;;;;;1
161e6817f3904e2f019e0f2ba92a2ff0;2018-04-24T09:25:25-04:00;AAER-3937;33-10485, 34-83096;Altaba Inc., Yahoo! Inc.;Altaba Inc. and f/d/b/a Yahoo! Inc.;https://www.sec.gov/files/litigation/admin/2018/33-10485.pdf;10-2014;09-2016;1011006;0;0;1;;1;1;;;;;0;1;1;;1;;1;1;;0;;;1;;;;0;;;;;;;1
2d38a8a4e7cf76ae6101c85679b22f6d;2018-04-23T09:25:25-04:00;AAER-3936;34-83088;The Dun & Bradstreet Corporation;The Dun & Bradstreet Corporation;https://www.sec.gov/files/litigation/admin/2018/34-83088.pdf, https://www.sec.gov/enforce/34-83088-s;01-2006;03-2012;1115222;0;0;1;;;;;;;;0;0;;;;;;;;0;1;1;;;;;0;;;;;1;;
876428e19deb33394d0cc389ac049664;2018-04-19T09:25:26-04:00;AAER-3935;34-83067;Medifirst Solutions, Inc., Bruce J. Schoengood;Medifirst Solutions, Inc. and Bruce J. Schoengood;https://www.sec.gov/files/litigation/admin/2018/34-83067.pdf, https://www.sec.gov/enforce/34-83067-s;10-2015;02-2016;1522704;05-2022;1;1;;;;;;;;0;0;;;;;;;;0;;;;;;;0;;;;1;;;1
bf48c8b25ef8e89088e1f209317a0214;2018-03-27T09:25:28-04:00;AAER-3932;33-10472, 34-82950;Maxwell Technologies, Inc., et al.;Maxwell Technologies, Inc., et al.;https://www.sec.gov/files/litigation/admin/2018/33-10472.pdf;12-2011;01-2013;319815;0;1;1;1;;;;;;;1;1;1;;1;;1;1;;0;1;1;;;;;0;;;;0;;;1
7e06088468ea97c18f9a80841740b7c1;2018-03-26T10:26:22-04:00;AAER-3931;LR-24082;Akorn, Inc., Timothy Dick, David Hebeda;Akorn, Inc., Timothy Dick, and David Hebeda;https://www.sec.gov/enforcement-litigation/litigation-releases/lr-24082, https://www.sec.gov/files/litigation/complaints/2018/comp24082.pdf;01-2014;12-2014;3116;0;0;0;;;;;;;;0;1;1;;1;;1;1;;0;1;1;;;;;0;;;;0;;;1
43a4cb33c8248d5c1cd06f4dd70af10c;2017-11-03T10:26:16-04:00;AAER-3905;LR-23978;Osiris Therapeutics, Inc., et al.;Osiris Therapeutics, Inc., et al.;https://www.sec.gov/enforcement-litigation/litigation-releases/lr-23978;01-2014;12-2015;1360886;0;0;0;1;;;;;;;1;1;1;;1;;1;1;;0;1;1;;;;;0;;;;0;;;1
4d019a26ddd1ca627f0117e1503d6523;2017-07-27T09:24:17-04:00;AAER-3884;34-81222;Halliburton Company, Jeannot Lorenz;Halliburton Company and Jeannot Lorenz;https://www.sec.gov/files/litigation/admin/2017/34-81222.pdf;04-2009;04-2011;45012;0;1;1;;;;;;;;0;0;;;;;;;;0;1;1;;;;;0;;;;0;1;;
78cf757e8ff90669fd800309770da137;2017-05-01T09:24:27-04:00;AAER-3869;33-10352, 34-80564;MagnaChip Semiconductor Corporation, Margaret Hye-Ryoung Sakai, CPA;MagnaChip Semiconductor Corporation and Margaret Hye-Ryoung Sakai, CPA;https://www.sec.gov/files/litigation/admin/2017/33-10352.pdf;06-2011;12-2013;1325702;0;1;1;1;;;;;;;1;1;1;;1;;1;1;;0;1;1;;;;;0;;;;0;;;1
b663969acf93eb497b920be7bda492c8;2017-04-10T09:24:30-04:00;AAER-3865;33-10337, 34-80407;Galena Biopharma, Inc., Mark J. Ahn;Galena Biopharma, Inc. and Mark J. Ahn;https://www.sec.gov/files/litigation/admin/2017/33-10337.pdf;01-2012;02-2014;1390478;0;1;1;1;1;1;1;1;1;1;1;1;1;;1;;;1;;0;1;1;;;;;0;;;;0;;;1
045689156a4079d09137ad6fdedcb891;2017-02-03T09:26:03-05:00;AAER-3859;LR-23741;Ixia, Victor Alston;Ixia and Victor Alston;https://www.sec.gov/enforcement-litigation/litigation-releases/lr-23741, https://www.sec.gov/files/litigation/complaints/2017/comp23741.pdf;05-2012;06-2013;1120295;0;1;0;;;;;0;0;0;0;1;1;;1;;;;;0;1;1;;;;;0;;;;0;;;1
86f1426afc7626105f27c58d0af97191;2017-01-23T08:24:40-05:00;AAER-3855;33-10286, 34-79857;Overseas Shipholding Group, Inc., Myles Robert Itkin;Overseas Shipholding Group, Inc. and Myles Robert Itkin;https://www.sec.gov/files/litigation/admin/2017/33-10286.pdf;01-2000;06-2012;75208;0;0;1;;1;1;;0;0;0;0;1;1;;1;;1;1;;0;1;1;;;;;0;;;;0;;;1
3d2cebadfc6a99d8a23057f3138c0870;2017-01-19T08:24:40-05:00;AAER-3852;34-79844;HomeStreet, Inc., Darrell Van Amen;HomeStreet, Inc. and Darrell Van Amen;https://www.sec.gov/files/litigation/admin/2017/34-79844.pdf;07-2011;06-2014;1518715;0;1;1;;;;;0;0;0;0;0;;;;;;;;0;1;1;;;;;0;;;;0;;;1
13ac56d4a77c9e2a644bc96d3cbbe5f8;2017-01-18T08:24:41-05:00;AAER-3850;34-79825;General Motors Company;General Motors Company;https://www.sec.gov/files/litigation/admin/2017/34-79825.pdf;04-2012;09-2014;1467858;0;1;1;;;;;0;0;0;0;0;;;;;;;;0;;1;;;;;0;;;;0;;;1
18260d13e000debc6a39cd75afbe2436;2017-01-12T08:24:43-05:00;AAER-3843;34-79780;Biomet, Inc.;Biomet, Inc.;https://www.sec.gov/files/litigation/admin/2017/34-79780.pdf;06-2008;09-2013;351346;0;0;1;;;;;0;0;0;0;0;;;;;;;;0;1;1;;;;;0;1;0;;0;1;;
43e058b0ab4a527bc6b9c336b8768d15;2017-01-11T08:24:43-05:00;AAER-3844;34-79772;L3 Technologies, Inc.;L3 Technologies, Inc.;https://www.sec.gov/files/litigation/admin/2017/34-79772.pdf;08-2013;06-2014;1039101;0;1;1;;;;;0;0;0;0;0;;;;;;;;0;1;1;;;;;0;;0;;0;;;1
c0846d6cbb0c9460bfd0670990f51fc7;2017-01-06T08:24:43-05:00;AAER-3841;34-79753;Cadbury Limited, Mondelez International, Inc.;Cadbury Limited and Mondelez International, Inc.;https://www.sec.gov/files/litigation/admin/2017/34-79753.pdf, https://www.sec.gov/files/litigation/admin/2017/34-79753-s.pdf;02-2010;12-2010;1103982;0;1;1;;;;;0;0;0;0;0;;;;;;;;0;1;1;;;;;0;;0;;0;1;;
c007c6006133facfbf8a330a9ddfad1f;2016-12-21T08:22:52-05:00;AAER-3835;34-79650;Jack Henry & Associates, Inc.;Jack Henry & Associates, Inc.;https://www.sec.gov/files/litigation/admin/2016/34-79650.pdf, https://www.sec.gov/files/litigation/admin/2016/34-79650-s.pdf;07-2011;06-2014;779152;0;1;1;;;;;0;0;0;0;1;1;;1;;1;1;;0;1;1;;;;;0;;0;;0;;;1
3af618a4e5f39c67e807e0a43a3a8530;2016-12-02T08:22:56-05:00;AAER-3833;34-79454;United Continental Holdings, Inc.;United Continental Holdings, Inc.;https://www.sec.gov/files/litigation/admin/2016/34-79454.pdf;02-2011;03-2014;100517;0;1;0;;;;;0;0;0;0;0;;;;;;;;0;1;1;;;;;0;;0;;0;1;;
80432b7ad8104a0755fe21c5f25cbed4;2016-11-17T08:22:58-05:00;AAER-3824;34-79335;JP Morgan Chase & Co.;JP Morgan Chase & Co.;https://www.sec.gov/files/litigation/admin/2016/34-79335.pdf;01-2006;06-2013;19617;0;0;0;;;;;0;0;0;0;0;;;;;;;;0;1;1;;;;;0;1;0;;0;1;;
2759d483b50146da05672d21fd18c786;2016-11-07T08:22:59-05:00;AAER-3822;34-79256;Powersecure International, Inc.;Powersecure International, Inc.;https://www.sec.gov/files/litigation/admin/2016/34-79256.pdf;01-2012;12-2014;882154;0;1;1;;;;;0;0;0;0;1;1;;1;;;1;;0;1;1;;;;;0;;0;;0;;;1
e56768a69768b577be990c599fcf0bf0;2016-10-20T09:23:02-04:00;AAER-3816;34-79127;FMC Technologies, Inc., Jeffrey Favret, CPA, Steven K. Croft, CPA;FMC Technologies, Inc., Jeffrey Favret, CPA and Steven K. Croft, CPA;https://www.sec.gov/files/litigation/admin/2016/34-79127.pdf;01-2013;06-2014;1135152;0;1;1;;;;;0;0;0;0;0;;;;;;;;0;1;1;;;;;0;;0;;0;;;1
18600042b308876ad8f457d7952b3407;2016-09-27T09:23:07-04:00;AAER-3806;33-10221, 34-78944;Weatherford International PLC, et al.;Weatherford International PLC, et al.;https://www.sec.gov/files/litigation/admin/2016/33-10221.pdf;01-2007;12-2012;1453090;0;0;0;1;;;;0;0;0;1;1;1;;1;;1;1;;0;1;1;;;;;0;;0;;0;;;1
e7b1f6d3d612c0bcb2515bfd189f4d12;2016-09-27T09:23:06-04:00;AAER-3807;33-10222, 34-78947;Orrstown Financial Services, Inc., et al.;Orrstown Financial Services, Inc., et al.;https://www.sec.gov/files/litigation/admin/2016/33-10222.pdf, https://www.sec.gov/files/litigation/admin/2016/33-10222-s.pdf;04-2010;12-2011;826154;0;1;1;;1;1;;0;0;0;0;1;1;;1;;;1;;0;1;1;;;;;0;;0;;0;;;1
a0758a2db8f8f58569b794dfc09df4d2;2016-09-21T09:23:08-04:00;AAER-3804;34-78896;Park National Corporation;Park National Corporation;https://www.sec.gov/files/litigation/admin/2016/34-78896.pdf, https://www.sec.gov/files/litigation/admin/2016/34-78896-s.pdf;01-2010;09-2011;805676;0;1;1;;;;;0;0;0;0;1;1;;1;;;1;;0;1;1;;;;;0;;0;;0;;;1
34344e29513bb18f4788b056fdca2cd3;2016-08-11T09:23:21-04:00;AAER-3794;34-78558;Key Energy Services, Inc.;Key Energy Services, Inc.;https://www.sec.gov/files/litigation/admin/2016/34-78558.pdf, https://www.sec.gov/files/litigation/admin/2016/34-78558-s.pdf;08-2010;04-2013;318996;0;1;0;;;;;0;0;0;0;0;;;;;;;;0;1;1;;;;;0;;0;;0;1;;
15ffba10b89ddb8a80b6f4de04c8685b;2016-07-15T09:23:24-04:00;AAER-3789;34-78341;The Phoenix Companies, Inc.;The Phoenix Companies, Inc.;https://www.sec.gov/files/litigation/admin/2016/34-78341.pdf, https://www.sec.gov/files/litigation/admin/2016/34-78341-s.pdf;01-2009;12-2011;1129633;0;1;1;;;;;0;0;0;0;1;;;1;;;1;;0;1;1;;;;;0;;0;;0;;;1
16c286a28f41b36a3010fe0ad590cf8e;2016-06-21T09:23:28-04:00;AAER-3784;34-78113;Analogic Corporation, Lars Frost;Analogic Corporation and Lars Frost;https://www.sec.gov/files/litigation/admin/2016/34-78113.pdf;12-2001;03-2011;6284;0;1;0;;;;;0;0;0;0;0;;;;;;;;0;1;1;;;;;0;;0;;0;1;;
4d7584e5f36cb4858405cc5eaea4321c;2016-06-08T09:23:30-04:00;AAER-3782;34-78017;IEC Electronics Corp., Ronald J. Years, CPA, Donald S. Doody;IEC Electronics Corp., Ronald J. Years, CPA and Donald S. Doody;https://www.sec.gov/files/litigation/admin/2016/34-78017.pdf;04-2012;12-2012;49728;0;1;1;;;;;0;0;0;1;1;1;;1;;1;1;;0;1;1;;;;;0;;0;;0;;;1
98d42947eb4ffc11ba06fea7716ca394;2016-05-24T09:23:32-04:00;AAER-3775;33-10081, 34-77887;Swisher Hygiene Inc.;Swisher Hygiene Inc.;https://www.sec.gov/files/litigation/admin/2016/33-10081.pdf;01-2011;12-2011;1504747;0;1;1;1;;;;0;0;0;1;1;1;;;;1;1;;0;1;1;;;;;0;;0;;0;;;1
6284ab2e308168fe6e966d71143650e3;2016-04-26T09:23:35-04:00;AAER-3770;34-77717;Cabela's Incorporated, Ralph W. Castner, CPA;Cabela's Incorporated and Ralph W. Castner, CPA;https://www.sec.gov/files/litigation/admin/2016/34-77717.pdf, https://www.sec.gov/files/litigation/admin/2016/34-77717-s.pdf;01-2012;12-2012;1267130;0;1;1;;;;;0;0;0;0;1;1;;1;;;1;;0;1;1;;;;;0;;0;;0;;;1
20889b915ec9fcaffd2b666e52631263;2016-04-19T09:23:37-04:00;AAER-3766;33-10068, 34-77645;Ener1, Inc., et al.;Ener1, Inc., et al.;https://www.sec.gov/files/litigation/admin/2016/33-10068.pdf;01-2010;06-2011;895642;0;1;1;;1;1;;0;0;0;0;1;1;;1;;;1;;0;1;1;;;;;0;;0;;0;;;1
41ebf1945690b9be62e522d2a8b7d573;2016-04-19T09:23:37-04:00;AAER-3765;34-77644;Logitech International, S.A., Michael Doktorczyk, Sherralyn Bolles, CPA;Logitech International, S.A., Michael Doktorczyk and Sherralyn Bolles, CPA;https://www.sec.gov/files/litigation/admin/2016/34-77644.pdf;01-2008;03-2013;1032975;0;0;1;;;;;0;0;0;1;1;1;;1;;1;1;;0;1;1;;;;;0;;0;;0;;;1
ef058bcbbd04b219fed189863f1c5a63;2016-04-12T09:23:38-04:00;AAER-3764;34-77596;INTL FCStone Inc.;INTL FCStone Inc.;https://www.sec.gov/files/litigation/admin/2016/34-77596.pdf;10-2009;06-2013;913760;0;0;1;;;;;0;0;0;0;1;1;;1;;1;1;;0;1;1;;;;;0;;0;;0;;;1
fc9f3516339e0798ece90b38b30a9600;2016-03-10T08:23:41-05:00;AAER-3756;34-77345;Magnum Hunter Resources Corporation;Magnum Hunter Resources Corporation;https://www.sec.gov/files/litigation/admin/2016/34-77345.pdf;12-2011;09-2013;1335190;0;0;1;;;;;0;0;0;0;1;;;1;;;1;;0;1;1;1;;;;0;;0;;0;;;1
b5cca85d1dfd93b06c015076d1e50a93;2016-03-01T08:23:43-05:00;AAER-3751;34-77261;Qualcomm Incorporated;Qualcomm Incorporated;https://www.sec.gov/files/litigation/admin/2016/34-77261.pdf;01-2002;12-2012;804328;0;0;0;;;;;0;0;0;0;0;;;;;;;;0;1;1;;;;;0;1;0;;0;1;;
f1569b46c8ab31fd97335773b5f2726a;2016-02-16T08:23:45-05:00;AAER-3743;34-77145;PTC Inc.;PTC Inc.;https://www.sec.gov/files/litigation/admin/2016/34-77145.pdf, https://www.sec.gov/files/litigation/admin/2016/34-77145-dpa.pdf;01-2006;12-2011;857005;0;0;0;;;;;0;0;0;0;0;;;;;;;;0;1;1;;;;;0;1;0;;0;1;;
df5fddd5bd7f3127a439dd14185e69e8;2016-02-09T08:23:46-05:00;AAER-3741;33-10037, 34-77087;Monsanto Company, et al.;Monsanto Company, et al.;https://www.sec.gov/files/litigation/admin/2016/33-10037.pdf;09-2008;08-2011;1110783;0;0;1;;1;1;;0;0;0;0;1;1;;1;;1;1;;0;1;1;;;;;0;;0;;0;;;1
56a46e5b44fd581d5090ed3a4a43f6d2;2016-02-04T08:23:47-05:00;AAER-3739;34-77058;SciClone Pharmaceuticals, Inc.;SciClone Pharmaceuticals, Inc.;https://www.sec.gov/files/litigation/admin/2016/34-77058.pdf, https://www.sec.gov/files/litigation/admin/2016/34-77058-s.pdf;01-2007;12-2012;880771;0;0;0;;;;;0;0;0;0;0;;;;;;;;0;1;1;;;;;0;1;0;;0;1;;
49489b1eaa9f7912dfa0b4929bf0d007;2016-01-20T08:23:50-05:00;AAER-3733;34-76938;Ocwen Financial Corp.;Ocwen Financial Corp.;https://www.sec.gov/files/litigation/admin/2016/34-76938.pdf;10-2012;03-2014;873860;0;0;1;;;;;0;0;0;0;1;1;;1;;1;1;;0;1;1;;;;;0;;0;;0;;;1
57397b8081364d9fc0598451d6668b7f;2016-01-12T08:23:52-05:00;AAER-3731;33-10002, 34-76876;Miller Energy Resources, Inc., Boyd, Paul W., CPA, Hall, David M., Vogt, Carlton W., III, CPA;Miller Energy Resources, Inc. Boyd, Paul W., CPA Hall, David M. Vogt, Carlton W., III, CPA;https://www.sec.gov/files/litigation/admin/2016/33-10002.pdf;12-2009;04-2010;785968;0;1;1;;1;1;;0;0;0;0;1;1;;1;;1;1;;0;1;1;;;;;0;;0;;0;;;1
4a8564e9faaaf2175ceaaf1e9357696f;2015-10-27T09:21:57-04:00;AAER-3716;33-9967, 34-76275;The St. Joe Company, et al.;The St. Joe Company, et al.;https://www.sec.gov/files/litigation/admin/2015/33-9967.pdf;01-2009;03-2011;745308;0;1;1;;1;1;;0;0;0;0;1;1;;1;;1;1;;0;1;1;;;;;0;;0;;0;;;1
c237d99896c43be6b85cb2e56b098b5c;2015-10-05T09:22:01-04:00;AAER-3713;34-76074;Home Loan Servicing Solutions, Ltd.;Home Loan Servicing Solutions, Ltd.;https://www.sec.gov/files/litigation/admin/2015/34-76074.pdf;03-2012;03-2014;1513161;0;1;0;;;;;0;0;0;0;1;1;;1;;1;1;;0;1;1;;;;;0;;0;;0;;;1
c119f791e3e9df0459c506ad005afeec;2015-09-28T09:22:04-04:00;AAER-3706;33-9930, 34-75997;Trinity Capital Corporation;Trinity Capital Corporation;https://www.sec.gov/files/litigation/admin/2015/33-9930.pdf;01-2010;06-2012;99771;0;1;1;1;;;;0;0;0;1;1;1;;1;;;1;;0;1;1;;;;;0;;0;;0;;;1
faa86a0de932bd76bd57508f81a4a5f4;2015-09-22T09:22:05-04:00;AAER-3704;34-75958;Stein Mart, Inc.;Stein Mart, Inc.;https://www.sec.gov/files/litigation/admin/2015/34-75958.pdf;01-2010;11-2012;884940;0;0;1;;;;;0;0;0;0;1;1;;1;;1;1;;0;1;1;;;;;0;;0;;0;;;1
dd8b93ce7cd4f06aabc0c2844b4df046;2015-09-08T09:22:09-04:00;AAER-3683;33-9901, 34-75849;Bankrate, Inc., Hyunjin Lerner, CPA;Bankrate, Inc. and Hyunjin Lerner, CPA;https://www.sec.gov/files/litigation/admin/2015/33-9901.pdf;04-2012;06-2012;1518222;0;1;1;1;;;;0;0;0;1;1;1;;;;1;1;;0;1;1;;;;;0;;0;;0;;;1
45e0110d696aa10576273edf4a69272e;2015-08-18T09:22:11-04:00;AAER-3679;34-75720;The Bank of New York Mellon Corporation;The Bank of New York Mellon Corporation;https://www.sec.gov/files/litigation/admin/2015/34-75720.pdf;02-2010;02-2011;1390777;0;1;1;;;;;0;0;0;0;0;;;;;;;;0;;1;;;;;0;1;0;;0;1;;
a8c8f314cd48d2bfc99bee124f5e2879;2015-06-05T09:22:28-04:00;AAER-3662;33-9804, 34-75110;Computer Sciences Corporation, et al.;Computer Sciences Corporation, et al.;https://www.sec.gov/files/litigation/admin/2015/33-9804.pdf;02-2009;09-2011;23082;0;1;1;1;;;;0;0;0;1;1;1;;1;;;1;;0;1;1;;;;;0;;0;;0;;;1
3aa592ca484b87d6f10fd9d530438532;2015-06-01T09:22:29-04:00;AAER-3660;34-75086;First Bancorp, Anna Hollers, Teresa Nixon;First Bancorp, Anna Hollers and Teresa Nixon (Corrected Order);https://www.sec.gov/files/litigation/admin/2015/34-75086.pdf;01-2009;12-2011;811589;0;0;1;;;;;0;0;0;0;1;;;1;;;;;0;;1;1;;;;0;;0;;0;;;1
846dceea29e025f39fcb5d1c3ee73d86;2015-02-24T08:22:44-05:00;AAER-3640;34-74356;The Goodyear Tire & Rubber Company;The Goodyear Tire & Rubber Company;https://www.sec.gov/files/litigation/admin/2015/34-74356.pdf;01-2007;12-2011;42582;0;0;0;;;;;0;0;0;0;0;;;;;;;;0;1;1;;;;;0;;0;;0;1;;
a9d04e7baac60afdbfccd5c81f7f0de0;2015-02-13T08:22:45-05:00;AAER-3638;33-9725, 34-74273;Traci J. Anderson, CPA, Timothy W. Carnahan, CYIOS Corporation;Anderson, Traci J., CPA Carnahan, Timothy W. CYIOS Corporation;https://www.sec.gov/files/litigation/admin/2015/33-9725.pdf;08-2010;06-2014;1091566;0;1;1;;1;1;;0;0;0;0;1;;;1;;;1;;0;;;;;;;0;;0;;1;;;1
5442497ef40935dbd868730b1e14463e;2015-01-28T08:22:48-05:00;AAER-3622;33-9714, 34-74161;First National Community Bancorp Inc., William Lance;First National Community Bancorp Inc. and William Lance;https://www.sec.gov/files/litigation/admin/2015/33-9714.pdf;01-2009;06-2010;1035976;0;0;1;;1;;;0;0;0;0;1;1;;1;;;1;;0;1;1;;;;;0;;0;;0;;;1
4543cac305743bd4c0dfe41d0b29bec1;2014-12-17T09:25:32-05:00;AAER-3616;LR-23159;Avon Products, Inc.;Avon Products, Inc.;https://www.sec.gov/enforcement-litigation/litigation-releases/lr-23159, https://www.sec.gov/files/litigation/complaints/2014/comp-pr2014-285.pdf;01-2004;09-2008;8868;0;0;1;;;;;0;0;0;0;0;;;;;;;;0;1;1;;;;;0;;0;;0;1;;
263bfe6d249d57a58a6c94c338960779;2014-12-15T08:20:51-05:00;AAER-3611;34-73835;Bruker Corporation;Bruker Corporation;https://www.sec.gov/files/litigation/admin/2014/34-73835.pdf;01-2005;12-2011;1109354;0;0;0;;;;;0;0;0;0;0;;;;;;;;0;1;1;;;;;0;;0;;0;1;;
227d64db74b2994f1b534a751ab744bc;2014-12-05T08:20:52-05:00;AAER-3600;34-73750;Hampton Roads Bankshares, Inc.;Hampton Roads Bankshares, Inc.;https://www.sec.gov/files/litigation/admin/2014/34-73750.pdf;01-2009;03-2010;1143155;0;0;1;;;;;0;0;0;0;1;1;;1;;;1;;0;1;1;;;;;0;;0;;0;;;1
7ad7ba7f6b8861ef1e728493b0a67b8f;2014-11-03T08:20:58-05:00;AAER-3594;34-73496;Bio-Rad Laboratories, Inc.;Bio-Rad Laboratories, Inc.;https://www.sec.gov/files/litigation/admin/2014/34-73496.pdf;01-2005;03-2010;12208;0;0;0;;;;;0;0;0;0;0;;;;;;;;0;1;1;;;;;0;1;0;;0;1;;
e382302d59038c4b39165b2eebdd51d1;2014-10-27T09:20:59-04:00;AAER-3593;34-73434;Great Lakes Dredge & Dock Corporation;Great Lakes Dredge & Dock Corporation;https://www.sec.gov/files/litigation/admin/2014/34-73434.pdf;04-2012;09-2012;1372020;0;1;1;;;;;;;;;1;1;;;;;1;;;1;1;;;;;;;;;;;;1
d0b801e2051b8c4895035c1f79ed5577;2014-09-29T09:21:03-04:00;AAER-3588;34-73243;Bank of America Corporation;Bank of America Corporation;https://www.sec.gov/files/litigation/admin/2014/34-73243.pdf;01-2009;12-2013;70858;0;1;1;;;;;;;;;;;;;;;;;;1;1;;;;;;;;;;;;1
a0f248de90fb8f3d1dbf17fd4306e15c;2014-09-25T09:21:03-04:00;AAER-3585;34-73209;JDA Software Group, Inc.;JDA Software Group, Inc.;https://www.sec.gov/files/litigation/admin/2014/34-73209.pdf;01-2008;09-2011;1006892;0;1;1;;;;;;;;;1;1;;1;;1;1;;;1;1;;;;;;;;;;;;1
0efbabb818dae3d8d1c1c9864c18c90f;2014-09-24T09:21:04-04:00;AAER-3583;33-9654, 34-73200;Saba Software, Inc., Patrick Farrell, et al.;Saba Software, Inc., Patrick Farrell, et al.;https://www.sec.gov/files/litigation/admin/2014/33-9654.pdf;06-2007;11-2011;1070380;02-2015;0;1;1;1;1;;;;;1;1;1;;1;;1;1;;;1;1;;;;;;;;;;;;1
f2dc9b7d7ed36ae7e15d44773d019209;2014-09-11T09:21:08-04:00;AAER-3582;33-9646, 34-73076;Wilmington Trust Corporation;Wilmington Trust Corporation;https://www.sec.gov/files/litigation/admin/2014/33-9646.pdf;07-2009;06-2010;872821;0;1;1;;1;1;;;;;;1;1;;1;;1;1;;;1;1;;;;;;;;;;;;1
65ad63348e8fea2425bc20181a420ced;2014-07-28T09:21:18-04:00;AAER-3571;34-72678;Smith & Wesson Holding Corporation;Smith & Wesson Holding Corporation;https://www.sec.gov/files/litigation/admin/2014/34-72678.pdf;05-2007;04-2010;1092796;0;0;0;;;;;;;;;;;;;;;;;;1;1;;;;;;1;;;;1;;
14a9ec4d78e2c5fd1e6f73efe0c99c2f;2014-07-25T10:25:26-04:00;AAER-3569 and AAER-3570;LR-23051;Volt Information Sciences, Inc., Debra L. Hobbs, Jack J. Egan, Jr.;"Volt Information Sciences, Inc. and Debra L. Hobbs; Jack J. Egan, Jr.";https://www.sec.gov/enforcement-litigation/litigation-releases/lr-23051;08-2007;11-2008;103872;0;1;1;1;;;;;;;1;1;1;;1;;1;;;;1;1;;;;;;;;;;;;1
ea79fb8fc335339b1e8df1026f817b6c;2014-02-24T09:25:19-05:00;AAER-3540;LR-22932;China MediaExpress Holdings, Inc., Zheng Cheng;China MediaExpress Holdings, Inc. and Zheng Cheng;https://www.sec.gov/enforcement-litigation/litigation-releases/lr-22932;11-2009;12-2010;1399067;08-2012;1;0;1;;;;;;;1;1;1;;1;;1;1;;;1;1;;;;;;;;;;;;1
;2014-02-12T08:21:39-05:00;AAER-3535;33-9548, 34-71546;APPLE REIT SIX INC;"Apple REIT Six, Inc.; Apple REIT Seven, Inc.; Apple REIT Eight, Inc.; Apple REIT Nine, Inc.; Apple Six Advisors, Inc.; Apple Seven Advisors, Inc.; Apple Eight Advisors, Inc.; Apple Nine Advisors, Inc.; Glade M. Knight; and Bryan F. Peery, CPA";https://www.sec.gov/files/litigation/admin/2014/33-9548.pdf;01-2008;12-2011;1277151;0;0;0;;1;1;;;;;;1;1;;1;;;1;;;1;1;;;1;;;;;;;;;1
;2014-02-12T08:21:39-05:00;AAER-3535;33-9548, 34-71546;APPLE REIT SEVEN INC;"Apple REIT Six, Inc.; Apple REIT Seven, Inc.; Apple REIT Eight, Inc.; Apple REIT Nine, Inc.; Apple Six Advisors, Inc.; Apple Seven Advisors, Inc.; Apple Eight Advisors, Inc.; Apple Nine Advisors, Inc.; Glade M. Knight; and Bryan F. Peery, CPA";https://www.sec.gov/files/litigation/admin/2014/33-9548.pdf;01-2008;12-2011;1329011;0;0;0;;1;1;;;;;;1;1;;1;;;1;;;1;1;;;1;;;;;;;;;1
;2014-02-12T08:21:39-05:00;AAER-3535;33-9548, 34-71546;APPLE REIT EIGHT INC;"Apple REIT Six, Inc.; Apple REIT Seven, Inc.; Apple REIT Eight, Inc.; Apple REIT Nine, Inc.; Apple Six Advisors, Inc.; Apple Seven Advisors, Inc.; Apple Eight Advisors, Inc.; Apple Nine Advisors, Inc.; Glade M. Knight; and Bryan F. Peery, CPA";https://www.sec.gov/files/litigation/admin/2014/33-9548.pdf;01-2008;12-2011;1387361;0;0;0;;1;1;;;;;;1;1;;1;;;1;;;1;1;;;1;;;;;;;;;1
;2014-02-12T08:21:39-05:00;AAER-3535;33-9548, 34-71546;APPLE REIT NINE INC;"Apple REIT Six, Inc.; Apple REIT Seven, Inc.; Apple REIT Eight, Inc.; Apple REIT Nine, Inc.; Apple Six Advisors, Inc.; Apple Seven Advisors, Inc.; Apple Eight Advisors, Inc.; Apple Nine Advisors, Inc.; Glade M. Knight; and Bryan F. Peery, CPA";https://www.sec.gov/files/litigation/admin/2014/33-9548.pdf;01-2008;12-2011;1418121;0;0;0;;;;;;;;;1;1;;1;;;1;;;1;1;;;1;;;;;;;;;1
2413e32be9833b1674f7c1eda8c2056d;2014-01-09T09:25:18-05:00;AAER-3527;LR-22902;Diamond Foods, Inc.;Diamond Foods, Inc.;https://www.sec.gov/enforcement-litigation/litigation-releases/lr-22902;02-2010;09-2011;1320947;0;1;1;1;1;1;;;;;1;1;1;;1;;1;1;;;1;1;;;;;;;;;;;;1
0707d9e2a08f86ae7f67f021c9b4a2da;2014-01-09T08:21:46-05:00;AAER-3525;34-71261;Alcoa Inc.;Alcoa Inc.;https://www.sec.gov/files/litigation/admin/2014/34-71261.pdf;01-1989;12-2009;4281;0;0;0;;;;;;;;;;;;;;;;;;1;1;;;;;;1;;;;1;;
ee854e9b60b68579847a9b6691ec9dc7;2013-12-12T08:20:01-05:00;AAER-3516;34-71050;GLG Partners, Inc., GLG Partners, L.P.;GLG Partners, Inc. and GLG Partners, L.P.;https://www.sec.gov/files/litigation/admin/2013/34-71050.pdf;11-2008;11-2010;1365790;0;1;1;;;;;;;;;1;1;;1;;1;1;;;1;1;;;;;;;;;;;;1
a64574ac449d9e4a1018fce869da739a;2013-12-04T08:20:01-05:00;AAER-3514;33-9490, 34-70983;Fifth Third Bancorp, Daniel Poston;Fifth Third Bancorp and Daniel Poston;https://www.sec.gov/files/litigation/admin/2013/33-9490.pdf;07-2008;12-2008;35527;0;1;1;;1;1;;;;;;1;;;;;;1;;;1;1;;;;;;;;;;;;1
6061bab6620bdb567ffc9061125c44ff;2013-10-22T10:25:15-04:00;AAER-3509;LR-22849;Diebold, Inc.;Diebold, Inc.;https://www.sec.gov/enforcement-litigation/litigation-releases/lr-22849, https://www.sec.gov/files/litigation/complaints/2013/comp-pr2013-225.pdf;01-2005;12-2010;28823;0;0;0;;;;;;;;;;;;;;;;;;1;1;;;;;;1;;;;1;;
5ab004281165b545a4edfdc4580e0aaf;2013-10-17T10:25:15-04:00;AAER-3508;LR-22847;JBI, Inc., John Bordynuik, Ronald Baldwin, Jr.;JBI, Inc., John Bordynuik and Ronald Baldwin, Jr.;https://www.sec.gov/enforcement-litigation/litigation-releases/lr-22847;07-2009;12-2009;1381105;0;1;1;1;;;;;;;1;1;1;;1;;1;1;;;1;1;;1;;;;;;;;;;1
b939be1d5ef07bf8e47121b673eeb38d;2013-09-27T10:25:13-04:00;AAER-3495;LR-22825;Vitesse Semiconductor Corporation, Louis R. Tomasetta, Eugene F. Hovanec, Yatin D. Mody, Nicole R. Kaplan;Vitesse Semiconductor Corporation, Louis R. Tomasetta, Eugene F. Hovanec, Yatin D. Mody, and Nicole R. Kaplan;https://www.sec.gov/enforcement-litigation/litigation-releases/lr-22825;01-1995;04-2006;880446;0;0;1;1;;;;;;;1;1;1;;1;;;1;;;1;1;;;1;;;;;;;;;1
8e9965eb33686a1f3fa31821ffc51efc;2013-09-26T10:25:13-04:00;AAER-3493;LR-22817;Mercantile Bancorp, Inc.;Mercantile Bancorp, Inc.;https://www.sec.gov/enforcement-litigation/litigation-releases/lr-22817, https://www.sec.gov/files/litigation/complaints/2013/comp22817.pdf;07-2010;11-2010;1289701;0;1;1;;;1;;;;;1;1;1;;;;1;1;;;1;1;;;;;;;;;;;;1
3bf271313cce75db836ba9c0014efd9a;2013-09-19T09:20:12-04:00;AAER-3490;34-70458;JPMorgan Chase & Co.;JPMorgan Chase & Co.;https://www.sec.gov/files/litigation/admin/2013/34-70458.pdf;01-2012;05-2012;19617;0;1;1;;;;;;;;;1;;;;;1;1;;;1;1;1;;;;;;;;;;;1
22c73cf3a21b1b1b8c5fb84a635fa326;2013-09-18T10:25:12-04:00;AAER-3485;LR-22800;Imperial Petroleum, Inc., et al.;Imperial Petroleum, Inc., et al.;https://www.sec.gov/enforcement-litigation/litigation-releases/lr-22800;11-2009;01-2012;355356;09-2015;1;1;1;;;;;;;1;1;1;;1;;1;1;;;1;1;;;;;;;;;;;;1
0444a88869c096fefb610d08629984aa;2013-09-18T10:25:12-04:00;AAER-3486;LR-22801;Imaging Diagnostic Systems, Inc., Linda Grable, Allan Schwartz;Imaging Diagnostic Systems, Inc., Linda Grable, and Allan Schwartz;https://www.sec.gov/enforcement-litigation/litigation-releases/lr-22801, https://www.sec.gov/files/litigation/complaints/2013/comp22801.pdf;10-2008;11-2011;790652;0;1;1;;1;;;;;;1;1;1;;1;;;1;;;1;1;;;1;;;;;;;;;1
19dafdfd44a664221b7c3eaca3d748f3;2013-09-18T09:20:13-04:00;AAER-3487;34-70448;Medifast, Inc.;Medifast, Inc.;https://www.sec.gov/files/litigation/admin/2013/34-70448.pdf;01-2006;12-2009;910329;0;1;1;;;;;;;;;1;1;;1;;;;;;1;1;;;;;;;;;;;;1
b8ee24ef617a68eb8314f2abe8797e1f;2013-08-14T10:25:11-04:00;AAER-3475;LR-22778;Anchor Bancorp Wisconsin, Inc., et al.;Anchor Bancorp Wisconsin, Inc., et al.;https://www.sec.gov/enforcement-litigation/litigation-releases/lr-22778, https://www.sec.gov/files/litigation/complaints/2013/comp22778.pdf;04-2009;09-2009;885322;0;1;1;;;;;;;;1;1;;;;;;1;;;1;1;;;;;;;;;;;;1
fd024f86ebe2390be4d336e965982053;2013-06-07T10:25:07-04:00;AAER-3463;LR-22719;China Natural Gas, Inc., Qinan Ji;China Natural Gas, Inc. and Qinan Ji;https://www.sec.gov/enforcement-litigation/litigation-releases/lr-22719;10-2008;12-2008;1120830;0;1;1;;1;;;;;;;1;1;;1;;1;1;;;1;1;;;1;;;;;;;;;1
;2013-06-07T10:25:07-04:00;AAER-3463;LR-22719;China Natural Gas, Inc., Qinan Ji;China Natural Gas, Inc. and Qinan Ji;https://www.sec.gov/enforcement-litigation/litigation-releases/lr-22719;01-2010;01-2011;1120830;0;1;1;;1;;;;;;1;1;1;;1;;1;1;;;1;1;;;1;;;;;;;;;1
e0fcc05e5e275079742beaae7e4bd5fe;2013-06-03T10:25:07-04:00;AAER-3462;LR-22711;PACCAR Inc, et al.;PACCAR Inc, et al.;https://www.sec.gov/enforcement-litigation/litigation-releases/lr-22711, https://www.sec.gov/files/litigation/complaints/2013/comp-pr2013-99.pdf;01-2008;09-2012;75362;0;1;1;;;;;;;;;1;1;;1;;;1;;;1;1;;;;;;;;;;;;1
fc0421d81aaba39b39e6385473709bd7;2013-04-24T09:20:33-04:00;AAER-3456;34-69442;Capital One Financial Corporation, Peter A. Schnall, David A. LaGassa;Capital One Financial Corporation, Peter A. Schnall, and David A. LaGassa;https://www.sec.gov/files/litigation/admin/2013/34-69442.pdf;04-2007;09-2007;927628;0;1;1;;;;;;;;;1;1;;;;;1;;;1;1;;;;;;;;;;;;1
862b61ca6376f79b3b9fa2e87d4b447f;2013-04-16T10:25:05-04:00;AAER-3454;LR-22672;Parker Drilling Company;Parker Drilling Company;https://www.sec.gov/enforcement-litigation/litigation-releases/lr-22672, https://www.sec.gov/files/litigation/complaints/2013/comp22672.pdf;01-2004;05-2004;76321;0;1;1;;;;;;;;;;;;;;;;;;1;1;;;;;;1;;;;1;;
97c6a52c5ef6009ed31091e15de3b2ba;2013-01-11T09:25:00-05:00;AAER-3439;LR-22589;Volt Information Sciences, Inc., Debra L. Hobbs, Jack J. Egan, Jr.;Volt Information Sciences, Inc. and Debra L. Hobbs and Jack J. Egan, Jr.;https://www.sec.gov/enforcement-litigation/litigation-releases/lr-22589;08-2007;10-2007;103872;0;1;1;1;;;;;;;1;1;1;;1;;1;;;;1;1;;;;;;;;;;;;1
2c8cc7b0b066439c1a6c132e1ae083dc;2013-01-09T08:20:47-05:00;AAER-3438;34-68611;LSB Industries, Inc., Jimmie Dean Jones, CPA;LSB Industries, Inc. and Jimmie Dean Jones, CPA;https://www.sec.gov/files/litigation/admin/2013/34-68611.pdf;01-2004;12-2004;60714;0;1;1;;;;;;;;;1;;;1;;;1;;;1;;;;;;;;;;;;;1
8a4bd6f46b4d03b959ccbbb148ac8a32;2012-12-18T09:24:59-05:00;AAER-3432;LR-22575;TheStreet, Inc., Eric Ashma, Gregg Alwine, David Barnett;TheStreet, Inc., Eric Ashma, and Gregg Alwine and David Barnett;https://www.sec.gov/enforcement-litigation/litigation-releases/lr-22575, https://www.sec.gov/files/litigation/complaints/2012/comp22575-1.pdf, https://www.sec.gov/files/litigation/complaints/2012/comp22575-2.pdf;01-2008;12-2008;1080056;0;1;1;;;;;;;;;1;1;;1;;;1;;;1;1;;;;;;;;;;;;1
1c4a2cf129d78143aeca97b6365f68e1;2012-11-30T09:24:58-05:00;AAER-3481;LR-22552;China North East Petroleum Holdings Limited, et al.;China North East Petroleum Holdings Limited, et al.;https://www.sec.gov/enforcement-litigation/litigation-releases/lr-22552, https://www.sec.gov/files/litigation/complaints/2012/comp22552.pdf;01-2009;12-2009;787251;04-2013;1;0;1;;;;;;;1;1;;;1;;1;1;;;1;1;;;;;;;;;;;;1
3379970c309d561dd9b9b62d6c23d989;2012-11-28T08:19:18-05:00;AAER-3425;34-68307;KCAP Financial, Inc., Dayl W. Pearson, Michael I. Wirth, CPA, R. Jonathan Corless;KCAP Financial, Inc., Dayl W. Pearson, Michael I. Wirth, CPA, and R. Jonathan Corless;https://www.sec.gov/files/litigation/admin/2012/34-68307.pdf;01-2008;09-2008;1372807;0;1;1;;;;;;;;;1;1;;1;;1;1;;;1;1;;;;;;;;;;;;1
2fc0dd3bbf779b1e8c06f07ec9b90d81;2012-10-26T10:24:56-04:00;AAER-3422;LR-22521;MedLink International, Inc., Aurelio Vuono, James Rose;MedLink International, Inc., Aurelio Vuono and James Rose;https://www.sec.gov/enforcement-litigation/litigation-releases/lr-22521;01-2010;04-2010;225501;0;0;1;1;;;;;;;1;1;1;;;;;;;;;;;;;;;;;;;;;1
253c4283599708953067120df98a1c2d;2012-10-01T10:24:55-04:00;AAER-3480;LR-22501;Sunrise Solar Corporation, Eddie D. Austin, Jr., Carolyn Austin;Sunrise Solar Corporation, Eddie D. Austin, Jr., and Carolyn Austin;https://www.sec.gov/enforcement-litigation/litigation-releases/lr-22501, https://www.sec.gov/files/litigation/complaints/2012/comp22501.pdf;07-2008;05-2009;1116198;06-2013;1;1;;;;;;;;1;1;1;;1;;1;;;;;;;;;;;;;;;;;1
33df84b766b8e24281ab9bf80df7d3c1;2011-07-13T10:24:29-04:00;AAER-3302;LR-22037;Armor Holdings, Inc.;Armor Holdings, Inc.;https://www.sec.gov/enforcement-litigation/litigation-releases/lr-22037, https://www.sec.gov/files/litigation/complaints/2011/comp22037.pdf;01-2001;12-2006;845752;0;0;0;;;;;;;;;;;;;;;;;;1;1;;;;;;1;;;;1;;
0f03f076c08c5c52188b07aa2539dc6e;2011-06-30T09:18:50-04:00;AAER-3297;34-64776;LaBarge, Inc.;LaBarge, Inc.;https://www.sec.gov/files/litigation/admin/2011/34-64776.pdf;01-2006;03-2007;57139;0;1;1;;;;;;;;;1;1;;1;;;1;;;1;1;;;;;;;;;;;;1
5421a9696f9fd5a3d80d511a6f6627a4;2011-06-14T09:18:52-04:00;AAER-3291;34-64668;Huntington Bancshares, Inc., Thomas E. Hoaglin, Michael J. McMennamin, John Van Fleet, CPA;"Huntington Bancshares, Inc.; Thomas E. Hoaglin, Michael J. McMennamin, and John Van Fleet, CPA";https://www.sec.gov/files/litigation/admin/2011/34-64668.pdf;01-2001;12-2002;49196;0;0;0;;;;;;;;;1;1;;1;;;;;;1;1;;;;;;;;;;;;1
4e83f4a918d2e1fbf09a6ee3c5b6b2e2;2011-05-13T10:24:25-04:00;AAER-3280;LR-21966;Thor Industries, Inc., Mark C. Schwartzhoff;Thor Industries, Inc., and Mark C. Schwartzhoff;https://www.sec.gov/enforcement-litigation/litigation-releases/lr-21966, https://www.sec.gov/files/litigation/complaints/2011/comp21966.pdf;12-2002;01-2007;730263;0;1;1;;;;;;;;;1;1;;1;;;1;;;1;1;;;;;;;;;;;;1
a1fe6ee75c65c1bd8646ce57d9ee646c;2011-05-13T09:18:56-04:00;AAER-3283;34-64498;GSI Group, Inc.;GSI Group, Inc.;https://www.sec.gov/files/litigation/admin/2011/34-64498.pdf;01-2004;06-2008;1076930;0;0;1;;;;;;;;;1;1;;1;;1;1;;;1;1;;;;;;;;;;;;1
b4e13b3cb1e678fec395a5cfb57f9812;2011-05-11T10:24:25-04:00;AAER-3279;LR-21962;Michael Baker Corporation, John Scullin, Dennis Higgins;Michael Baker Corporation, John Scullin and Dennis Higgins;https://www.sec.gov/enforcement-litigation/litigation-releases/lr-21962, https://www.sec.gov/files/litigation/complaints/2011/comp21962.pdf;10-2006;09-2007;9263;0;1;1;;;;;;;;;1;1;;1;;;1;;;1;1;;;;;;;;;;;;1
2cf8caa706d33f1175a4c405fbfa858c;2011-05-03T09:18:58-04:00;AAER-3274;34-64380;Rockwell Automation, Inc.;Rockwell Automation, Inc.;https://www.sec.gov/files/litigation/admin/2011/34-64380.pdf;01-2003;09-2006;1024478;0;0;0;;;;;;;;;;;;;;;;;;1;1;;;;;;;;;;1;;
b655906d1988fd55b9e3dfacc4dcabc5;2011-04-08T10:24:23-04:00;AAER-3261;LR-21922;Johnson & Johnson;Johnson & Johnson;https://www.sec.gov/enforcement-litigation/litigation-releases/lr-21922, https://www.sec.gov/files/litigation/complaints/2011/comp21922.pdf;11-1998;12-2007;200406;0;0;0;;;;;;;;;;;;;;;;;;1;1;;;;;;1;;;;1;;
e456d3cc9ce41b2c1eab3b830d9ea2d9;2011-03-24T09:19:03-04:00;AAER-3255;34-64123;Ball Corporation;Ball Corporation;https://www.sec.gov/files/litigation/admin/2011/34-64123.pdf;07-2006;10-2007;9389;0;1;1;;;;;;;;;;;;;;;;;;1;1;;;;;;;;;;1;;
d84bcc55eaa36e858c94eecccd2ebc11;2011-03-18T10:24:21-04:00;AAER-3254;LR-21889;International Business Machines Corporation;International Business Machines Corporation;https://www.sec.gov/enforcement-litigation/litigation-releases/lr-21889, https://www.sec.gov/files/litigation/complaints/2011/comp21889.pdf;01-1998;03-2009;51143;0;1;1;;;;;;;;;;;;;;;;;;1;1;;;;;;;;;;1;;
61aafe562ce4d122adb4b94710e67f6c;2011-02-28T09:24:20-05:00;AAER-3247;LR-21867;DHB Industries, Inc. n/k/a Point Blank Solutions, Inc., Jerome Krantz, Cary Chasin, Gary Nadelman;"DHB Industries, Inc. n/k/a Point Blank Solutions, Inc.; Jerome Krantz, Cary Chasin, and Gary Nadelman";https://www.sec.gov/enforcement-litigation/litigation-releases/lr-21867;01-2003;12-2005;899166;0;0;0;;;;;;;;1;1;1;;1;;1;1;;;1;1;;;1;;;;;;;;;1
9d0ac5769da118defffc4f9c3319ebf1;2011-02-09T08:19:08-05:00;AAER-3242;34-63883;Arthrocare Corporation;Arthrocare Corporation;https://www.sec.gov/files/litigation/admin/2011/34-63883.pdf;10-2005;03-2008;1005010;0;1;1;;;;;;;;;1;1;;1;;;1;;;1;1;;;;;;;;;;;;1
66a03236cfc2e73050623b8cf59de7d8;2011-02-02T08:19:11-05:00;AAER-3237;34-63818;Deerfield Capital Corp., Danielle Valkner, CPA;Deerfield Capital Corp. and Danielle Valkner, CPA;https://www.sec.gov/files/litigation/admin/2011/34-63818.pdf;12-2005;03-2006;1313918;0;1;1;;;;;;;;;1;1;;1;;;1;;;1;1;;;;;;;;;;;;1
64508a0929a013c985173f3cf70ad42e;2011-01-31T09:24:18-05:00;AAER-3236;LR-21832;Maxwell Technologies Inc.;Maxwell Technologies Inc.;https://www.sec.gov/enforcement-litigation/litigation-releases/lr-21832, https://www.sec.gov/files/litigation/complaints/2011/comp21832.pdf;01-2002;05-2009;319815;0;0;1;;;;;;;;;;;;;;;;;;1;1;;;;;;1;;;;1;;
;2011-01-20T14:24:17Z;AAER-3234;LR-21819;NutraCea, et al.;NutraCea, et al.;https://www.sec.gov/enforcement-litigation/litigation-releases/lr-21819 ;03-2007;12-2007;1063537;0;1;1;1;;;;;;;1;1;1;;1;;;1;;;1;1;;;;;;;;;;;;1
599229a3fbd18f5f419e40aae91a004f;2011-01-12T09:24:17-05:00;AAER-3229;LR-21809;NIC, Inc., Jeffrey S. Fraser, Harry H. Herington, Eric J. Bur, Stephen M. Kovzan;"NIC, Inc., Jeffrey S. Fraser, Harry H. Herington, and Eric J. Bur; Stephen M. Kovzan";https://www.sec.gov/enforcement-litigation/litigation-releases/lr-21809, https://www.sec.gov/files/litigation/complaints/2011/comp21809-nic.pdf, https://www.sec.gov/files/litigation/complaints/2011/comp21809-kovzan.pdf;01-2002;12-2007;1065332;0;0;0;;1;1;;;;;;1;1;;1;;1;1;;;1;1;;;1;;;;;;;;;1
f451687524bff3e9ee644cbe5d2658db;2011-01-10T08:19:14-05:00;AAER-3226;34-63688;Hudson Highland Group, Inc.;Hudson Highland Group, Inc.;https://www.sec.gov/files/litigation/admin/2011/34-63688.pdf;03-2003;01-2007;1210708;0;1;1;;;;;;;;;;;;;;;;;;1;1;;;;;;;;;;;;1
077b7c3f03df11601f358cf44d71883f;2010-11-04T10:24:12-04:00;AAER-3206;LR-21728;Noble Corporation;Noble Corporation;https://www.sec.gov/enforcement-litigation/litigation-releases/lr-21728, https://www.sec.gov/files/litigation/complaints/2010/comp21728.pdf;01-2003;05-2007;1169055;0;1;1;;;;;;;;;;;;;;;;;;1;1;;;;;;1;;;;1;;
f32c4e1d0a8a93cfed9855428bbea7b5;2010-11-04T10:24:12-04:00;AAER-3203;LR-21726;Pride International, Inc.;Pride International, Inc.;https://www.sec.gov/enforcement-litigation/litigation-releases/lr-21726, https://www.sec.gov/files/litigation/complaints/2010/comp21726.pdf;01-2001;03-2006;833081;0;0;0;;;;;;;;;;;;;;;;;;1;1;;;;;;1;;;;1;;
0268792f0a0d9f53b8e3db68363f1769;2010-11-04T10:24:12-04:00;AAER-3207;LR-21729;Tidewater Inc.;Tidewater Inc.;https://www.sec.gov/enforcement-litigation/litigation-releases/lr-21729, https://www.sec.gov/files/litigation/complaints/2010/comp21729.pdf;08-2001;03-2007;98222;0;1;1;;;;;;;;;;;;;;;;;;1;1;;;;;;1;;;;1;;
aa42935747f11ec558199a3e6c0b9c9f;2010-11-04T10:24:12-04:00;AAER-3202;LR-21725;Transocean Inc.;Transocean Inc.;https://www.sec.gov/enforcement-litigation/litigation-releases/lr-21725, https://www.sec.gov/files/litigation/complaints/2010/comp21725.pdf;01-2002;12-2007;1083269;0;1;0;;;;;;;;;;;;;;;;;;1;1;;;;;;1;;;;1;;
ca120657437e5cf25eebe1ea670f5718;2010-11-04T10:24:12-04:00;AAER-3201;LR-21724;GlobalSantaFe Corp.;GlobalSantaFe Corp.;https://www.sec.gov/enforcement-litigation/litigation-releases/lr-21724, https://www.sec.gov/files/litigation/complaints/2010/comp21724.pdf;01-2002;07-2007;1038914;0;1;1;;;;;;;;;;;;;;;;;;1;1;;;;;;1;;;;1;;
392ebdffc5fb7964f1f41616d22440e7;2010-10-21T09:17:52-04:00;AAER-3198;34-63152;Office Depot, Inc.;Office Depot, Inc.;https://www.sec.gov/files/litigation/admin/2010/34-63152.pdf;07-2006;06-2007;800240;0;1;1;;;;;;;;;1;1;;1;;;1;;;1;1;;;;;;;;;;;;1
d8eda1c7f3268731e55d6aa59ee4d3f8;2010-09-24T09:17:54-04:00;AAER-3189;34-62988;Sunopta, Inc., Steven R. Bromley, CGA, John H. Dietrich, CA;Sunopta, Inc., Steven R. Bromley, CGA, and John H. Dietrich, CA;https://www.sec.gov/files/litigation/admin/2010/34-62988.pdf;01-2007;09-2007;351834;0;1;1;;;;;;;;;1;1;;;;1;1;;;1;1;;;;;;;;;;;;1
ef88804dfaee201e6c6df0cb9df4a171;2010-09-22T10:24:09-04:00;AAER-3188;LR-21660;Delphi Corporation, John Blahnik, et al.;Delphi Corporation, John Blahnik, et al.;https://www.sec.gov/enforcement-litigation/litigation-releases/lr-21660;01-2000;12-2004;1072342;0;0;0;1;;;;;;;;1;1;;1;;1;1;;;1;1;;;;;;;;;;;;1
1113a23148227cc4dfb782a3c7e7e10c;2010-09-09T10:24:08-04:00;AAER-3182;LR-21643;Affiliated Computer Services, Inc.;Affiliated Computer Services, Inc.;https://www.sec.gov/enforcement-litigation/litigation-releases/lr-21643, https://www.sec.gov/files/litigation/complaints/2010/comp21643.pdf;01-1995;06-2006;2135;0;0;1;;;;;;;;1;1;1;;1;;;1;;;1;1;;;;;;;;;;;;1
feb1d69b2ad8a583a3a7bf61d872f8c0;2010-09-01T10:24:07-04:00;AAER-3179;LR-21639;Lucent Technologies, Inc., et al.;Lucent Technologies, Inc., et al.;https://www.sec.gov/enforcement-litigation/litigation-releases/lr-21639;10-1999;09-2000;1006240;0;1;1;;;;;;;;1;1;1;;;;1;1;;;1;1;;;;;;;;;;;;1
;2010-08-06T10:24:06-04:00;AAER-3170;LR-21618;Universal Corporation Inc;Universal Corporation, Inc. and Alliance One International, Inc.;https://www.sec.gov/enforcement-litigation/litigation-releases/lr-21618, https://www.sec.gov/files/litigation/complaints/2010/comp21618-universal.pdf, https://www.sec.gov/files/litigation/complaints/2010/comp21618-alliance-one.pdf;04-2000;09-2007;102037;0;0;1;;;;;;;;;;;;;;;;;;1;1;;;;;;1;;;;1;;
;2010-08-06T10:24:06-04:00;AAER-3170;LR-21618;Alliance One International Inc;Universal Corporation, Inc. and Alliance One International, Inc.;https://www.sec.gov/enforcement-litigation/litigation-releases/lr-21618, https://www.sec.gov/files/litigation/complaints/2010/comp21618-universal.pdf, https://www.sec.gov/files/litigation/complaints/2010/comp21618-alliance-one.pdf;10-1996;05-2005;939930;0;1;1;;;;;;;;;;;;;;;;;;1;1;;;;;;1;;;;1;;
4ebaec888c8344fa0f8d1548b9eac097;2010-08-05T09:18:01-04:00;AAER-3165;33-9132;Navistar International Corporation, Daniel C. Ustian, Robert C. Lannert, Thomas M. Akers, Jr., James W. Mcintosh, James J. Stanaway, Ernest A. Stinsa, Michael J. Schultz;Navistar International Corporation, Daniel C. Ustian, Robert C.Lannert, Thomas M. Akers, Jr., James W. Mcintosh, James J. Stanaway,Ernest A. Stinsa, Michael J. Schultz;https://www.sec.gov/files/litigation/admin/2010/33-9132.pdf;11-2001;09-2005;808450;0;0;1;;;;;;;;;1;1;;1;;;1;;;1;1;;;;;;;;;;;;1
;2010-07-27T10:24:05-04:00;AAER-3159;LR-21602;General Electric Company;"General Electric Company; Ionics, Inc.; and Amersham  plc";https://www.sec.gov/enforcement-litigation/litigation-releases/lr-21602, https://www.sec.gov/files/litigation/complaints/2010/comp21602.pdf;01-2000;12-2003;40545;0;0;0;;;;;;;;;;;;;;;;;;1;1;;;;;;;;;;1;;
;2010-07-27T10:24:05-04:00;AAER-3159;LR-21602;Ionics Inc;"General Electric Company; Ionics, Inc.; and Amersham  plc";https://www.sec.gov/enforcement-litigation/litigation-releases/lr-21602, https://www.sec.gov/files/litigation/complaints/2010/comp21602.pdf;01-2000;12-2002;52466;0;0;0;;;;;;;;;;;;;;;;;;1;1;;;;;;;;;;1;;
b8dc1247623510a9e2ed04df723cc0a5;2010-07-23T10:24:05-04:00;AAER-3157;LR-21600;Sunrise Senior Living, Inc., et al.;Sunrise Senior Living, Inc., et al.;https://www.sec.gov/enforcement-litigation/litigation-releases/lr-21600, https://www.sec.gov/files/litigation/complaints/2010/comp21600.pdf;10-2003;09-2005;1011064;0;1;1;;;;;;;;;1;1;;1;;;1;;;1;1;;;;;;;;;;;;1
ecf85287c3eefb24e625d89d70d679a9;2010-07-22T10:24:05-04:00;AAER-3156;LR-21599;Dell Inc., Michael S. Dell, Kevin B. Rollins, James M. Schneider, Leslie L. Jackson, Nicholas A.R. Dunning;Dell Inc., Michael S. Dell, Kevin B. Rollins, James M. Schneider, Leslie L. Jackson, Nicholas A.R. Dunning;https://www.sec.gov/enforcement-litigation/litigation-releases/lr-21599, https://www.sec.gov/files/litigation/complaints/2010/comp21599.pdf;03-2001;07-2006;826083;0;1;1;1;;;;;;;1;1;1;;1;;;1;;;1;1;;;;;;;;;;;;1
9f6e9f80a40895d3a22c4e85b0a21b23;2010-06-02T10:24:02-04:00;AAER-3137;LR-21543;Diebold, Inc., Walden O'Dell, Gregory Geswein, Kevin Krakora, Sandra Miller;"Diebold, Inc.; Walden O'Dell; and Gregory Geswein, Kevin Krakora, and Sandra Miller";https://www.sec.gov/enforcement-litigation/litigation-releases/lr-21543, https://www.sec.gov/files/litigation/complaints/2010/comp21543-diebold.pdf, https://www.sec.gov/files/litigation/complaints/2010/comp21543-odell.pdf, https://www.sec.gov/files/litigation/complaints/2010/comp21543-geswein.pdf;01-2002;03-2007;28823;0;0;1;;;;;;;;1;1;1;;1;;1;1;;;1;1;;;;;;;;;;;;1
a8a6ba4007b2e539f37ab6c1deba1eca;2010-04-19T10:23:59-04:00;AAER-3127;LR-21491;Collins & Aikman Corporation, et al.;Collins & Aikman Corporation, et al.;https://www.sec.gov/enforcement-litigation/litigation-releases/lr-21491;10-2001;03-2005;846815;0;1;1;1;;;;;;;1;1;1;;1;;1;1;;;1;1;;;;;;;;;;;;1
49904fb7f343d50a8c39a165051d467e;2010-04-07T10:23:58-04:00;AAER-3126;LR-21480;Symbol Technologies, Inc., et al.;Symbol Technologies, Inc., et al.;https://www.sec.gov/enforcement-litigation/litigation-releases/lr-21480;01-1998;03-2003;278352;0;0;0;;;;;;;;1;1;1;;1;;;1;;;1;1;;;;;;;;;;;;1
bac258aa68cbf3b36440889a2417f7c5;2010-03-03T09:23:56-05:00;AAER-3117;LR-21428;Verint Systems Inc.;Verint Systems Inc.;https://www.sec.gov/enforcement-litigation/litigation-releases/lr-21428, https://www.sec.gov/files/litigation/complaints/2010/comp21428.pdf, https://www.sec.gov/files/litigation/admin/2010/34-61635.pdf;02-1998;01-2005;1166388;0;0;1;1;;;;;;;;1;;;1;;;1;;;1;1;;;;;;;;;;;;1
deb751d4efde681049be1845a657e0cd;2010-01-21T09:23:53-05:00;AAER-3109;LR-21388;Assurant, Inc.;Assurant, Inc.;https://www.sec.gov/enforcement-litigation/litigation-releases/lr-21388, https://www.sec.gov/files/litigation/complaints/2010/comp21388.pdf;07-2004;09-2004;1267238;0;1;1;;;;;;;;;1;1;;;;1;1;;;1;1;;;;;;;;;;;;1
4a294f39cbd4756aa99d6ca27f909f66;2010-01-11T08:18:25-05:00;AAER-3101;34-61325;NATCO Group Inc.;NATCO Group Inc.;https://www.sec.gov/files/litigation/admin/2010/34-61325.pdf;02-2007;09-2007;1057693;0;1;1;;;;;;;;;;;;;;;;;;1;1;;;;;;;;;;1;;
f443cb269410a67081cd82565a68a3cb;2009-12-31T09:23:51-05:00;AAER-3093;LR-21357;UTStarcom, Inc.;UTStarcom, Inc.;https://www.sec.gov/enforcement-litigation/litigation-releases/lr-21357, https://www.sec.gov/files/litigation/complaints/2009/comp21357.pdf;01-2002;12-2007;1030471;0;0;0;;;;;;;;;;;;;;;;;;1;1;;;;;;1;;;;1;;
af9bfd8a0d9a26bb160be392204ce08f;2009-11-30T09:23:49-05:00;AAER-3071;LR-21314;Home Solutions of America, Inc., Frank J. Fradella, Brian M. Marshall, Jeffrey M. Mattich, Rick J. O'Brien, Stephen C. Gingrich, Thomas L. Davis, Jeffrey T. Craft;Home Solutions of America, Inc., Frank J. Fradella, Brian M. Marshall, Jeffrey M. Mattich, Rick J. O'Brien, Stephen C. Gingrich, Thomas L. Davis and Jeffrey T. Craft;https://www.sec.gov/enforcement-litigation/litigation-releases/lr-21314, https://www.sec.gov/files/litigation/complaints/2009/comp21314.pdf;01-2004;06-2007;855424;0;0;0;1;;;;;;;1;1;1;;1;;;1;;;1;1;;;;;;;;;;;;1
c0075aea358351f261ec76e617d7bf4c;2009-11-16T09:23:48-05:00;AAER-3069;LR-21300;Bancinsurance Corporation, John S. Sokol;Bancinsurance Corporation and John S. Sokol;https://www.sec.gov/enforcement-litigation/litigation-releases/lr-21300, https://www.sec.gov/files/litigation/complaints/2009/comp21300.pdf;10-2003;03-2004;276400;0;1;1;;;;;;;;1;1;1;;1;;;1;;;1;1;;;;;;;;;;;;1
26167be84392697d473850a8029270d3;2009-11-12T09:23:48-05:00;AAER-3068;LR-21290;SafeNet, Inc., et. al.;SafeNet, Inc., et. al.;https://www.sec.gov/enforcement-litigation/litigation-releases/lr-21290, https://www.sec.gov/files/litigation/complaints/2009/comp21290.pdf;10-2000;05-2006;850313;0;1;1;1;;;;;;;1;1;1;;1;;1;1;;;1;1;;;1;;;;;;;;;1
acd05174c49c0b083ad2270aa7a23944;2009-11-04T09:23:47-05:00;AAER-3067;LR-21282;Merge Healthcare Incorporated, Richard Linden, Scott Veech;Merge Healthcare Incorporated, Richard Linden, and Scott Veech;https://www.sec.gov/enforcement-litigation/litigation-releases/lr-21282;01-2002;12-2005;944765;0;0;0;NaN;NaN;NaN;;NaN;NaN;NaN;NaN;NaN;NaN;NaN;NaN;NaN;NaN;NaN;;NaN;NaN;NaN;NaN;NaN;NaN;NaN;NaN;NaN;NaN;NaN;NaN;;;1
b1df11736c3f593b2cd485a1b7b32e68;2009-10-30T10:23:47-04:00;AAER-3063;LR-21272;China Holdings, Inc., Julianna Lu (a.k.a. Jenny XueJian Lu);China Holdings, Inc. and Julianna Lu (a.k.a. Jenny XueJian Lu);https://www.sec.gov/enforcement-litigation/litigation-releases/lr-21272, https://www.sec.gov/files/litigation/complaints/2009/comp21272.pdf;04-2008;04-2009;1302331;0;1;1;;;;;;;;1;;;;;;;;;;;;;;;;;;;;;;;1
e63f6e1a942511206502d5541654e33c;2009-10-20T09:17:13-04:00;AAER-3059;34-60846;ECO 2 Plastics, Inc.;ECO 2 Plastics, Inc.;https://www.sec.gov/files/litigation/admin/2009/34-60846.pdf;01-2007;12-2008;855372;0;0;0;;;;;;;;;;;;;;;;;;;;;;;;;;;;;;;1
b42af4f502e32ec38148766146b2971a;2009-09-14T10:23:44-04:00;AAER-3050;LR-21210;Stuart W. Fuhlendorf, Isilon Systems, Inc.;Stuart W. Fuhlendorf and Isilon Systems, Inc.;https://www.sec.gov/enforcement-litigation/litigation-releases/lr-21210, https://www.sec.gov/files/litigation/complaints/2009/comp21210-fuhlendorf.pdf, https://www.sec.gov/files/litigation/complaints/2009/comp21210-isilon.pdf;10-2006;10-2007;1373671;0;1;1;;;;;;;;;1;1;;1;;1;1;;;1;1;;;;;;;;;;;;1
bf49676a5420b706a5017ff0b620efba;2009-09-11T10:23:43-04:00;AAER-3047;LR-21205;Tenet Healthcare Corporation, et al.;Tenet Healthcare Corporation, et al.;https://www.sec.gov/enforcement-litigation/litigation-releases/lr-21205;06-1999;11-2002;70318;0;1;1;1;;;;;;;1;1;1;;1;;;1;;;1;;;;;;;;;;;;;1
ba2e05b6cf86f23c0f48f49d2828a533;2009-09-11T09:17:16-04:00;AAER-3048;34-60657;Dana Holding Corporation (as Successor Registrant to Dana Corporation);Dana Holding Corporation (as Successor Registrant to Dana Corporation);https://www.sec.gov/files/litigation/admin/2009/34-60657.pdf;01-2004;06-2005;26780;0;1;1;;;;;;;;;1;1;;1;;1;1;;;1;1;;;;;;;;;;;;1
1f6e88fdfa3dad081663f81048f047c7;2009-09-01T10:23:43-04:00;AAER-3044;LR-21194;VeriFone Holdings, Inc., Paul Periolat;VeriFone Holdings, Inc. and Paul Periolat;https://www.sec.gov/enforcement-litigation/litigation-releases/lr-21194, https://www.sec.gov/files/litigation/complaints/2009/comp21194.pdf;11-2006;07-2007;1312073;0;1;1;;;;;;;;;1;1;;;;1;1;;;1;1;;;;;;;;;;;;1
0d1e24efed5182733eacaf4a3a7e3961;2009-08-12T10:23:42-04:00;AAER-3035;LR-21177;Terex Corporation;Terex Corporation;https://www.sec.gov/enforcement-litigation/litigation-releases/lr-21177, https://www.sec.gov/files/litigation/complaints/2009/comp21177.pdf;01-2000;06-2004;97216;0;1;1;1;;;;;;;1;1;1;;1;;;1;;;1;1;;;;;;;;;;;;1
107034cfa62c30647e44a8375d91b955;2009-07-30T09:17:21-04:00;AAER-3026;34-60400;Helmerich & Payne, Inc.;Helmerich & Payne, Inc.;https://www.sec.gov/files/litigation/admin/2009/34-60400.pdf;01-2003;07-2008;46765;0;0;1;;;;;;;;;;;;;;;;;;1;1;;;;;;;;;;1;;
5506af7ab532863f663ca9536ad14ee1;2009-07-28T10:23:41-04:00;AAER-3020;LR-21156;Avery Dennison Corporation;Avery Dennison Corporation;https://www.sec.gov/enforcement-litigation/litigation-releases/lr-21156, https://www.sec.gov/files/litigation/complaints/2009/comp21156.pdf;06-2007;01-2008;8818;0;1;1;;;;;;;;;;;;;;;;;;1;1;;;;;;;;;;1;;
b5c936f39a7c141d68d2486c64b0dcb6;2009-07-28T09:17:21-04:00;AAER-3021;34-60393;Avery Dennison Corporation;Avery Dennison Corporation;https://www.sec.gov/files/litigation/admin/2009/34-60393.pdf;08-2002;12-2005;8818;0;1;0;;;;;;;;;;;;;;;;;;1;1;;;;;;;;;;1;;
d4ff469a3b680844c0568cd69d63fcb9;2009-07-23T10:23:40-04:00;AAER-3019;LR-21150;West Marine, Inc.;West Marine, Inc.;https://www.sec.gov/enforcement-litigation/litigation-releases/lr-21150, https://www.sec.gov/files/litigation/complaints/2009/comp21150.pdf;10-2003;12-2006;912833;0;1;1;;1;1;;;;;;1;1;;1;;;1;;;1;1;;;;;;;;;;;;1
3d7fc698e2928a1de50cc7f95cebbf12;2009-07-06T10:23:39-04:00;AAER-3007;LR-21117;Doral Financial Corporation, First BanCorp;Doral Financial Corporation and First BanCorp;https://www.sec.gov/enforcement-litigation/litigation-releases/lr-21117;01-2000;12-2004;840889;0;0;0;1;;;;;;;1;1;1;;1;;;1;;;1;1;;;;;;;;;;;;1
3dc51649c37b327a5d3334e76e2cb802;2009-06-18T10:23:37-04:00;AAER-2994;LR-21090;Comverse Technology, Inc.;Comverse Technology, Inc.;https://www.sec.gov/enforcement-litigation/litigation-releases/lr-21090, https://www.sec.gov/files/litigation/complaints/2009/comp21090.pdf;01-1991;01-2005;803014;0;0;1;1;;;;;;;1;1;1;;1;;1;1;;;1;1;;;1;;;;;;;;;1
23f3305d3ffd825a5208b9b705bd3ed7;2009-06-18T10:23:37-04:00;AAER-2995;LR-21091;Ulticom, Inc., Lisa M. Roberts;Ulticom, Inc. and Lisa M. Roberts;https://www.sec.gov/enforcement-litigation/litigation-releases/lr-21091, https://www.sec.gov/files/litigation/complaints/2009/comp21091-ulticom.pdf, https://www.sec.gov/files/litigation/complaints/2009/comp21091-roberts.pdf;01-1996;04-2004;1103184;0;0;1;1;;;;;;;;1;;;1;;1;1;;;1;1;;;1;;;;;;;;;1
603acb38019afbbdbcc32869f25e0e74;2009-05-29T09:17:28-04:00;AAER-2981;34-60005;United Industrial Corporation;United Industrial Corporation;https://www.sec.gov/files/litigation/admin/2009/34-60005.pdf;10-2001;12-2002;101271;0;0;0;;;;;;;;;;;;;;;;;;1;1;;;;;;1;;;;1;;
25ae616e3212089ae707ce4536b2b239;2009-05-26T09:17:29-04:00;AAER-2974;33-9032, 34-59973;CSK Auto Corporation;CSK Auto Corporation;https://www.sec.gov/files/litigation/admin/2009/33-9032.pdf;03-2001;02-2004;1051848;0;1;1;1;;;;;;;1;1;1;;1;;;;;;1;1;;;;;;;;;;;;1
ca1dcd392dcf19221f46cfb17e44106d;2009-05-18T10:23:35-04:00;AAER-2970;LR-21042;Monster Worldwide, Inc.;Monster Worldwide, Inc.;https://www.sec.gov/enforcement-litigation/litigation-releases/lr-21042, https://www.sec.gov/files/litigation/complaints/2009/comp21042.pdf;01-1997;04-2003;1020416;0;0;1;1;;;;;;;1;1;1;;1;;1;1;;;1;1;;;;;;;;;;;;1
3d0b8d9f55b5bedaa00d0d14ca6bd4e3;2009-04-01T10:23:31-04:00;AAER-2957;LR-20982;Take-Two Interactive Software, Inc.;Take-Two Interactive Software, Inc.;https://www.sec.gov/enforcement-litigation/litigation-releases/lr-20982, https://www.sec.gov/files/litigation/complaints/2009/comp20982.pdf;04-1997;09-2003;946581;0;1;1;1;;;;;;;1;1;1;;1;;1;1;;;1;1;;;1;;;;;;;;;1
357cb772b44d758586ac844ff92c5217;2009-03-18T09:17:37-04:00;AAER-2951;34-59594;Allion Healthcare, Inc., James G. Spencer;Allion Healthcare, Inc. and James G. Spencer;https://www.sec.gov/files/litigation/admin/2009/34-59594.pdf;01-2005;09-2005;847935;0;1;1;;;;;;;;;1;1;;;;;1;;;1;1;;;;;;;;;;;;1
0dd045483d8d5affe3718d002782d8c4;2009-03-12T10:23:30-04:00;AAER-2949;LR-20950;Quest Software, Inc., Vincent C. Smith, John J. Laskey, Kevin E. Brooks;Quest Software, Inc., Vincent C. Smith, John J. Laskey, and Kevin E. Brooks;https://www.sec.gov/enforcement-litigation/litigation-releases/lr-20950, https://www.sec.gov/files/litigation/complaints/2009/comp20950.pdf;12-1999;08-2002;1088033;0;1;1;;1;1;;;;;;1;1;;1;;;1;;;1;1;;;1;;;;;;;;;1
ea460cc3e9e57bca72598b7defe1d2a3;2009-03-12T10:23:30-04:00;AAER-3022A;LR-20949A;MedQuist Inc., John A. Donohoe, Brian J. Kearns, Bruce J. Van Fossen;"MedQuist Inc.; John A. Donohoe; and Brian J. Kearns and Bruce J. Van Fossen";https://www.sec.gov/enforcement-litigation/litigation-releases/lr-20949a, https://www.sec.gov/files/litigation/complaints/2009/comp20949-medquist.pdf, https://www.sec.gov/files/litigation/complaints/2009/comp20949-donohoe.pdf, https://www.sec.gov/files/litigation/complaints/2009/comp20949-kearns.pdf;01-1999;12-2004;884497;0;0;0;1;;;;;;;1;1;1;;1;;1;1;;;1;1;;;;;;;;;;;;1
756d3079fc77cdeeccb9148457a1fb43;2009-03-11T10:23:29-04:00;AAER-2948;LR-20945;PowerCold Corporation, Francis L. Simola, Joseph C. Cahill, Grayling R. Hofer;PowerCold Corporation, Francis L. Simola, Joseph C. Cahill, and Grayling R. Hofer;https://www.sec.gov/enforcement-litigation/litigation-releases/lr-20945, https://www.sec.gov/files/litigation/complaints/2009/comp20945.pdf;01-2003;09-2005;827055;06-2009;1;1;;;;;;;;1;1;1;;1;;1;1;;;1;1;;;;;;;;;;;;1
376996cc11995cb63a6a591d0b364719;2009-03-05T09:23:28-05:00;AAER-2943;LR-20927;Pediatrix Medical Group, Inc.;Pediatrix Medical Group, Inc.;https://www.sec.gov/enforcement-litigation/litigation-releases/lr-20927, https://www.sec.gov/files/litigation/complaints/2009/comp20927.pdf;04-1997;08-2000;893949;0;1;1;;;;;;;;1;1;1;;1;;;1;;;1;1;;;1;;;;;;;;;1
47a3d48331c1f264b2a3b3b7aa40f22e;2009-03-04T08:17:39-05:00;AAER-2941;34-59499;Krispy Kreme Doughnuts, Inc.;Krispy Kreme Doughnuts, Inc.;https://www.sec.gov/files/litigation/admin/2009/34-59499.pdf;02-2003;05-2004;1100270;0;1;1;;;;;;;;;1;1;;1;;1;1;;;1;1;;;;;;;;;;;;1
b81156beda84a74c685c22b7cdae6d8b;2009-02-11T09:23:27-05:00;AAER-2934;LR-20896;ITT Corporation;ITT Corporation;https://www.sec.gov/enforcement-litigation/litigation-releases/lr-20896, https://www.sec.gov/files/litigation/complaints/2009/comp20896.pdf;01-2001;12-2005;216228;0;0;0;;;;;;;;;;;;;;;;;;1;1;;;;;;;;;;1;;
c1094e809dd88fd4e3051bc6e81cade8;2009-02-11T09:23:27-05:00;AAER-2935A;LR-20897A;Halliburton Company, KBR, Inc.;Halliburton Company and KBR, Inc.;https://www.sec.gov/enforcement-litigation/litigation-releases/lr-20897a, https://www.sec.gov/files/litigation/complaints/2009/comp20897.pdf;09-1998;06-2004;45012;0;0;1;;;;;;;;;;;;;;;;;;1;1;;;;;;1;;;;1;;
6d86bb33e0b6a887d5d442b244e55082;2009-01-30T09:23:26-05:00;AAER-2929;LR-20876;Lumenis Ltd., Sagi A. Genger, Kevin Morano;Lumenis Ltd., Sagi A. Genger and Kevin Morano;https://www.sec.gov/enforcement-litigation/litigation-releases/lr-20876;10-2001;03-2003;1004945;0;1;1;1;;;;;;;1;1;1;;1;;1;1;;;1;1;;;;;;;;;;;;1
6190aa35d9b3994ebe6fcb9b95359925;2008-12-29T08:16:23-05:00;AAER-2913;34-59172;Stewart Enterprises, Inc., Kenneth C. Budde, CPA, Michael G. Hymel, CPA;Stewart Enterprises, Inc., Kenneth C. Budde, CPA, and Michael G. Hymel, CPA;https://www.sec.gov/files/litigation/admin/2008/34-59172.pdf;11-2000;07-2005;878522;0;0;1;;;;;;;;;1;1;;1;;1;1;;;1;1;;;;;;;;;;;;1
dee3b4f82eb4e1d85383f53fbabbef21;2008-11-12T09:23:21-05:00;AAER-2897;LR-20801;Blue Coat Systems, Inc., Robert P. Verheecke;Blue Coat Systems, Inc. and Robert P. Verheecke;https://www.sec.gov/enforcement-litigation/litigation-releases/lr-20801, https://www.sec.gov/files/litigation/complaints/2008/comp20801.pdf;05-2000;04-2005;1095600;0;0;0;1;;;;;;;1;1;1;;1;;1;1;;;1;1;;;1;;;;;;;;;1
262fc11ebbd6236748c5531a2a480c55;2008-09-24T09:16:36-04:00;AAER-2885;34-58636;Bally Technologies, Inc.;Bally Technologies, Inc.;https://www.sec.gov/files/litigation/admin/2008/34-58636.pdf;04-2003;03-2005;2491;0;0;1;;;;;;;;;1;1;;1;;1;1;;;1;1;;;;;;;;;;;;1
16bf349b3ba88fea7bf805df909eba55;2008-09-24T09:16:36-04:00;AAER-2884;33-8960, 34-58633;Beazer Homes USA, Inc.;Beazer Homes USA, Inc.;https://www.sec.gov/files/litigation/admin/2008/33-8960.pdf;10-1997;03-2007;915840;0;0;1;1;;;;;;;1;1;1;;1;;1;1;;;1;1;;;;;;;;;;;;1
854c33a13161ae70de007b17180e3421;2008-09-15T10:23:17-04:00;AAER-2877;LR-20715;American Italian Pasta Company, Timothy S. Webster, Warren B. Schmidgall, David E. Watson, Stephanie S. Ruskey;"American Italian Pasta Company; Timothy S. Webster; Warren B. Schmidgall and David E. Watson; and Stephanie S. Ruskey";https://www.sec.gov/enforcement-litigation/litigation-releases/lr-20715, https://www.sec.gov/files/litigation/complaints/2008/comp20715_aipc.pdf, https://www.sec.gov/files/litigation/complaints/2008/comp20715_webster.pdf, https://www.sec.gov/files/litigation/complaints/2008/comp20715_schmidgall-watson.pdf, https://www.sec.gov/files/litigation/complaints/2008/comp20715_ruskey.pdf;11-2001;04-2004;849667;0;0;1;;;;;;;;1;1;1;;1;;1;1;;;1;1;;;;;;;;;;;;1
5b7edf6ef59e8b8942d15b50318ddfa0;2008-09-08T10:23:16-04:00;AAER-2874;LR-20706;United Rentals, Inc.;United Rentals, Inc.;https://www.sec.gov/enforcement-litigation/litigation-releases/lr-20706, https://www.sec.gov/files/litigation/complaints/2008/comp20706.pdf;01-1997;12-2002;1067701;0;0;0;1;;;;;;;1;1;1;;1;;1;1;;;1;1;;;;;;;;;;;;1
aa321f40cc9c71eb43ea58b91431e734;2008-08-27T09:16:42-04:00;AAER-2867;34-58433;Con-way Inc.;Con-way Inc.;https://www.sec.gov/files/litigation/admin/2008/34-58433.pdf;01-2000;01-2003;23675;0;0;1;;;;;;;;;;;;;;;;;;1;1;;1;;;;;;;;1;;
4a4ed5860f6816827ae773d723687907;2008-08-06T10:23:14-04:00;AAER-2860;LR-20670;Prudential Financial, Inc.;Prudential Financial, Inc.;https://www.sec.gov/enforcement-litigation/litigation-releases/lr-20670, https://www.sec.gov/files/litigation/complaints/2008/comp20670.pdf;12-1997;12-2002;1137774;0;1;1;;;;;;;;;1;1;;1;;1;1;;;1;1;;;;;;;;;;;;1
9e4af4875555e42f992fc36c44a63166;2008-07-22T10:23:13-04:00;AAER-2847;LR-20651;HCC Insurance Holdings, Inc., Stephen L. Way, Christopher L. Martin;"HCC Insurance Holdings, Inc.; Stephen L. Way; and Christopher L. Martin";https://www.sec.gov/enforcement-litigation/litigation-releases/lr-20651, https://www.sec.gov/files/litigation/complaints/2008/comp20651.pdf;01-1997;12-2005;888919;0;0;0;;;;;;;;;1;1;;1;;1;1;;;1;1;;;;;;;;;;;;1
efa6c62180a76470ea4750025aca30b0;2008-07-11T10:23:12-04:00;AAER-2844;LR-20642;El Paso Corporation, et al.;El Paso Corporation, et al.;https://www.sec.gov/enforcement-litigation/litigation-releases/lr-20642, https://www.sec.gov/files/litigation/complaints/2008/comp20642.pdf;01-1998;09-2003;1066107;0;0;1;;1;;;;;;;1;1;;1;;;1;;;1;1;;;;;;;;;;;;1
4e6e9c715eb93e351c3f754c68a40403;2008-06-16T09:16:51-04:00;AAER-2838;34-57970;Citigroup Inc.;Citigroup Inc.;https://www.sec.gov/files/litigation/admin/2008/34-57970.pdf;11-2001;12-2001;831001;0;1;1;;;;;;;;;1;1;;1;;1;;;;1;1;;;;;;;;;;;;1
8f8ed2eed460c93a5d005e1f21bbc792;2008-06-05T09:16:52-04:00;AAER-2836;34-57933;Faro Technologies, Inc.;Faro Technologies, Inc.;https://www.sec.gov/files/litigation/admin/2008/34-57933.pdf;01-2004;03-2006;917491;0;0;0;;;;;;;;;;;;;;;;;;1;1;;;;;;1;;;;1;;
29574a7ef28fcf7e791dd67e073f5ccb;2008-05-19T10:23:09-04:00;AAER-2828;LR-20584;Brooks Automation, Inc.;Brooks Automation, Inc.;https://www.sec.gov/enforcement-litigation/litigation-releases/lr-20584, https://www.sec.gov/files/litigation/complaints/2008/comp20584.pdf;02-1999;09-2000;933974;0;1;0;;;;;;;;;1;1;;1;;;1;;;1;1;;;;;;;;;;;;1
ed8a01d3d34039dbf6396653739ee6d2;2008-05-01T10:23:07-04:00;AAER-2819;LR-20547;Interpublic Group of Companies, Inc., McCann-Erickson Worldwide, Inc., Salvatore LaGreca, Brian Watson;"Interpublic Group of Companies, Inc. and McCann-Erickson Worldwide, Inc.; Salvatore LaGreca and Brian Watson";https://www.sec.gov/enforcement-litigation/litigation-releases/lr-20547, https://www.sec.gov/files/litigation/complaints/2008/comp20547-lagreca.pdf, https://www.sec.gov/files/litigation/complaints/2008/comp20547-ipg.pdf;08-2002;09-2005;51644;0;1;1;;1;1;;;;;;1;1;;1;;1;1;;;1;1;;;;;;;;;;;;1
6487a93fc4f6359c0223ede437d1aeb7;2008-05-01T09:16:55-04:00;AAER-2821;34-57754;UTStarcom, Inc., Hong Liang Lu, Michael J. Sophie;UTStarcom, Inc., Hong Liang Lu and Michael J. Sophie;https://www.sec.gov/files/litigation/admin/2008/34-57754.pdf;01-2000;09-2005;1030471;0;0;0;;;;;;;;;1;;;1;;;1;;;1;1;;;;;;;;;;;;1
9e050c8482c243a9b78f20f335884d54;2008-02-14T08:17:02-05:00;AAER-2785;34-57333;Westinghouse Air Brake Technologies Corporation;Westinghouse Air Brake Technologies Corporation;https://www.sec.gov/files/litigation/admin/2008/34-57333.pdf;01-2001;12-2005;943452;0;0;0;;;;;;;;;;;;;;;;;;1;1;;;;;;1;;;;1;;
5d85771fedc702f789f5e1de78d89fe6;2007-12-21T09:23:00-05:00;AAER-2760;LR-20414;Lucent Technologies Inc.;Lucent Technologies Inc.;https://www.sec.gov/enforcement-litigation/litigation-releases/lr-20414, https://www.sec.gov/files/litigation/complaints/2007/comp20414.pdf;01-2000;12-2003;1006240;0;0;0;;;;;;;;;;;;;;;;;;1;1;;;;;;;;;;1;;
2c1611c558d2e3ac13ff29792232d65b;2007-10-18T09:15:54-04:00;AAER-2744;34-56674;MQ Associates, Inc.;MQ Associates, Inc.;https://www.sec.gov/files/litigation/admin/2007/34-56674.pdf;01-2002;09-2004;1198233;0;1;1;;;;;;;;;;;;;;;;;;1;1;;;;;;;;;;;;1
;2007-10-15T10:22:56-04:00;AAER-2740;LR-20333;Nortel Networks Corporation;Nortel Networks Corporation and Nortel Networks Limited;https://www.sec.gov/enforcement-litigation/litigation-releases/lr-20333, https://www.sec.gov/files/litigation/complaints/2007/comp20333.pdf;10-2000;06-2003;72911;10-2015;0;1;1;;;;;;;1;1;1;;1;;;1;;;1;1;;1;;;;;;;;;;1
;2007-10-15T10:22:56-04:00;AAER-2740;LR-20333;Nortel Networks Limited;Nortel Networks Corporation and Nortel Networks Limited;https://www.sec.gov/enforcement-litigation/litigation-releases/lr-20333, https://www.sec.gov/files/litigation/complaints/2007/comp20333.pdf;10-2000;06-2003;1119664;0;0;1;1;;;;;;;1;1;1;;1;;;1;;;1;1;;1;;;;;;;;;;1
a744a3d6638c8fd3bd623b6b2062cd78;2007-09-26T09:15:58-04:00;AAER-2727;34-56533;Bristow Group Inc.;Bristow Group Inc.;https://www.sec.gov/files/litigation/admin/2007/34-56533.pdf;01-2003;10-2004;73887;0;0;0;;;;;;;;;1;1;;1;;;1;;;1;1;;;;;;1;;;;1;;1
56e006344f0d937a34c70d325c8e1af3;2007-09-25T09:15:58-04:00;AAER-2725;34-56519;Electronic Data Systems Corporation;Electronic Data Systems Corporation;https://www.sec.gov/files/litigation/admin/2007/34-56519.pdf, https://www.sec.gov/files/litigation/litreleases/2007/lr20296.htm;12-2001;09-2003;1007456;0;1;1;;;;;;;;;1;1;;;;;1;;;1;;;;;;;;;;;1;;1
a40afabea94b02e57178102d101cb9d6;2007-09-13T09:16:00-04:00;AAER-2717;34-56438;Ferro Corporation, Anthony J. Maikut;Ferro Corporation and Anthony J. Maikut;https://www.sec.gov/files/litigation/admin/2007/34-56438.pdf;01-2003;03-2004;35214;0;1;1;;;;;;;;;1;1;;1;;;1;;;1;1;;;;;;;;;;;;1
114872e93fc420888499e663a7b64737;2007-09-05T10:22:52-04:00;AAER-2674;LR-20266;Saks Incorporated;Saks Incorporated;https://www.sec.gov/enforcement-litigation/litigation-releases/lr-20266, https://www.sec.gov/files/litigation/complaints/2007/comp20266.pdf;08-1998;02-2003;812900;0;0;1;;;;;;;;;1;1;;1;;1;1;;;1;1;;;;;;;;;;;;1
9105c32e4eae5f1905ad398bf5df556a;2007-08-30T10:22:52-04:00;AAER-2673;LR-20261;Integrated Electrical Services, Inc., Herbert R. Allen, Richard L. China, Thomas E. Stalvey, Ernest P. Breaux, James M. Calcote, J. Carl Cannon;Integrated Electrical Services, Inc., Herbert R. Allen, Richard L. China, Thomas E. Stalvey, Ernest P. Breaux, James M. Calcote, and J. Carl Cannon;https://www.sec.gov/enforcement-litigation/litigation-releases/lr-20261, https://www.sec.gov/files/litigation/admin/2007/34-56341.pdf;04-2003;03-2004;1048268;0;1;1;;;;;;;;;1;1;;1;;;1;;;1;1;;;;;;;;;;;;1
bda34336f442a632a5a188026382910a;2007-08-07T10:22:50-04:00;AAER-2664;LR-20227;First BanCorp;First BanCorp;https://www.sec.gov/enforcement-litigation/litigation-releases/lr-20227, https://www.sec.gov/files/litigation/complaints/2007/comp20227.pdf;11-1999;03-2005;1057706;0;1;1;;;;;;;;1;1;1;;1;;;1;;;1;1;;;;;;;;;;;;1
f8f09f1f983ac96f0656fb31d789c033;2007-08-01T10:22:49-04:00;AAER-2661;LR-20219;Integrated Silicon Solution, Inc., Gary L. Fischer;Integrated Silicon Solution, Inc. and Gary L. Fischer;https://www.sec.gov/enforcement-litigation/litigation-releases/lr-20219, https://www.sec.gov/files/litigation/complaints/2007/comp20219.pdf;10-1996;09-2005;854701;0;0;0;1;;;;;;;1;1;1;;1;;1;1;;;1;1;;;1;;;;;;;;;1
3722d50a4dcc23210f7b40acfbccfda7;2007-07-31T09:16:07-04:00;AAER-2660;33-8827, 34-56170;Aspen Technology, Inc.;Aspen Technology, Inc.;https://www.sec.gov/files/litigation/admin/2007/33-8827.pdf;01-1999;06-2002;929940;0;0;1;1;;;;;;;1;1;1;;1;;1;1;;;1;1;;;;;;;;;;;;1
43ed2b5334d0fa29efe4925d80556720;2007-07-26T10:22:49-04:00;AAER-2657;LR-20214;Delta & Pine Land Company, Turk Deltapine, Inc.;Delta & Pine Land Company and Turk Deltapine, Inc.;https://www.sec.gov/enforcement-litigation/litigation-releases/lr-20214, https://www.sec.gov/files/litigation/complaints/2007/comp20214.pdf, https://www.sec.gov/files/litigation/admin/2007/34-56138.pdf;01-2001;08-2006;902277;0;0;0;;;;;;;;;;;;;;;;;;1;1;;;;;;1;;;;1;;
86556d8f3c85c4d7b860675f13a22c36;2007-07-26T10:22:49-04:00;AAER-2654;LR-20212;Cardinal Health, Inc.;Cardinal Health, Inc.;https://www.sec.gov/enforcement-litigation/litigation-releases/lr-20212, https://www.sec.gov/files/litigation/complaints/2007/comp20212.pdf;09-2000;03-2004;721371;0;1;1;1;;;;;;;1;1;1;;1;;1;1;;;1;1;;;;;;;;;;;;1
2828805e1ea3c59a3589316268c47a6e;2007-07-25T10:22:49-04:00;AAER-2652;LR-20206;ConAgra Foods, Inc.;ConAgra Foods, Inc.;https://www.sec.gov/enforcement-litigation/litigation-releases/lr-20206, https://www.sec.gov/files/litigation/complaints/2007/comp20206.pdf;06-1998;05-2003;23217;0;1;0;;;;;;;;1;1;1;;1;;;1;;;1;1;;;;;;;;;;;;1
f3c7bfee67a4ac622629db3a8efef42d;2007-07-18T09:16:08-04:00;AAER-2643;33-8826, 34-56089;OM Group, Inc.;OM Group, Inc.;https://www.sec.gov/files/litigation/admin/2007/33-8826.pdf;01-2001;12-2002;899723;0;0;0;1;;;;;;;1;1;1;;1;;1;1;;;;;;;;;;;;;;;;1
02bbfb1130368857b59294d93e04b509;2007-07-17T09:16:08-04:00;AAER-2644;33-8825, 34-56082;Quovadx, Inc.;Quovadx, Inc.;https://www.sec.gov/files/litigation/admin/2007/33-8825.pdf;10-2002;12-2003;1094561;0;1;1;1;;;;;;;1;1;1;;1;;1;1;;;1;1;;;;;;;;;;;;1
;2007-07-09T10:22:48-04:00;AAER-2632;LR-20185;Brightpoint, Inc.;;https://www.sec.gov/enforcement-litigation/litigation-releases/lr-20185;10-1998;08-2001;918946;0;1;0;1;;;;;;;1;1;;;;;;;;;1;1;;;;;;;;;;;;1
;2007-07-09T10:22:48-04:00;AAER-2632;LR-20185;American International Group, Inc.;;https://www.sec.gov/enforcement-litigation/litigation-releases/lr-20185;12-1998;01-1999;5272;0;1;1;;;;;;;;1;;;;;;;;;;1;1;;;;;;;;;;;;1
39392734f6c1d4264acb151ce6a9f881;2007-06-29T09:16:10-04:00;AAER-2626;33-8815, 34-55982;CVS Caremark Corporation, Philip C. Galbo, Larry Solberg;CVS Caremark Corporation, Philip C. Galbo, and Larry Solberg;https://www.sec.gov/files/litigation/admin/2007/33-8815.pdf;07-2000;09-2000;64803;0;1;1;;;;;;;;;1;;;1;;;1;;;1;;;;;;;;;;;;;1
0672edf56c326bfdb9c6d8d9f6a00174;2007-06-20T09:16:11-04:00;AAER-2620;34-55933;Cambrex Corporation;Cambrex Corporation;https://www.sec.gov/files/litigation/admin/2007/34-55933.pdf;01-1997;12-2001;820081;0;1;1;;;;;;;;;;;;;;;;;;1;1;;;;;;;;;;;;1
c0f5044fd41138e9000aa3df49e59d00;2007-06-20T09:16:11-04:00;AAER-2618;34-55931;Allied Capital Corporation;Allied Capital Corporation;https://www.sec.gov/files/litigation/admin/2007/34-55931.pdf;04-2001;03-2003;3906;0;1;1;;;;;;;;;;;;;;;;;;1;1;;;;;;;;;;;;1
f6eef02e8920e824444e8df585014a0a;2007-05-23T10:22:44-04:00;AAER-2611;LR-20125;The BISYS Group, Inc.;The BISYS Group, Inc.;https://www.sec.gov/enforcement-litigation/litigation-releases/lr-20125, https://www.sec.gov/files/litigation/complaints/2007/comp20125.pdf;07-2000;12-2003;883587;0;1;1;;;;;;;;;1;1;;1;;1;1;;;1;1;;;;;;;;;;;;1
d07f3f22fdcba66a4b21203435fce9bc;2007-05-08T09:16:14-04:00;AAER-2607;34-55725;Motorola, Inc.;Motorola, Inc.;https://www.sec.gov/files/litigation/admin/2007/34-55725.pdf;05-2000;12-2001;68505;0;1;1;;;;;;;;;1;1;;1;;;1;;;1;;;;;;;;;;;;;1
f1671005076d20f76da5aa363d50fe40;2007-04-26T10:22:43-04:00;AAER-2602;LR-20094;Baker Hughes Incorporated, Roy Fearnley;Baker Hughes Incorporated and Roy Fearnley;https://www.sec.gov/enforcement-litigation/litigation-releases/lr-20094, https://www.sec.gov/files/litigation/complaints/2007/comp20094.pdf;03-1998;03-2005;808362;0;0;0;;;;;;;;;;;;;;;;;;1;1;;1;;;;1;;;;1;;
02f1afa13f87b5e2ee5910a09f705d6c;2007-03-29T09:16:16-04:00;AAER-2588;34-55556;Atlas Air Worldwide Holdings, Inc.;Atlas Air Worldwide Holdings, Inc.;https://www.sec.gov/files/litigation/admin/2007/34-55556.pdf;01-2000;06-2002;1135185;0;1;1;;;;;;;;;1;1;;1;;;1;;;1;1;;;;;;;;;;;;1
d748f5bbe7ee21d30f492fa3fd3f3307;2007-03-07T08:16:18-05:00;AAER-2573;34-55416;NorthWestern Corporation;NorthWestern Corporation;https://www.sec.gov/files/litigation/admin/2007/34-55416.pdf;01-2002;09-2002;73088;0;1;1;;;;;;;;;1;1;;;;1;1;;;1;1;;;;;;;;;;;;1
9f057ce233c720c4652b2adbb97bc31f;2007-02-21T09:22:38-05:00;AAER-2562;LR-20008;Veritas Software Corporation;Veritas Software Corporation;https://www.sec.gov/enforcement-litigation/litigation-releases/lr-20008, https://www.sec.gov/files/litigation/complaints/2007/comp20008.pdf;09-2000;12-2003;1084408;0;1;1;1;;;;;;;1;1;1;;1;;1;1;;;1;1;;;;;;;;;;;;1
24886525b9e858b8a8c4f6c98eb228d5;2007-02-13T08:16:19-05:00;AAER-2555;34-55281;The Dow Chemical Company;The Dow Chemical Company;https://www.sec.gov/files/litigation/admin/2007/34-55281.pdf;01-1996;12-2001;29915;0;0;0;;;;;;;;;;;;;;;;;;1;1;;;;;;;;;;1;;
ce5e4e652c7775064a42b102bbca52a0;2007-02-06T09:22:37-05:00;AAER-2550;LR-19989;RenaissanceRe Holdings Ltd.;RenaissanceRe Holdings Ltd.;https://www.sec.gov/enforcement-litigation/litigation-releases/lr-19989, https://www.sec.gov/files/litigation/complaints/2007/comp19989.pdf;01-2001;12-2003;913144;0;1;1;1;;;;;;;1;1;1;;1;;;1;;;1;1;;;;;;;;;;;;1
0cec14729f2c7a5c274e6e0ee3e1b50d;2007-01-29T08:16:21-05:00;AAER-2548;33-8776, 34-55184;MBIA Inc.;MBIA Inc.;https://www.sec.gov/files/litigation/admin/2007/33-8776.pdf;07-1998;09-1998;814585;0;1;1;1;;;;;;;1;1;1;;1;;1;1;;;1;1;;;;;;;;;;;;1
04b36e13584b4e273c15f29c303131da;2007-01-12T08:16:22-05:00;AAER-2540;34-55097;Lattice Semiconductor Corp.;Lattice Semiconductor Corp.;https://www.sec.gov/files/litigation/admin/2007/34-55097.pdf;04-2003;09-2003;855658;0;1;1;;;;;;;;;1;;;;;;1;;;1;1;;;;;;;;;;;;1
60e01378be3c3f0e3b917fa4e0b852d8;2006-12-29T08:15:17-05:00;AAER-2529;34-55030;Whitemark Homes, Inc., Kenneth L. White, Robert B. Early, Mitchell R. Gordon;Whitemark Homes, Inc., Kenneth L. White, Robert B. Early, and Mitchell R. Gordon;https://www.sec.gov/files/litigation/admin/2006/34-55030.pdf;10-2001;09-2002;42284;05-2015;0;1;;;;;;;;;1;1;;1;;1;1;;;1;1;;;;;;;;;;;;1
b96d0924f1699a0919d1130c719e1261;2006-12-21T08:15:17-05:00;AAER-2528;34-54994;Interstate Bakeries Corporation;Interstate Bakeries Corporation;https://www.sec.gov/files/litigation/admin/2006/34-54994.pdf;09-2003;02-2004;829499;0;1;1;;;;;;;;;1;1;;1;;1;1;;;1;1;;;;;;;;;;;;1
ed8c50bc62cfa463203b7fd90d6dfb5b;2006-11-29T08:15:19-05:00;AAER-2518;34-54830;Ashland Inc., William C. Olasin;Ashland Inc. and William C. Olasin;https://www.sec.gov/files/litigation/admin/2006/34-54830.pdf;01-1999;09-2001;7694;0;0;0;;;;;;;;;1;1;;1;;;1;;;1;1;;;;;;;;;;;;1
71a20cec856396b74f260667b3f91e51;2006-09-27T09:15:24-04:00;AAER-2485;33-8745, 34-54525;Lantronix, Inc.;Lantronix, Inc.;https://www.sec.gov/files/litigation/admin/2006/33-8745.pdf;10-2000;09-2001;1114925;0;1;1;1;;;;;;;1;1;1;;1;;;1;;;1;1;;;;;;;;;;;;1
8ac0dfa61a2abf5d78c438dd9a8b328b;2006-07-25T10:22:25-04:00;AAER-2464;LR-19772;Endocare, Inc., Kevin M. Quilty, Jerry W. Anderson;Endocare, Inc., Kevin M. Quilty, and Jerry W. Anderson;https://www.sec.gov/enforcement-litigation/litigation-releases/lr-19772, https://www.sec.gov/files/litigation/complaints/2006/comp19772.pdf;12-2001;03-2003;1003464;0;0;1;1;;;;;;;1;1;1;;1;;1;1;;;1;1;;;;;;;;;;;;1
3436ca1cee9b8898f80c4aa6326e7482;2006-06-28T10:22:24-04:00;AAER-2452;LR-19746;Virbac Corporation, Thomas L. Bell, Joseph A. Rougraff, Douglas A. Hubert, James C. Robison, Craig S. Campbell;Virbac Corporation, Thomas L. Bell, Joseph A. Rougraff, Douglas A. Hubert, James C. Robison, and Craig S. Campbell;https://www.sec.gov/enforcement-litigation/litigation-releases/lr-19746, https://www.sec.gov/files/litigation/admin/2006/33-8716.pdf, https://www.sec.gov/files/litigation/admin/2006/33-8717.pdf;10-2000;06-2003;922814;0;1;1;;1;1;;;;;;1;1;;1;;;1;;;1;1;;;;;;;;;;;;1
85ae6ae6b35d040cc9cd929d91730e8b;2006-06-28T09:15:32-04:00;AAER-2449;33-8715, 34-54057;Raytheon Company, Daniel P. Burnham, Aldo R. Servello;Raytheon Company, Daniel P. Burnham, and Aldo R. Servello;https://www.sec.gov/files/litigation/admin/2006/33-8715.pdf;01-1997;09-2001;1047122;0;0;1;;1;1;;;;;;1;1;;1;;;1;;;1;1;;;;;;;;;;;;1
fe198792c7a072ba21f7e64d20e7f07c;2006-06-27T10:22:24-04:00;AAER-2446;LR-19740;PowerLinx, Inc. (f/k/a SeaView Video Technology, Inc.), George S. Bernardich III, James R. Cox;PowerLinx, Inc. (f/k/a SeaView Video Technology, Inc.), George S. Bernardich III, and James R. Cox;https://www.sec.gov/enforcement-litigation/litigation-releases/lr-19740, https://www.sec.gov/files/litigation/complaints/2006/comp19740.pdf, https://www.sec.gov/files/litigation/admin/2006/34-54048.pdf, https://www.sec.gov/files/litigation/admin/2006/34-54049.pdf;01-2000;09-2000;894536;0;1;1;;;;;;;;1;;;;;;;;;;1;1;;;;;;;;;;;;1
;2006-06-27T10:22:24-04:00;AAER-2446;LR-19740;PowerLinx, Inc. (f/k/a SeaView Video Technology, Inc.), George S. Bernardich III, James R. Cox;;;09-2004;12-2004;894536;0;1;1;;;;;;;;1;;;;;;;;;;1;1;;;;;;;;;;;;1
8379869428b3107d95691e8a058b7700;2006-06-22T10:22:23-04:00;AAER-2443;LR-19735;Scientific-Atlanta, Inc.;Scientific-Atlanta, Inc.;https://www.sec.gov/enforcement-litigation/litigation-releases/lr-19735, https://www.sec.gov/files/litigation/complaints/2006/comp19735.pdf, https://www.sec.gov/files/litigation/admin/2006/34-54030.pdf, https://www.sec.gov/files/litigation/admin/2006/34-54031.pdf;08-2000;02-2001;87777;0;0;0;;;;;;;;;1;1;;1;;;1;;;1;1;;;;;;;;;;;;1
4a9e015aede0d10a86f0ffc0cfb357fb;2006-05-30T09:15:35-04:00;AAER-2434;34-53882;Tribune Company;Tribune Company;https://www.sec.gov/files/litigation/admin/2006/34-53882.pdf;01-2002;03-2004;726513;0;1;1;;;;;;;;;1;1;;1;;;1;;;1;1;;;;;;;;;;;;1
e229e758e6e8319c73d16606eec1ad8d;2006-05-23T10:22:22-04:00;AAER-2433;LR-19710;Federal National Mortgage Association;Federal National Mortgage Association;https://www.sec.gov/enforcement-litigation/litigation-releases/lr-19710, https://www.sec.gov/files/litigation/complaints/2006/comp19710.pdf;01-1998;06-2004;310522;0;0;1;;1;1;;;;;1;1;1;;1;;1;1;;;1;1;;;;;;;;;;;;1
dc8a17ab1c23c2d388d826d14238a8ed;2006-04-27T10:22:20-04:00;AAER-2422;LR-19673;Ingles Markets Incorporated;Ingles Markets Incorporated;https://www.sec.gov/enforcement-litigation/litigation-releases/lr-19673, https://www.sec.gov/files/litigation/complaints/2006/comp19673.pdf;01-2002;09-2003;50493;0;1;1;1;;;;;;;1;1;1;;1;;;1;;;;;;;;;;;;;;;;1
f82bc80de3fea2d4df5d5d8a0c540046;2006-04-27T09:15:38-04:00;AAER-2424;34-53732;Oil States International, Inc.;Oil States International, Inc.;https://www.sec.gov/files/litigation/admin/2006/34-53732.pdf;12-2003;12-2004;1121484;0;0;0;;;;;;;;;;;;;;;;;;1;1;;;;;;;;;;1;;
e21c2106948db277a4ee2f7e8f26ac55;2006-04-12T10:22:19-04:00;AAER-2411;LR-19653;Dollar General Corp., et al.;Dollar General Corp., et al.;https://www.sec.gov/enforcement-litigation/litigation-releases/lr-19653;02-1998;12-2000;29534;0;1;1;1;;;;;;;1;1;1;;1;;1;1;;;1;1;;;;;;;;;;;;1
f1d656660fbc37889830132069466a71;2006-03-29T08:15:40-05:00;AAER-2403;34-53566;Netopia, Inc.;Netopia, Inc.;https://www.sec.gov/files/litigation/admin/34-53566.pdf;04-2002;09-2003;1012482;0;1;1;;;;;;;;;1;1;;1;;1;1;;;1;1;;;;;;;;;;;;1
07bcb8b56a34a51f7de98ddcc47ac448;2006-02-27T08:15:43-05:00;AAER-2386;33-8665, 34-53381;Sun Communities, Inc., Sun Communities Operating Limited Partnership;Sun Communities, Inc. and Sun Communities Operating Limited Partnership;https://www.sec.gov/files/litigation/admin/33-8665.pdf;01-2000;12-2002;912593;0;1;1;;1;1;;;;;;1;1;;1;;;1;;;1;1;;;;;;;;;;;;1
933579ebb2edd3151d75c46f217b4050;2006-02-09T09:22:14-05:00;AAER-2371;LR-19560;American International Group, Inc.;American International Group, Inc.;https://www.sec.gov/enforcement-litigation/litigation-releases/lr-19560, https://www.sec.gov/files/litigation/complaints/comp19560.pdf;10-2000;03-2001;5272;0;1;1;1;1;1;;;;;1;1;1;;1;;;1;;;1;1;;;;;;;;;;;;1
ba6eac8e35b550b872b59feaf0263bad;2006-02-07T08:15:46-05:00;AAER-2370;34-53236;Cummins Inc.;Cummins Inc.;https://www.sec.gov/files/litigation/admin/34-53236.pdf;01-1997;12-2002;26172;0;0;0;;;;;;;;;1;1;;1;;;1;;;1;1;;;;;;;;;;;;1
3ad886b809d71095aa3be8631e5f2ee6;2006-01-19T09:22:12-05:00;AAER-2364;LR-19532;Sport-Haley, Inc., Steve S. Auger, Kenneth R. LeCrone;Sport-Haley, Inc., Steve S. Auger, and Kenneth R. LeCrone;https://www.sec.gov/enforcement-litigation/litigation-releases/lr-19532;07-1997;06-1999;892653;0;1;1;;1;1;;;;;;;;;;;;;;;1;1;;;;;;;;;;;;1
1b9be621ba577e56f0fb67b7cb5b4ea1;2006-01-11T08:15:48-05:00;AAER-2362;33-8653, 34-53100;Pegasus Satellite Communications, Inc., Pegasus Media & Communications, Inc.;Pegasus Satellite Communications, Inc., and Pegasus Media & Communications, Inc.;https://www.sec.gov/files/litigation/admin/33-8653.pdf;07-1999;12-2001;1015629;0;1;1;1;;;;;;;1;1;1;;1;;;1;;;1;1;;;;;;;;;;;;1
42b55c297900afac2fd91af9c82479f0;2006-01-04T09:22:12-05:00;AAER-2360;LR-19520;McAfee, Inc.;McAfee, Inc.;https://www.sec.gov/enforcement-litigation/litigation-releases/lr-19520, https://www.sec.gov/files/litigation/complaints/comp19520.pdf;04-1998;12-2000;890801;0;1;1;1;;;;;;;1;1;1;;1;;;1;;;1;1;;;;;;;;;;;;1
c5564089fde07a76bd33ec6a4e12989f;2006-01-04T08:15:49-05:00;AAER-2359;33-8651, 34-53049;Applix, Inc.;Applix, Inc.;https://www.sec.gov/files/litigation/admin/33-8651.pdf;12-2001;09-2002;932112;0;1;1;1;;;;;;;1;1;1;;1;;1;1;;;1;1;;;;;;;;;;;;1
69dc3f951219bc08ac7ead7aa65fee64;2005-11-30T09:22:09-05:00;AAER-2351;LR-19477;Friedman's Inc.;Friedman's Inc.;https://www.sec.gov/enforcement-litigation/litigation-releases/lr-19477, https://www.sec.gov/files/litigation/complaints/comp19477.pdf;10-2001;09-2003;911004;01-2006;1;1;1;;;;;;;1;1;;;1;;;1;;;1;1;;;;;;;;;;;;1
506c716ca78de42f32626e2ef1ba2822;2005-09-13T09:14:54-04:00;AAER-2309;34-52409;NCO Group, Inc.;NCO Group, Inc.;https://www.sec.gov/files/litigation/admin/34-52409.pdf;10-2004;12-2004;1022608;0;0;0;;;;;;;;;1;1;;1;;;1;;;1;1;;;;;;;;;;;;1
;2005-09-13T09:14:54-04:00;AAER-2309;34-52409;NCO Group, Inc.;;https://www.sec.gov/files/litigation/admin/34-52409.pdf;09-1999;12-2002;1022608;0;1;1;;;;;;;;;1;1;;1;;;1;;;1;1;;;;;;;;;;;;1
4bf2dbc6018293eb15c9fc351feeb669;2005-09-09T10:22:03-04:00;AAER-2222A;LR-19165A;Aurora Foods Inc., et al.;Aurora Foods Inc., et al.;https://www.sec.gov/enforcement-litigation/litigation-releases/lr-19165a;01-1998;12-1999;1033523;0;1;1;;;;;;;;1;;;;;;;;;;;;;1;;;;;;;;;;1
f103c6114194b2087f950229f3f50354;2005-08-31T09:14:55-04:00;AAER-2306;34-52370;Premier Financial Bancorp, Inc.;Premier Financial Bancorp, Inc.;https://www.sec.gov/files/litigation/admin/34-52370.pdf;01-2003;06-2003;887919;0;1;1;;;;;;;;;1;1;;1;;;1;;;1;1;;;;;;;;;;;;1
7be64928a982b2a7382e272945a81ee5;2005-07-28T09:14:58-04:00;AAER-2285;33-8596, 34-52159;Microtune, Inc., William L. Housley, Jeffrey W. Davis, Everett Rogers;Microtune, Inc., William L. Housley, Jeffrey W. Davis, and Everett Rogers;https://www.sec.gov/files/litigation/admin/33-8596.pdf;07-2001;09-2002;1108058;0;1;1;1;;;;;;;1;1;1;;1;;;1;;;1;1;;;;;;;;;;;;1
5f079c5f5bfe957a9086967b247e5632;2005-07-15T09:14:59-04:00;AAER-2278;34-52041;Comerica, Inc.;Comerica, Inc.;https://www.sec.gov/files/litigation/admin/34-52041.pdf;04-2002;06-2002;28412;0;1;1;;;;;;;;;1;1;;;;;1;;;1;1;;;;;;;;;;;;1
00a5648f752b977ed5a8692e02cb6088;2005-07-11T09:14:59-04:00;AAER-2274;34-52006;Foamex International, Inc.;Foamex International, Inc.;https://www.sec.gov/files/litigation/admin/34-52006.pdf;01-1999;09-2003;912908;0;0;1;;;;;;;;;1;;;;;;1;;;1;1;;;;;;;;;;;;1
f2dd1388ffc21cb4952befb736c86cf4;2005-07-08T09:15:00-04:00;AAER-2273;34-51995;Duke Energy Corporation;Duke Energy Corporation;https://www.sec.gov/files/litigation/admin/34-51995.pdf;06-1997;11-2002;30371;0;1;1;;;;;;;;;;;;;;;;;;1;1;;;;;;;;;;;;1
b2fab16f5e2be8039a576d80d3b1367f;2005-06-23T10:21:59-04:00;AAER-2263;LR-19280;Healthsouth Corporation, et al.;Healthsouth Corporation et al.;https://www.sec.gov/enforcement-litigation/litigation-releases/lr-19280;01-1986;03-2003;785161;0;0;1;1;;;;;;;1;1;1;;1;;;1;;;1;1;;;;;;;;;;;;1
e8a9ade4d607ad81f6820a0cd5a92a56;2005-06-22T10:21:59-04:00;AAER-2265;LR-19279;Schick Technologies, Inc., David B. Schick, Fred Levine;Schick Technologies, Inc., David B. Schick and Fred Levine;https://www.sec.gov/enforcement-litigation/litigation-releases/lr-19279;04-1998;09-1999;1014507;0;1;1;;;;;;;;;1;1;;1;;;1;;;1;1;;;;;;;;;;;;1
d5a46880ae4efadfc76c7eae4d2c6e78;2005-05-20T09:15:03-04:00;AAER-2249;34-51724;Diagnostic Products Corporation;Diagnostic Products Corporation;https://www.sec.gov/files/litigation/admin/34-51724.pdf;01-1991;01-2003;702259;0;0;1;;;;;;;;;;;;;;;;;;1;1;;;;;;1;;;;1;;
51b0551ee6bd335e0d70be2472ac2b90;2005-05-03T10:21:55-04:00;AAER-2242;LR-19215;Chesapeake Corporation, et al.;Chesapeake Corporation, et al.;https://www.sec.gov/enforcement-litigation/litigation-releases/lr-19215, https://www.sec.gov/files/litigation/complaints/comp19215.pdf;01-2000;09-2000;19731;0;1;1;;;;;;;;1;1;1;;;;;1;;;1;1;;;;;;;;;;;;1
316fbe37b2f128a58554cd1a44d2252d;2005-04-18T09:15:06-04:00;AAER-2232;33-8569, 34-51565;The Coca-Cola Company;The Coca-Cola Company;https://www.sec.gov/files/litigation/admin/33-8569.pdf;01-1997;12-1999;21344;0;0;0;;1;1;;;;;;1;1;;1;;1;1;;;;;;;;;;;;;;;;1
fa001da5f6c20a955c4057a5f2a0e70c;2005-04-11T09:15:08-04:00;AAER-2231;34-51517;Global Crossing Ltd., Thomas J. Casey, Dan J. Cohrs, Joseph P. Perrone;Global Crossing Ltd., Thomas J. Casey, Dan J. Cohrs, and Joseph P. Perrone;https://www.sec.gov/files/litigation/admin/34-51517.pdf;01-2001;06-2001;1061322;0;1;1;;;;;;;;;1;1;;;;;1;;;;;;;;;;;;;;;;1
b4d82b4ad840c9e4ee58b6dbde7c1f16;2005-04-07T09:15:08-04:00;AAER-2227;34-51506;Easylink Services Corporation, f.k.a. Mail.com, Inc., Debra McClister, CPA;Easylink Services Corporation, f.k.a. Mail.com, Inc. and Debra McClister, CPA;https://www.sec.gov/files/litigation/admin/34-51506.pdf;07-2000;12-2000;1081661;0;1;1;;;;;;;;;1;1;;1;;;1;;;1;1;;;;;;;;;;;;1
4c6be47aeacd409db67ade895a9bd4db;2005-03-04T09:21:50-05:00;AAER-2199;LR-19120;TALX Corporation;TALX Corporation;https://www.sec.gov/enforcement-litigation/litigation-releases/lr-19120;04-2000;03-2001;917524;0;1;0;1;;;;;;;1;1;1;;1;;1;1;;;1;1;;;;;;;;;;;;1
9751c55b3cd48ccf86ef30a8be289fd2;2005-03-01T09:21:49-05:00;AAER-2204;LR-19107;The Titan Corporation;The Titan Corporation;https://www.sec.gov/enforcement-litigation/litigation-releases/lr-19107, https://www.sec.gov/files/litigation/complaints/comp19107.pdf;07-1999;12-2003;32258;0;1;0;;;;;;;;;;;;;;;;;;1;1;;;;;;1;;;;1;;
02d221491dd526c25ed37e8c95e51ab6;2005-02-14T09:21:48-05:00;AAER-2187;LR-19078;GE InVision, Inc. (formerly known as InVision Technologies, Inc.);GE InVision, Inc. (formerly known as InVision Technologies, Inc.);https://www.sec.gov/enforcement-litigation/litigation-releases/lr-19078;06-2002;06-2004;1005969;0;1;1;;;;;;;;;;;;;;;;;;1;1;;;;;;1;;;;1;;
4de605b06cbf0f08280718eb61e7c53f;2005-02-14T08:15:13-05:00;AAER-2185;34-51198;FFP Marketing Company, Inc., Warner Williams, Craig Scott, CPA;FFP Marketing Company, Inc., Warner Williams, and Craig Scott, CPA;https://www.sec.gov/enforcement-litigation/administrative-proceedings/34-51198;06-1999;09-2001;1050891;0;1;1;;;;;;;;;1;1;;1;;;1;;;1;1;;;;;;;;;;;;1
3438781883dee656626b2f3a64cadc75;2005-01-24T08:15:15-05:00;AAER-2172;33-8525, 34-51072;Daisytek International Corporation;Daisytek International Corporation;https://www.sec.gov/enforcement-litigation/administrative-proceedings/33-8525;04-2000;03-2001;887403;0;1;1;1;;;;;;;1;1;1;;1;;;1;;;1;1;;;;;;;;;;;;1
a552f8c94f6233c5e5c953d17b9e5386;2005-01-06T08:15:16-05:00;AAER-2160;34-50978;Monsanto Company;Monsanto Company;https://www.sec.gov/enforcement-litigation/administrative-proceedings/34-50978;01-1997;12-2002;67686;0;0;0;;;;;;;;;;;;;;;;;;1;1;;1;;;;1;;;;1;;
8341337c4ef79962974b98588ce6efdb;2005-01-06T08:15:16-05:00;AAER-2161;34-50987;BroadVision, Inc.;BroadVision, Inc.;https://www.sec.gov/enforcement-litigation/administrative-proceedings/34-50987;04-2001;09-2001;920448;0;1;1;;;;;;;;1;1;1;;;;;1;;;1;1;;;;;;;;;;;;1
480ebe1003d8a409020fee39eb8ca174;2004-11-30T09:21:43-05:00;AAER-2145;LR-18985;American International Group, Inc.;American International Group, Inc.;https://www.sec.gov/enforcement-litigation/litigation-releases/lr-18985;03-2001;01-2002;5272;0;1;1;1;;;;;;;1;1;;;1;;;1;;;1;;;;;;;;;;;;;1
4a95426b70790555deda30304d7f4c02;2004-11-19T08:14:14-05:00;AAER-2139;34-50706;eFunds Corporation;eFunds Corporation;https://www.sec.gov/enforcement-litigation/administrative-proceedings/34-50706;04-2001;09-2001;1109190;0;1;1;;;;;;;;;1;1;;;;;1;;;1;1;;;;;;;;;;;;1
4b0e0b8396eda4dc72d5f7ae512aeb27;2004-11-19T08:14:14-05:00;AAER-2137;34-50704;Robotic Vision Systems, Inc.;Robotic Vision Systems, Inc.;https://www.sec.gov/enforcement-litigation/administrative-proceedings/34-50704;12-1999;09-2000;225868;07-2010;1;1;;;;;;;;1;1;1;;1;;;1;;;1;1;;;;;;;;;;;;1
622bdc95886ebfec9c00edafa25dfa58;2004-11-15T08:14:15-05:00;AAER-2134;33-8503, 34-50663;Fischer Imaging Corporation;Fischer Imaging Corporation;https://www.sec.gov/enforcement-litigation/administrative-proceedings/33-8503;01-2000;09-2002;750901;05-2011;1;1;1;;;;;;;1;1;1;;1;;;1;;;1;1;;1;;;;;;;;;;1
c0e38f29a18c2a2121579707f20ab1c9;2004-10-21T10:21:40-04:00;AAER-2127;LR-18936;Qwest Communications International Inc.;Qwest Communications International Inc.;https://www.sec.gov/enforcement-litigation/litigation-releases/lr-18936;06-1999;03-2002;1037949;0;1;1;1;;;;1;;1;1;1;1;;1;;1;1;;;1;1;;;1;;;;;;;;;1
458f2ad1234a5365606709c2d5d9534d;2004-09-15T09:14:21-04:00;AAER-2103;34-50385;McLeodUSA Incorporated;McLeodUSA Incorporated;https://www.sec.gov/enforcement-litigation/administrative-proceedings/34-50385;07-2001;12-2001;919943;0;1;1;;;;;;;;;1;1;;1;;;1;;;1;;;;;;;;;;;;;1
a37521bd8b05d8e3ae7cf5fb90ac8e77;2004-09-14T09:14:22-04:00;AAER-2097;33-8482, 34-50365;Fleming Companies, Inc.;Fleming Companies, Inc.;https://www.sec.gov/files/litigation/admin/33-8482.pdf;10-2001;06-2002;352949;0;1;1;1;;;;;;;1;1;1;;1;;;1;;;1;;;1;;;;;;;;;;1
5c2faf62688542a5b38b9b732aeb3890;2004-08-06T10:21:34-04:00;AAER-2080;LR-18822;Bristol-Myers Squibb Company;Bristol-Myers Squibb Company;https://www.sec.gov/enforcement-litigation/litigation-releases/lr-18822;01-2000;12-2001;14272;0;1;1;1;1;1;;;;;1;1;1;;1;;;1;;;1;1;;1;;;;;;;;;;1
792d9594a28e627b7fdcc7d98e5654d8;2004-07-27T09:14:28-04:00;AAER-2064;34-50098;Charter Communications, Inc.;Charter Communications, Inc.;https://www.sec.gov/enforcement-litigation/administrative-proceedings/34-50098;10-2000;12-2001;1091667;0;1;1;;;;;;;;;1;1;;1;;1;1;;;1;1;;;;;;;;;;;;1
c76ef11dcd1bd8eb3554781a32d58d11;2004-07-23T10:21:32-04:00;AAER-2059;LR-18789;WorldCom, Inc.;WorldCom, Inc.;https://www.sec.gov/enforcement-litigation/litigation-releases/lr-18789;10-1999;03-2002;723527;0;0;1;1;;;;;;;1;1;1;;1;;;1;;;1;1;;;;;;;;;;;;1
ab1cad1e4f3622e5784fa523e628a835;2004-06-28T10:21:31-04:00;AAER-2046;LR-18765;Measurement Specialties, Inc., Kirk J. Dischino;Measurement Specialties, Inc., and Kirk J. Dischino;https://www.sec.gov/enforcement-litigation/litigation-releases/lr-18765;06-2000;02-2002;778734;0;1;1;1;;;;;;;1;1;1;;1;;1;1;;;1;1;;;;;;;;;;;;1
a4e2aca838aebc6a70ad266d5ec20020;2004-06-23T10:21:30-04:00;AAER-2045;LR-18760;Gemstar-TV Guide International, Inc.;Gemstar-TV Guide International, Inc.;https://www.sec.gov/enforcement-litigation/litigation-releases/lr-18760;01-1999;12-2001;923282;0;0;1;;;;;;;;;1;1;;1;;1;1;;;1;1;;;;;;;;;;;;1
e1a85e0961ead5a712804dd3dfdb4a55;2004-06-09T10:21:29-04:00;AAER-2034;LR-18741;i2 Technologies, Inc.;i2 Technologies, Inc.;https://www.sec.gov/enforcement-litigation/litigation-releases/lr-18741;01-1998;09-2002;1009304;0;1;1;;;;;;;;1;1;1;;1;;1;;;;1;1;;1;;;;;;;;;;1
5d28345ce9acefeac7b2fde9124801bf;2004-06-09T09:14:32-04:00;AAER-2032;34-49838;Schering-Plough Corporation;Schering-Plough Corporation;https://www.sec.gov/enforcement-litigation/administrative-proceedings/34-49838;02-1999;03-2002;310158;0;1;1;;;;;;;;;;;;;;;;;;1;1;;;;;;;;;;1;;
a8280a4f65ced5426635cf61f84ba6ef;2004-05-11T09:14:35-04:00;AAER-2005;34-49675;The Warnaco Group, Inc.;The Warnaco Group, Inc.;https://www.sec.gov/enforcement-litigation/administrative-proceedings/34-49675;10-1998;12-1998;801351;0;0;0;;;;;;;;1;1;1;;1;;;1;;;1;1;;;;;;;;;;;;1
7c52714471092751dc1b2e9b787870e0;2004-04-30T09:14:36-04:00;AAER-1998;34-49642;QuadraMed Corporation;QuadraMed Corporation;https://www.sec.gov/enforcement-litigation/administrative-proceedings/34-49642;09-1998;03-1999;1018833;0;1;1;;;;;;;;1;1;1;;1;;;1;;;1;1;;;;;;;;;;;;1
09301381b5b6fa783133ac41484233c4;2004-03-17T08:14:39-05:00;AAER-1978;33-8403, 34-49432;CMS Energy Corp., Terry Woolley;CMS Energy Corp. and Terry Woolley;https://www.sec.gov/enforcement-litigation/administrative-proceedings/33-8403;07-2000;09-2001;811156;0;1;1;1;;;;;;;1;1;1;;1;;;1;;;1;1;;;;;;;;;;;;1
ff12a25b9f6c73b79cbbb195aff3ba8a;2004-03-10T08:14:39-05:00;AAER-1973;34-49392;Conseco, Inc.;Conseco, Inc.;https://www.sec.gov/enforcement-litigation/administrative-proceedings/34-49392;01-1999;12-1999;719241;0;1;1;;;;;;;;;1;1;;;;;1;;;1;1;;1;;;;;;;;;;1
3f262138ebb875b2bf266678be80e6e3;2004-03-10T08:14:39-05:00;AAER-1972;34-49390;BJ Services Company;BJ Services Company;https://www.sec.gov/enforcement-litigation/administrative-proceedings/34-49390;01-1998;04-2002;864328;0;1;1;;;;;;;;;;;;;;;;;;1;1;;;;;;1;;;;1;;
a4fe40662e7e965ffe2c084cd0ab4d92;2004-03-04T08:14:39-05:00;AAER-1967;34-49364;DT Industries Inc.;DT Industries Inc.;https://www.sec.gov/enforcement-litigation/administrative-proceedings/34-49364;07-1996;04-2002;918999;0;1;1;;;;;;;;;1;1;;1;;;1;;;1;1;;1;;;;;;;;;;1
c5735f69a026d13988f1da9d50ea3fae;2004-02-25T09:21:21-05:00;AAER-1963;LR-18592;ClearOne Communications, Inc et al.;ClearOne Communications, Inc et al.;https://www.sec.gov/enforcement-litigation/litigation-releases/lr-18592;04-2001;01-2003;840715;0;1;1;;;;;;;;1;1;1;;1;;;1;;;1;1;;1;;;;;;;;;;1
3ea5c0e4137f8c35069b0ab4f44b1e44;2004-02-13T08:14:41-05:00;AAER-1957;34-49243;Performance Food Group Company;Performance Food Group Company;https://www.sec.gov/enforcement-litigation/administrative-proceedings/34-49243;04-2000;09-2001;908254;0;1;1;;;;;;;;;1;1;;;;;1;;;1;1;;;;;;;;;;;;1
e909b737fe98dd7ddacf89b559c9acf1;2004-02-05T09:21:19-05:00;AAER-1951;LR-18566;Cumulus Media Inc., et al.;Cumulus Media Inc. et al.;https://www.sec.gov/enforcement-litigation/litigation-releases/lr-18566;01-1999;03-2000;1058623;0;1;1;;1;1;;;;;;1;1;;;;;1;;;1;1;;1;;;;;;;;;;1
17ee20aa5290143c19f5897c8d3af850;2004-01-21T09:21:19-05:00;AAER-1946;LR-18550;Hollinger International, Inc.;Hollinger International, Inc.;https://www.sec.gov/enforcement-litigation/litigation-releases/lr-18550;01-1999;12-2003;868512;0;0;0;;;;;;;;;1;1;;1;;;1;;;1;1;;;;;;;;;;;;1
721e2e811cb46ff73e6889c19f918978;2004-01-16T09:21:18-05:00;AAER-1944;LR-18547;Corrpro Companies, Inc.;Corrpro Companies, Inc.;https://www.sec.gov/enforcement-litigation/litigation-releases/lr-18547;10-2000;02-2002;907072;0;1;1;;;;;;;;;1;1;;1;;;1;;;1;1;;;;;;;;;;;;1
40a56f364c9512e80fe7b31d97e781cf;2003-12-23T09:21:17-05:00;AAER-1934;LR-18521;Rent-Way, Inc., Jeffrey A. Conway, Matthew J. Marini, Jeffrey K. Underwood;Rent-Way, Inc., et al., Jeffrey A. Conway, Matthew J. Marini, Jeffrey K. Underwood;https://www.sec.gov/enforcement-litigation/litigation-releases/lr-18521;12-1998;09-2000;893046;0;1;1;;;;;;;;;1;1;;1;;;1;;;1;1;;;;;;;;;;;;1
e1446f42fff975ddb518d05c8a9ebd0b;2003-12-19T08:13:42-05:00;AAER-1930;34-48962;Genesco Inc.;Genesco Inc.;https://www.sec.gov/enforcement-litigation/administrative-proceedings/34-48962;12-2000;08-2001;18498;0;1;1;;;;;;;;;1;1;;;;;1;;;1;1;;;;;;;;;;;;1
3aaa9acce44276c843f59a9a0b381945;2003-12-18T09:21:17-05:00;AAER-1928;LR-18514;Charles D. Erwin, Michael J. McGhan, Hanover Compressor Company, William S. Goldberg;"Charles D. Erwin and Michael J. McGhan; Hanover Compressor Company and William S. Goldberg";https://www.sec.gov/enforcement-litigation/litigation-releases/lr-18514;07-2000;09-2001;909413;0;1;1;;;;;;;;;1;1;;1;;;1;;;1;1;;;;;;;;;;;;1
637551834acbe5a254aeefb665b77d34;2003-11-13T08:13:45-05:00;AAER-1913;34-48783;Axeda Systems Inc., Jason C. Liu, Stewart C. Adams;Axeda Systems Inc., Jason C. Liu and Stewart C. Adams;https://www.sec.gov/enforcement-litigation/administrative-proceedings/34-48783;04-1999;09-1999;1052593;0;1;1;;;;;;;;;1;1;;;;;1;;;1;1;;;;;;;;;;;;1
9b1b51a4d07a82f7b515080e93666939;2003-11-13T08:13:45-05:00;AAER-1911;33-8338;Gateway, Inc.;Gateway, Inc.;https://www.sec.gov/enforcement-litigation/administrative-proceedings/33-8338;04-2000;09-2000;895812;0;1;1;1;;;;;;;1;1;1;;1;;;1;;;1;1;;;;;;;;;;;;1
de7c28be909ea5b6f81100d28789e278;2003-10-16T10:21:11-04:00;AAER-1902;LR-18412;Arabian American Development Company, Hatem El-Khalidi;Arabian American Development Company and Hatem El-Khalidi;https://www.sec.gov/enforcement-litigation/litigation-releases/lr-18412;05-2000;11-2002;7039;0;1;1;;;;;;;;;1;1;;1;;;1;;;1;1;;;;;;;;;;;;1
4bdcb7f29d73e3d122cf99eb1e56a296;2003-10-15T09:13:47-04:00;AAER-1897;34-48629;VantageMed Corporation;VantageMed Corporation;https://www.sec.gov/enforcement-litigation/administrative-proceedings/34-48629;07-2001;09-2001;1099531;0;1;1;;;;;;;;;1;1;;;;;1;;;1;;;;;;;;;;;;;1
8309d224c49365dd3c776eeb49c94948;2003-10-09T09:13:47-04:00;AAER-1892;34-48608;NCI Building Systems, Inc.;NCI Building Systems, Inc.;https://www.sec.gov/enforcement-litigation/administrative-proceedings/34-48608;05-1999;03-2001;883902;0;1;1;;;;;;;;;1;1;;1;;;1;;;1;1;;;;;;;;;;;;1
61182b4c2bf1e0fda58fb5e39c76280e;2003-09-26T09:13:48-04:00;AAER-1875;34-48549;Analytical Surveys, Inc.;Analytical Surveys, Inc.;https://www.sec.gov/enforcement-litigation/administrative-proceedings/34-48549;10-1998;12-1999;753048;02-2023;1;1;;;;;;;;;1;1;;1;;;1;;;1;1;;;;;;;;;;;;1
10e5c01c99f48ced012ba259cedaaac0;2003-09-25T09:13:49-04:00;AAER-1873;34-48546;Akorn, Inc.;Akorn, Inc.;https://www.sec.gov/enforcement-litigation/administrative-proceedings/34-48546;01-2000;03-2001;3116;0;1;1;;;;;;;;;1;1;;1;;;1;;;1;1;;;;;;;;;;;;1
0a4ecee0e599ae7fd57704588a629679;2003-09-11T09:13:50-04:00;AAER-1859;34-48480;Nvidia Corporation;Nvidia Corporation;https://www.sec.gov/enforcement-litigation/administrative-proceedings/34-48480;02-2000;04-2000;1045810;0;1;1;;;;;;;;;1;1;;;;;1;;;1;1;;;;;;;;;;;;1
84276c789894bb046068ff9a950d1086;2003-08-25T10:21:06-04:00;AAER-1849;LR-18306;Solucorp Industries Ltd., et al.;Solucorp Industries Ltd., et al.;https://www.sec.gov/enforcement-litigation/litigation-releases/lr-18306;06-1995;03-1999;1051720;0;0;0;;;;;;;;1;1;1;;1;1;;1;;;1;1;;;;;;;;;;;;1
eba81b59e8758b2def790d71b78f7a12;2003-08-14T10:21:05-04:00;AAER-1845;LR-18290;Peregrine Systems, Inc.;Peregrine Systems, Inc.;https://www.sec.gov/enforcement-litigation/litigation-releases/lr-18290;04-1999;12-2001;1031107;0;1;1;1;;;;;;;1;1;1;;1;;;1;;;1;1;;;;;;;;;;;;1
018bf63be757b3e8c9d2f43b9451c632;2003-08-07T09:13:54-04:00;AAER-1832;34-48296;Cutter & Buck Inc.;Cutter & Buck Inc.;https://www.sec.gov/enforcement-litigation/administrative-proceedings/34-48296;02-2000;04-2000;948069;0;1;1;;;;;;;;;1;1;;1;;;;;;1;1;;;;;;;;;;;;1
09845ca16067e76e9d49bd6965fc92c0;2003-08-05T09:13:54-04:00;AAER-1829;34-48282;SRI/Surgical Express, Inc., Wayne R. Peterson, James T. Boosales;SRI/Surgical Express, Inc., Wayne R. Peterson, and James T. Boosales;https://www.sec.gov/enforcement-litigation/administrative-proceedings/34-48282;07-2001;09-2001;1014041;0;1;1;;;;;;;;;1;1;;;;;1;;;1;1;;;;;;;;;;;;1
8b9b074ca54fb31577a75d39009f7bf6;2003-07-28T10:21:03-04:00;AAER-1820;LR-18252;J.P. Morgan Chase & Co.;J.P. Morgan Chase & Co.;https://www.sec.gov/enforcement-litigation/litigation-releases/lr-18252;12-1997;09-2001;19617;0;1;1;;;;;;;;1;;;;;;;;;;;;;;;;;;;;;;;1
80014022ce7199090ef44b2e0ddc4e0c;2003-07-23T09:13:55-04:00;AAER-1817;34-48214;RSA Security, Inc.;RSA Security, Inc.;https://www.sec.gov/enforcement-litigation/administrative-proceedings/34-48214;10-2000;04-2001;932064;0;1;1;;;;;;;;1;;;;;;;;;;;;;;;;;;;;;;;1
5f5fd31817839c221560f1e9bacb6ded;2003-05-21T09:13:59-04:00;AAER-1786;34-47894;Minuteman International, Inc., Gregory J. Rau, Thomas J. Nolan, David L. Markison;Minuteman International, Inc., Gregory J. Rau, Thomas J. Nolan, and David L. Markison;https://www.sec.gov/enforcement-litigation/administrative-proceedings/34-47894;01-1989;05-2001;810876;0;0;1;;;;;;;;;1;1;;1;;;1;;;1;1;;1;;;;;;;;;;1
2ec52da767862602923db1064cdde91c;2003-05-14T09:14:00-04:00;AAER-1782;34-47860;Zimmerman Sign Company, Jeffrey P. Johnson, CPA;Zimmerman Sign Companyand Jeffrey P. Johnson, CPA;https://www.sec.gov/enforcement-litigation/administrative-proceedings/34-47860;12-1996;06-2001;1027138;0;1;1;;;;;;;;;1;1;;1;;;1;;;1;1;;;;;;;;;;;;1
ebdcbe16e4243baa5df2463e898ec493;2003-05-08T10:20:56-04:00;AAER-1778;LR-18127;Eagle Building Technologies, Inc., Anthony Damato;Eagle Building Technologies, Inc. and Anthony Damato;https://www.sec.gov/enforcement-litigation/litigation-releases/lr-18127;06-2000;02-2002;947431;09-2004;1;1;;;;;;;;;1;;;1;;;1;;;1;1;;;;;;;;;;;;1
d0af18a09e17679a73fb50ee2a6d1c07;2003-05-07T10:20:56-04:00;AAER-1777;LR-18126;Andrx Corp.;Andrx Corp.;https://www.sec.gov/enforcement-litigation/litigation-releases/lr-18126;01-2000;06-2000;1123337;0;0;0;;;;;;;;;1;1;;;;;1;;;1;1;;;1;;;;;;;;;1
16915d80e2e380d95ff8c2cc8d3b8c7e;2003-04-30T09:14:01-04:00;AAER-1770;33-8228, 34-47772;Candie's, Inc.;Candie's, Inc.;https://www.sec.gov/enforcement-litigation/administrative-proceedings/33-8228;08-1997;06-1999;857737;0;1;1;1;;;;;;;1;1;1;;1;;;1;;;1;1;;1;;;;;;;;;;1
f642be15dc6f81a845fa3fb13f275a40;2003-04-23T09:14:02-04:00;AAER-1760;34-47727;MaxWorldwide, Inc., f.k.a. L90, Inc.;MaxWorldwide, Inc., f.k.a. L90, Inc.;https://www.sec.gov/enforcement-litigation/administrative-proceedings/34-47727;07-2000;09-2001;1095158;0;1;1;;;;;;;;;1;1;;1;;;1;;;1;1;;;;;;;;;;;;1
3db0e8b616b040bc20de72c1a9cb5413;2003-04-01T09:20:52-05:00;AAER-1747;LR-18058;Thomas & Betts Corporation, et al.;Thomas & Betts Corporation, et al.;https://www.sec.gov/enforcement-litigation/litigation-releases/lr-18058;10-1998;02-2000;97854;0;0;1;;;;;;;;;1;1;;1;;;1;;;1;1;;;;;;;;;;;;1
9469a1b98829980b16ba920566fb6716;2003-03-17T09:20:51-05:00;AAER-1742;LR-18038;Merrill Lynch & Co., Inc., Daniel H. Bayly, Thomas W. Davis, Robert S. Furst, Schuyler M. Tilney;Merrill Lynch & Co., Inc., Daniel H. Bayly, Thomas W. Davis, Robert S. Furst, Schuyler M. Tilney;https://www.sec.gov/enforcement-litigation/litigation-releases/lr-18038;12-1999;12-1999;65100;0;1;1;;;;;;;;1;1;1;;1;;;1;;;1;1;;1;;;;;;;;;;1
f6593d8dbc0fc8d188fb543c7ad8cdd5;2003-03-10T09:20:51-05:00;AAER-1735;LR-18022;American Tissue, Inc., Medhi Gabayzadeh, Edward Stein, John Lorenz;American Tissue, Inc., Medhi Gabayzadeh, Edward Stein and John Lorenz;https://www.sec.gov/enforcement-litigation/litigation-releases/lr-18022;07-2000;06-2001;1095827;0;1;1;;;;;;;;1;;;;;;;;;;1;1;;;;;;;;;;;;1
89e208d2fd7c4b769eab58f20299a4c4;2003-03-07T09:20:50-05:00;AAER-1737;LR-18020;Spiegel, Inc.;Spiegel, Inc.;https://www.sec.gov/enforcement-litigation/litigation-releases/lr-18020;01-2002;04-2002;276641;0;1;1;;;;;;;;1;1;;;1;;;1;;;;;;;;;;;;;;;;1
a871cb9dd2e59397014c402a8ba0cb88;2003-03-04T09:20:50-05:00;AAER-1729;LR-18014;Lernout & Hauspie Speech Products, N.V.;Lernout & Hauspie Speech Products, N.V.;https://www.sec.gov/enforcement-litigation/litigation-releases/lr-18014;01-1996;06-2000;1002131;0;1;1;;;;;;;;1;1;1;;1;;;1;;1;1;1;;;;;;;;;;;;1
888e7c9289abbe4a891b0ce67a1f7607;2003-03-04T08:14:05-05:00;AAER-1727;34-47439;Truserv Corporation;Truserv Corporation;https://www.sec.gov/enforcement-litigation/administrative-proceedings/34-47439;07-1997;12-1999;25095;0;1;1;;;;;;;;;;;;;;;;;;1;1;;;;;;;;;;;;1
2ef601abcb708fc45606d757f08bd600;2003-02-26T08:14:06-05:00;AAER-1722;34-47405;Enterasys Networks, Inc., Aprisma Management Technologies, Inc.;Enterasys Networks, Inc. and Aprisma Management Technologies, Inc.;https://www.sec.gov/enforcement-litigation/administrative-proceedings/34-47405;03-2000;12-2001;846909;0;1;1;;;;;;;;;;;;;;;;;;1;1;;1;;;;;;;;;;1
8aa7186475948a00ff1035f3902879c9;2003-01-13T08:14:09-05:00;AAER-1699;34-47167;Anika Therapeutics, Inc., J. Melville Engle, Sean F. Moran;Anika Therapeutics, Inc., J. Melville Engle and Sean F. Moran;https://www.sec.gov/enforcement-litigation/administrative-proceedings/34-47167;09-1998;09-1999;898437;0;1;1;;;;;;;;;1;1;;1;;;1;;;1;1;;;;;;;;;;;;1
a2e4f7ca66ade74af7c5f9fcedef1afb;2002-12-16T08:13:20-05:00;AAER-1691;34-47000;Mercator Software, Inc.;Mercator Software, Inc.;https://www.sec.gov/enforcement-litigation/administrative-proceedings/34-47000;01-2000;06-2000;1039276;0;1;1;;;;;;;;;1;1;;;;;1;;;1;1;;;;;;;;;;;;1
6b702a9e3151b4752097277dfba53ad4;2002-12-10T09:20:44-05:00;AAER-1688;LR-17887;Syncor International Corporation;Syncor International Corporation;https://www.sec.gov/enforcement-litigation/litigation-releases/lr-17887;01-1985;09-2002;202763;0;0;1;;;;;;;;;;;;;;;;;;1;1;;;;;;1;;;;1;;
6c68cc6a40d116a41ef740922317df7b;2002-11-26T08:13:21-05:00;AAER-1675;34-46907;Anicom, Inc.;Anicom, Inc.;https://www.sec.gov/enforcement-litigation/administrative-proceedings/34-46907;01-1998;03-2000;935802;0;1;1;;;;;;;;;1;;;1;;;1;;;;;;;;;;;;;;;;1
44ee13839f064d7cb750fbd078e00e46;2002-11-26T08:13:21-05:00;AAER-1677;34-46909;First Virtual Communications, Inc.;First Virtual Communications, Inc.;https://www.sec.gov/enforcement-litigation/administrative-proceedings/34-46909;10-1998;12-1998;920317;03-2012;1;1;;;;;;;;1;;;;;;;;;;1;;;;;;;;;;;;;1
52f501e3f92e40ca7406451dddc9db0e;2002-11-20T09:20:42-05:00;AAER-1669;LR-17852;TenFold Corporation, Gary D. Kennedy, Robert P. Hughes, Stanley G. Hanks, Wynn K. Clayton;TenFold Corporation, Gary D. Kennedy, Robert P. Hughes, Stanley G. Hanks, and Wynn K. Clayton;https://www.sec.gov/enforcement-litigation/litigation-releases/lr-17852;01-1999;03-2000;1051118;0;1;1;1;1;1;;;;;1;1;1;;1;;;1;;;1;1;;1;;;;;;;;;;1
4b101accb26529dfb88d62087367973a;2002-10-07T10:20:37-04:00;AAER-1641;LR-17770;System Software Associates, Inc., Roger Covey, Joseph Skadra;System Software Associates, Inc., Roger Covey and Joseph Skadra;https://www.sec.gov/enforcement-litigation/litigation-releases/lr-17770;11-1993;10-1996;808207;12-2010;1;1;;;;;;;;1;1;1;;1;;;1;;;1;1;;;;;;;;;;;;1
8c82aaee64120910e66e7a278430e0b3;2002-09-30T09:13:25-04:00;AAER-1637;33-8135, 34-46573;FLIR Systems, Inc.;FLIR Systems, Inc.;https://www.sec.gov/enforcement-litigation/administrative-proceedings/33-8135;01-1998;12-1999;354908;0;1;1;1;;;;;;;1;1;1;;1;;;1;;;1;1;;;;;;;;;;;;1
f5c8ab7464cb948fe321c4b3d7812bae;2002-09-25T10:20:36-04:00;AAER-1632;LR-17744;Dynegy Inc.;Dynegy Inc.;https://www.sec.gov/enforcement-litigation/litigation-releases/lr-17744;01-2001;04-2002;879215;0;1;1;1;1;1;;;;;1;1;1;;1;;;1;;;1;1;;;;;;;;;;;;1
82eb7e82325c3f00c96895ddeaef3657;2002-09-19T10:20:36-04:00;AAER-1629;LR-17736;Motorcar Parts and Accessories, Inc., Peter Bromberg;Motorcar Parts and Accessories, Inc. and Peter Bromberg;https://www.sec.gov/enforcement-litigation/litigation-releases/lr-17736;04-1996;03-1998;918251;0;1;1;1;;;;;;;1;1;1;;1;;;;;;1;1;;;;;;;;;;;;1
e120abea21328568abbcf7c1dec3e843;2002-08-30T09:13:27-04:00;AAER-1622;34-46445;SCB Computer Technology, Inc.;SCB Computer Technology, Inc.;https://www.sec.gov/enforcement-litigation/administrative-proceedings/34-46445;05-1998;07-1999;1005268;0;0;1;;;;;;;;;1;1;;1;;;1;;;1;1;;;;;;;;;;;;1
43d30be2fcadee00a21e521d9d5d6194;2002-07-31T10:20:31-04:00;AAER-1606;LR-17641;Roys Poyiadjis, Lycourgos Kyprianou, AremisSoft Corp., et al.;Roys Poyiadjis and Lycourgos Kyprianou and AremisSoft Corp. et al.;https://www.sec.gov/enforcement-litigation/litigation-releases/lr-17641;12-1999;12-2000;1065152;0;0;0;1;;;;;;;1;1;1;;1;;;1;;;1;1;;;;;;;;;;;;1
65eea7e5a5763cfbb6e0a120988cf1ac;2002-07-25T10:20:30-04:00;AAER-1600;LR-17631;Oxford Health Plans, Inc.;Oxford Health Plans, Inc.;https://www.sec.gov/enforcement-litigation/litigation-releases/lr-17631;01-1997;09-1997;865084;0;1;1;;;;;;;;;1;1;;;;1;1;;;1;1;;;;;;;;;;;;1
f837af0bb97bbd9057a24570bedf0103;2002-07-17T09:13:30-04:00;AAER-1595;34-46215;Avon Products, Inc.;Avon Products, Inc.;https://www.sec.gov/enforcement-litigation/administrative-proceedings/34-46215;01-1999;03-1999;8868;0;1;1;;;;;;;;;1;1;;1;;;1;;;1;;;;;;;;;;;;;1
81ac681230c01d92cd0a461a14d4c619;2002-06-21T09:13:32-04:00;AAER-1579;34-46099;Rite Aid Corporation;Rite Aid Corporation;https://www.sec.gov/enforcement-litigation/administrative-proceedings/34-46099;03-1997;05-1999;84129;0;1;1;;;;;;;;;1;1;;1;;;1;;;1;1;;;;;;;;;;;;1
68a88dcd535d60a55f24ac20e05258ec;2002-06-11T10:20:26-04:00;AAER-1575;LR-17557;Aura Systems, Inc., Gerald S. Papazian;"Aura Systems, Inc., et al.; Gerald S. Papazian";https://www.sec.gov/enforcement-litigation/litigation-releases/lr-17557;03-1996;02-1999;826253;0;1;1;1;;;;;;;1;1;1;;1;;;1;;;1;1;;;;;;;;;;;;1
25e469d8b7bc10eaf1f201e3d4c74653;2002-06-10T10:20:26-04:00;AAER-1574;LR-17550;Ashford.com, Inc., Kenneth E. Kurtzman, Brian E. Bergeron, Amazon.com, Inc.;Ashford.com, Inc., Kenneth E. Kurtzman, Brian E. Bergeron andAmazon.com, Inc.;https://www.sec.gov/enforcement-litigation/litigation-releases/lr-17550;01-2000;09-2000;1089909;0;1;1;;;;;;;;1;1;1;;1;;;1;;;1;;;;;;;;;;;;;1
c4c87684bee3b0f8b74bddada733e974;2002-06-05T09:13:33-04:00;AAER-1564;34-46030;Advanced Technical Products, Inc., James S. Carter, Garrett L. Dominy;Advanced Technical Products, Inc., James S. Carter, and Garrett L. Dominy;https://www.sec.gov/enforcement-litigation/administrative-proceedings/34-46030;01-1998;09-1999;60911;0;1;1;;;;;;;;;1;1;;1;;;1;;;1;1;;;;;;;;;;;;1
09508acc772a46139c7f9b993095da24;2002-06-03T09:13:33-04:00;AAER-1563;34-46017;Microsoft Corporation;Microsoft Corporation;https://www.sec.gov/enforcement-litigation/administrative-proceedings/34-46017;07-1994;06-1998;789019;0;1;1;;;;;;;;;1;1;;1;;;1;;;1;1;;;;;;;;;;;;1
ff01f9d0b53d333e255fa24a961a7f50;2002-05-20T10:20:24-04:00;AAER-1559;LR-17522;Reza Mikailli, Gary F. Pado, Unify Corporation;Reza Mikailli, Gary F. Pado and Unify Corporation;https://www.sec.gov/enforcement-litigation/litigation-releases/lr-17522;05-1999;05-2000;880562;0;1;1;;;;;;;;;1;1;;;;;1;;;1;;;;;;;;;;;;;1
4dc21093c5ba99860f12016e864291a3;2002-05-20T09:13:33-04:00;AAER-1557;34-45962;Legato Systems, Inc., Stephen Wise;Legato Systems, Inc. and Stephen Wise;https://www.sec.gov/enforcement-litigation/administrative-proceedings/34-45962;01-1999;12-2000;859360;0;1;1;;;;;;;;;1;1;;;;;1;;;1;1;;;;;;;;;;;;1
e631120cdac6ff203662f68f768ecfae;2002-05-14T09:13:34-04:00;AAER-1555;34-45925;Edison Schools, Inc.;Edison Schools, Inc.;https://www.sec.gov/enforcement-litigation/administrative-proceedings/34-45925;07-1998;06-2002;1089567;0;0;0;;;;;;;;;1;1;;1;;;1;;;1;1;;;;;;;;;;;;1
9f69fe2657df3ec9c1940d86ece40c57;2002-05-01T09:13:34-04:00;AAER-1551;34-45852;Serologicals Corporation, Inc.;Serologicals Corporation, Inc.;https://www.sec.gov/enforcement-litigation/administrative-proceedings/34-45852;01-1999;12-1999;767673;0;1;1;;;;;;;;;1;1;;;;;1;;;1;1;;;;;;;;;;;;1
6fbe02cf593b310e0713fedd0407c1aa;2002-04-26T09:13:35-04:00;AAER-1550;34-45826;Surety Capital Corporation;Surety Capital Corporation;https://www.sec.gov/enforcement-litigation/administrative-proceedings/34-45826;01-1996;09-1999;784932;0;1;1;;;;;;;;;1;1;;1;;;1;;;1;1;;;;;;;;;;;;1
db1e0a98d43fcbf5dd7fcedc6b99c669;2002-04-11T10:20:21-04:00;AAER-1542;LR-17465;Xerox Corporation;Xerox Corporation;https://www.sec.gov/enforcement-litigation/litigation-releases/lr-17465;01-1997;03-2000;108772;0;1;1;1;;;;;;;;1;1;;1;;;1;;;1;1;;;;;;;;;;;;1
441e76643351bda33074e756857f0101;2002-03-28T08:13:37-05:00;AAER-1536;34-45665;PictureTel Corp., Les B. Strauss;PictureTel Corp. and Les B. Strauss;https://www.sec.gov/enforcement-litigation/administrative-proceedings/34-45665;07-1996;06-1997;755095;0;1;1;;;;;;;;;1;1;;1;;;1;;;1;1;;;;;;;;;;;;1
d31d6d49cec07bb97608cb887f921fd4;2002-03-27T08:13:37-05:00;AAER-1533;34-45653;Kimberly-Clark Corporation, John W. Donehower;Kimberly-Clark Corporation and John W. Donehower;https://www.sec.gov/enforcement-litigation/administrative-proceedings/34-45653;10-1995;03-1999;55785;0;1;1;;;;;;;;;1;;;1;;;1;;;;;;;;;;;;;;;;1
7fb2c78edc8edddbb141c5dbd2000b89;2002-03-27T08:13:37-05:00;AAER-1534;34-45655;Signal Technology Corporation;Signal Technology Corporation;https://www.sec.gov/enforcement-litigation/administrative-proceedings/34-45655;01-1996;06-1998;901119;0;1;1;;;;;;;;;1;1;;1;;;1;;;1;1;;;;;;;;;;;;1
ba7e6f37c1afabd6b34bb389826fe999;2002-03-12T08:13:38-05:00;AAER-1520;34-45553;IGI, Inc.;IGI, Inc.;https://www.sec.gov/enforcement-litigation/administrative-proceedings/34-45553;01-1995;09-1997;352998;0;0;1;;;;;;;;;1;1;;1;;;1;;;1;1;;;;;;;;;;;;1
cd91398f1608e5efb3d25fbf8aa434cd;2002-03-05T09:20:17-05:00;AAER-1512;LR-17394;Telxon Corporation, Gary L. Grand, James G. Cleveland;Telxon Corporation, Gary L. Grand, and James G. Cleveland;https://www.sec.gov/enforcement-litigation/litigation-releases/lr-17394;07-1998;09-1998;352495;0;1;1;;;;;;;;;1;1;;1;;;1;;;1;1;;;;;;;;;;;;1
58c79092721dd161c107a18c0b12f4e7;2002-02-05T08:13:40-05:00;AAER-1503;34-45393;Critical Path, Inc.;Critical Path, Inc.;https://www.sec.gov/enforcement-litigation/administrative-proceedings/34-45393;06-2000;12-2000;1060801;0;1;1;;;;;;;;;1;;;;;;1;;;1;1;;;;;;;;;;;;1
6197caec12929cffcdd1ca20dc03763e;2002-01-30T08:13:40-05:00;AAER-1501;34-45362;Cyberguard Corporation, William D. Murray, Tommy D. Steele;Cyberguard Corporation, William D. Murray, Tommy D. Steele;https://www.sec.gov/enforcement-litigation/administrative-proceedings/34-45362;07-1996;06-1998;927133;0;1;1;;;;;;;;;1;1;;1;;;1;;;1;1;;;;;;;;;;;;1
3d8498eb42d80434c1ce767a3fc74b25;2002-01-16T08:13:41-05:00;AAER-1499;34-45287;Trump Hotels & Casino Resorts, Inc.;Trump Hotels & Casino Resorts, Inc.;https://www.sec.gov/enforcement-litigation/administrative-proceedings/34-45287;07-1999;09-1999;943320;0;1;1;;;;;;;;1;;;;;;;;;;;;;;;;;;;;;;;1
eb862adfc194f541a894c49f8808fd9f;2002-01-15T09:20:13-05:00;AAER-1495;LR-17310;BellSouth Corporation;BellSouth Corporation;https://www.sec.gov/enforcement-litigation/litigation-releases/lr-17310;09-1997;08-2000;732713;0;1;1;;;;;;;;;;;;;;;;;;1;1;;;;;;;;;;1;;
0addf6e86af48dacd7fe967579240243;2001-12-07T09:20:10-05:00;AAER-1477;LR-17262;Digital Lightwave, Inc., Bryan J. Zwan;Digital Lightware, Inc. and Bryan J. Zwan;https://www.sec.gov/enforcement-litigation/litigation-releases/lr-17262;04-1997;09-1997;1016100;0;1;1;;;;;;;;1;1;1;;;;;1;;;1;1;;;;;;;;;;;;1
b5626e23470124bc6a459e5411099ba8;2001-12-06T08:12:59-05:00;AAER-1476;34-45135;Pinnacle Holdings, Inc.;Pinnacle Holdings, Inc.;https://www.sec.gov/enforcement-litigation/administrative-proceedings/34-45135;08-1999;09-2000;1058986;0;1;1;;;;;;;;;1;1;;1;;;1;;;1;1;;;;;;;;;;;;1
0857de51a0c4d1a049cf22e211bf562b;2001-10-03T10:20:05-04:00;AAER-1464;LR-17169;Chiquita Brands International, Inc.;Chiquita Brands International, Inc.;https://www.sec.gov/enforcement-litigation/litigation-releases/lr-17169;01-1996;12-1997;101063;0;0;0;;;;;;;;;;;;;;;;;;1;1;;;;;;;;;;1;;
da5904b72823eaba5ab67e41591e7cc2;2001-09-19T10:20:04-04:00;AAER-1448;LR-17139;C.E.C. Industries Corporation, Gerald H. Levine, Marie A. Levine;C.E.C. Industries Corporation, Gerald H. Levine, and Marie A. Levine;https://www.sec.gov/enforcement-litigation/litigation-releases/lr-17139;04-1995;03-1997;54175;04-2012;1;1;1;;;;;;;1;1;1;;1;;;1;;;1;1;;;;;;;;;;;;1
ac48ab41c0aae1bc4f2358145a0841b0;2001-09-10T10:20:03-04:00;AAER-1443;LR-17123;Patrick Swisher, Swisher International;Patrick Swisher and Swisher International;https://www.sec.gov/enforcement-litigation/litigation-releases/lr-17123;09-1996;12-1996;808356;0;1;1;;1;1;;;;;1;1;1;;1;;;1;;;1;1;;;;;;;;;;;;1
9040ca3684dce10ca3790e43f4c871aa;2001-09-05T09:13:05-04:00;AAER-1437;34-44764;Indus International, Inc.;Indus International, Inc.;https://www.sec.gov/enforcement-litigation/administrative-proceedings/34-44764;07-1999;09-1999;1041333;0;1;1;;;;;;;;;1;1;;;;;1;;;1;1;;;;;;;;;;;;1
e51a76f98803071b27044b6d41d7bd5e;2001-07-30T09:13:07-04:00;AAER-1429;34-44613;BankAmerica Corp. (now known as Bank of America Corp.);BankAmerica Corp. (now known as Bank of America Corp.);https://www.sec.gov/enforcement-litigation/administrative-proceedings/34-44613;03-1997;10-1998;70858;0;1;1;;;;;;;;;1;1;;1;;1;1;;;;;;;;;;;;;;;;1
55ddfddf5767b4582c51582023bb6b85;2001-07-18T10:20:00-04:00;AAER-1425;LR-17068;American Bank Note Holographics, Inc.;American Bank Note Holographics, Inc.;https://www.sec.gov/enforcement-litigation/litigation-releases/lr-17068;07-1996;12-1998;1052489;0;1;1;NaN;NaN;NaN;;NaN;NaN;NaN;NaN;NaN;NaN;NaN;NaN;NaN;NaN;NaN;;NaN;NaN;NaN;NaN;NaN;NaN;NaN;NaN;NaN;NaN;NaN;NaN;;;1
e643f7c2755de64939a4227814eb76b3;2001-06-25T09:13:08-04:00;AAER-1416;34-44473;American Classic Voyages Co.;American Classic Voyages Co.;https://www.sec.gov/enforcement-litigation/administrative-proceedings/34-44473;01-1999;03-1999;315136;10-2010;1;1;;;;;;;;;1;1;;;;;1;;;1;1;;;;;;;;;;;;1
4376b523fa8159914468ef4e93531d8c;2001-05-16T09:13:11-04:00;AAER-1397;34-44308;Microtest, Inc.;Microtest, Inc.;https://www.sec.gov/enforcement-litigation/administrative-proceedings/34-44308;07-1995;09-1996;891920;0;1;1;;;;;;;;;1;1;;1;;;1;;;1;1;;;;;;;;;;;;1
4376b523fa8159914468ef4e93531d8c;2001-05-16T09:13:11-04:00;AAER-1397;34-44308;Microtest, Inc.;Microtest, Inc.;https://www.sec.gov/enforcement-litigation/administrative-proceedings/34-44308;01-1998;09-1998;891920;0;1;1;;;;;;;;;1;1;;1;;;1;;;1;1;;;;;;;;;;;;1
890d2ec67f7c220471f61b05ff630ad2;2001-05-15T09:13:11-04:00;AAER-1393;33-7976;Sunbeam Corporation;Sunbeam Corporation;https://www.sec.gov/enforcement-litigation/administrative-proceedings/33-7976;10-1996;06-1998;3662;0;1;1;1;;;;;;;1;1;1;;1;;;1;;;1;1;;;;;;;;;;;;1
6d53bbeaa2e01a6675471a0d5be57705;2001-03-29T08:13:14-05:00;AAER-1378;34-44130;National Steel Corporation;National Steel Corporation;https://www.sec.gov/enforcement-litigation/administrative-proceedings/34-44130;01-1996;06-1997;70578;0;0;1;;;;;;;;;1;1;;1;;;1;;;1;1;;;;;;;;;;;;1
af06f34deef9785a46a0cad5de5a9948;2001-02-14T08:13:16-05:00;AAER-1370;33-7953;Computron Software, Inc.;Computron Software, Inc., currently named AXS-One Inc.;https://www.sec.gov/enforcement-litigation/administrative-proceedings/33-7953;08-1995;09-1996;947427;0;1;1;1;;;;;;;1;1;1;;1;;;1;;;1;1;;;;;;;;;;;;1
2c4424052dab1ea4ce1e8a8205f80e9b;2001-01-04T08:13:18-05:00;AAER-1358;34-43809;Transcrypt International, Inc.;Transcrypt International, Inc.;https://www.sec.gov/enforcement-litigation/administrative-proceedings/34-43809;10-1996;12-1997;1023516;0;1;1;1;;;;;;;1;1;1;;1;;1;1;;;1;1;;;;;;;;;;;;1
da676953c5faad00a7e6834d2665151c;2000-12-21T09:19:48-05:00;AAER-1356;LR-16839;International Business Machines Corporation;International Business Machines Corporation;https://www.sec.gov/enforcement-litigation/litigation-releases/lr-16839;01-1994;12-1995;51143;0;0;0;;;;;;;;;;;;;;;;;;1;;;;;;;;;;;1;;
08a94b8670aeb44b89a38bd548626e17;2000-12-14T08:12:39-05:00;AAER-1350;34-43724;Microstrategy, Inc.;Microstrategy, Inc.;https://www.sec.gov/enforcement-litigation/administrative-proceedings/34-43724;06-1998;03-2000;1050446;0;1;1;;;;;;;;;1;;;1;;;1;;;1;1;;;;;;;;;;;;1
e68b0015f477ecd68cea247b31e2a18d;2000-11-16T08:12:41-05:00;AAER-1343;34-43570;Per-Se Technologies, Inc., formerly known as Medaphis Corporation;Per-Se Technologies, Inc., formerly known as Medaphis Corporation;https://www.sec.gov/enforcement-litigation/administrative-proceedings/34-43570;10-1995;06-1996;878556;0;0;1;;;;;;;;;1;1;;1;;;1;;;1;1;;;;;;;;;;;;1
4eaacb111bd3f0b23090798a7e635e8d;2000-10-05T09:12:43-04:00;AAER-1332;34-43416;Engineering Animation, Inc., Michael J. Jablo;Engineering Animation, Inc. and Michael J. Jablo;https://www.sec.gov/enforcement-litigation/administrative-proceedings/34-43416;04-1999;06-1999;1005270;0;1;1;;;;;;;;;1;1;;;;;1;;;1;1;;;;;;;;;;;;1
56dd8227c22c765e6b7ca8bd79f73017;2000-09-27T10:19:43-04:00;AAER-1327;LR-16732;Countryland Wellness Resorts, Inc., Fred Cruz (a.k.a. Federico Cruz Gonzalez), Luis R. Hidalgo, Jr., Donald E. Studer;Countryland Wellness Resorts, Inc., Fred Cruz (a.k.a. Federico Cruz Gonzalez), Luis R. Hidalgo, Jr., and Donald E. Studer;https://www.sec.gov/enforcement-litigation/litigation-releases/lr-16732;01-1997;09-2000;887531;0;0;0;;;;;;;;;1;1;;1;;;1;;;1;1;;;;;;;;;;;;1
fcc9aee6fa4fcb7287b3cf0b0c0340b8;2000-09-27T09:12:44-04:00;AAER-1314;33-7902, 34-43358;Premier Laser Systems Inc.;Premier Laser Systems Inc.;https://www.sec.gov/enforcement-litigation/administrative-proceedings/33-7902;12-1997;12-1998;878543;05-2008;1;1;1;;;;;;;1;1;1;;;;;1;;;1;1;;;;;;;;;;;;1
ca179b1d35b97f80c26215cc032e01f2;2000-09-27T09:12:44-04:00;AAER-1313;34-43357;Cylink Corporation;Cylink Corporation;https://www.sec.gov/enforcement-litigation/administrative-proceedings/34-43357;10-1997;06-1998;1005230;0;1;1;;;;;;;;;1;1;;1;;;1;;;1;1;;;;;;;;;;;;1
ea2514f9f98e55a5826e088a7e80d8cb;2000-09-26T09:12:45-04:00;AAER-1311;33-7897, 34-43345;Centennial Technologies, Inc.;Centennial Technologies, Inc.;https://www.sec.gov/enforcement-litigation/administrative-proceedings/33-7897;04-1994;12-1996;919006;0;1;1;;;;;;;;1;1;1;;1;;;1;;;1;1;;;;;;;;;;;;1
346604910614efb9405074a0680ff62f;2000-09-20T09:12:46-04:00;AAER-1303;34-43301;Pier 1 Imports, Inc.;Pier 1 Imports, Inc.;https://www.sec.gov/enforcement-litigation/administrative-proceedings/34-43301;01-1986;12-1995;278130;0;0;1;;;;;;;;;1;1;;1;;;1;;;1;1;;;;;;;;;;;;1
80261bd4f76c1ec003154e24e8fb05ad;2000-08-21T09:12:47-04:00;AAER-1295;34-43183;Boston Scientific Corporation;Boston Scientific Corporation;https://www.sec.gov/enforcement-litigation/administrative-proceedings/34-43183;01-1996;06-1998;885725;0;0;1;;;;;;;;;1;1;;1;;;1;;;1;1;;;;;;;;;;;;1
40357194f72c98065a1cc05a290900a6;2000-07-24T09:12:49-04:00;AAER-1287;34-43068;Guilford Mills, Inc.;Guilford Mills, Inc.;https://www.sec.gov/enforcement-litigation/administrative-proceedings/34-43068;01-1997;08-1998;44471;0;1;1;;;;;;;;;1;;;;;;1;;;1;1;;;;;;;;;;;;1
d6b43ba3c094e2c3d0e5d6c2ba45a300;2000-06-26T10:19:37-04:00;AAER-1279;LR-16609;DCI Telecommunications, Inc., Joseph J. Murphy, Russell B. Hintz, Grace P. Murphy;DCI Telecommunications, Inc., Joseph J. Murphy, Russell B. Hintz, and Grace P. Murphy;https://www.sec.gov/enforcement-litigation/litigation-releases/lr-16609;03-1995;06-1999;769852;04-2016;1;1;1;;;;1;;1;1;1;1;;1;;;1;;;1;1;;;;;;;;;;;;1
0d33f39e5cc1621fb157cc732eb9559f;2000-06-21T09:12:50-04:00;AAER-1277;34-42968;Waste Management, Inc.;Waste Management, Inc.;https://www.sec.gov/enforcement-litigation/administrative-proceedings/34-42968;04-1999;06-1999;823768;0;0;1;;;;;;;;1;;;;;;;;;;1;1;;;;;;;;;;;;1
5473eb2400335667de7e66f8b0a7adc2;2000-06-14T09:12:50-04:00;AAER-1272;34-42933;Cendant Corporation;Cendant Corporation;https://www.sec.gov/enforcement-litigation/administrative-proceedings/34-42933;01-1985;12-1998;723612;0;0;0;;;;;;;;;1;1;;1;;;1;;;1;1;;1;;;;;;;;;;1
2b45c6bbde301557f357109c16b8877f;2000-05-15T10:19:34-04:00;AAER-1258;LR-16552;America Online, Inc.;America Online, Inc.;https://www.sec.gov/enforcement-litigation/litigation-releases/lr-16552;07-1994;06-1996;883780;0;1;1;;;;;;;;;1;;;1;;;1;;;1;;;;;;;;;;;;;1
b12c71e5d964a7e67fb0d0b43aa6ef18;2000-04-13T09:12:53-04:00;AAER-1247;34-42673;Peritus Software Services, Inc.;Peritus Software Services, Inc.;https://www.sec.gov/enforcement-litigation/administrative-proceedings/34-42673;07-1997;06-1998;1011632;0;1;1;;;;;;;;;1;1;;1;;;1;;;1;1;;;;;;;;;;;;1
28e888b1b80f5dbb4e65f72d8b334fa8;2000-03-22T09:19:30-05:00;AAER-1239;LR-16480;Micro Warehouse, Inc.;Micro Warehouse, Inc.;https://www.sec.gov/enforcement-litigation/litigation-releases/lr-16480;01-1994;06-1996;892872;0;1;1;1;;;;;;;1;1;1;;1;;;1;;;1;1;;;;;;;;;;;;1
420bf44fa13dd780cf5b1c7a387224db;2000-03-20T08:12:55-05:00;AAER-1237;34-42549;Laser Technology, Inc.;Laser Technology, Inc.;https://www.sec.gov/enforcement-litigation/administrative-proceedings/34-42549;10-1992;10-1998;889899;0;0;1;;;;;;;;1;1;1;;1;;;1;;;1;1;;1;;;;;;;;;;1
af8b519461118acecc642e73b1afe957;2000-01-11T08:12:58-05:00;AAER-1215;34-42326, 33-7788;Informix Corporation;Informix Corporation;https://www.sec.gov/enforcement-litigation/administrative-proceedings/34-42326;01-1994;03-1997;799089;0;1;1;1;;;;;;;1;1;1;;1;;;1;;;1;1;;1;;;;;;;;;;1
2a2af6efeff2e6a0db2afda0141ab68d;1999-10-18T09:12:17-04:00;AAER-1190;34-42021;Thor Industries, Inc.;Thor Industries, Inc.;https://www.sec.gov/enforcement-litigation/administrative-proceedings/34-42021;12-1993;03-1998;730263;0;1;1;;;;;;;;;;;;;;;;;;1;1;;;;;;;;;;;;1
ef7e324c10b25946d4ce1f8a1ce5f7b4;1997-11-17T08:11:39-05:00;AAER-987;34-39329;Bausch & Lomb Incorporated, Harold O. Johnson, Ermin Ianacone, Kurt Matsumoto;Bausch & Lomb Incorporated, Harold O. Johnson, Ermin Ianacone, and Kurt Matsumoto;https://www.sec.gov/files/litigation/admin/3439329.txt;01-1993;12-1993;10427;0;0;1;;;;;;;;1;1;1;;1;;;;;;1;1;;;;;;;;;;;;1