cik,filing_date_8k,items,accession
27904,2026-07-10,"2.02,9.01",0000027904-26-000029
27904,2026-06-22,5.07,0001683168-26-005025
27904,2026-06-12,"1.01,2.03",0001683168-26-004816
27904,2026-04-08,"2.02,9.01",0000027904-26-000020
27904,2026-03-17,"7.01,9.01",0001683168-26-001875
27904,2026-03-05,"5.02,9.01",0001683168-26-001510
27904,2026-02-13,5.02,0001683168-26-001033
27904,2026-01-27,1.01,0001683168-26-000578
27904,2026-01-13,"1.01,2.02,9.01",0000027904-26-000008
27904,2025-12-17,"5.02,9.01",0001683168-25-009232
27904,2025-12-03,7.01,0001683168-25-008823
27904,2025-10-09,"2.02,9.01",0000027904-25-000018
27904,2025-09-30,"1.01,2.03",0001683168-25-007343
27904,2025-09-11,7.01,0001683168-25-006844
27904,2025-07-10,"2.02,9.01",0001683168-25-005002
27904,2025-06-20,"5.02,5.07",0001683168-25-004655
27904,2025-06-10,"1.01,8.01,9.01",0001193125-25-138467
27904,2025-05-09,"7.01,9.01",0001683168-25-003307
27904,2025-05-01,7.01,0001683168-25-003028
27904,2025-04-25,5.02,0001683168-25-002844
27904,2025-04-09,"2.02,9.01",0001683168-25-002353
27904,2025-03-10,"7.01,9.01",0001683168-25-001468
27904,2025-01-15,"5.02,9.01",0001683168-25-000386
27904,2025-01-10,"2.02,9.01",0001683168-25-000182
27904,2024-12-13,"5.02,9.01",0001683168-24-008677
27904,2024-11-20,"7.01,9.01",0001683168-24-008276
27904,2024-10-10,"2.02,9.01",0001683168-24-007033
27904,2024-09-12,"7.01,9.01",0001683168-24-006319
27904,2024-08-23,5.02,0001683168-24-005993
27904,2024-08-08,7.01,0001683168-24-005369
27904,2024-07-11,"2.02,9.01",0001683168-24-004743
27904,2024-06-21,5.07,0001683168-24-004395
27904,2024-06-20,5.02,0001683168-24-004365
27904,2024-04-26,"5.02,9.01",0001683168-24-002742
27904,2024-04-10,"2.02,9.01",0001683168-24-002249
27904,2024-03-12,7.01,0001683168-24-001423
27904,2024-01-12,"1.01,2.02,9.01",0001683168-24-000244
27904,2023-12-06,7.01,0001683168-23-008645
27904,2023-11-08,"1.01,2.03",0001683168-23-007733
27904,2023-11-03,2.03,0001683168-23-007623
27904,2023-10-12,"2.02,9.01",0001683168-23-007072
27904,2023-10-02,5.02,0001683168-23-006885
27904,2023-09-14,"7.01,9.01",0001683168-23-006400
27904,2023-07-13,"2.02,9.01",0001683168-23-004828
27904,2023-06-27,"7.01,9.01",0001683168-23-004431
27904,2023-06-15,5.02,0001683168-23-004182
27904,2023-06-15,5.07,0001683168-23-004180
27904,2023-06-15,"7.01,9.01",0001683168-23-004152
27904,2023-05-23,"5.02,9.01",0001683168-23-003666
27904,2023-04-28,"5.02,9.01",0001683168-23-002764
27904,2023-04-13,"2.02,9.01",0001683168-23-002326
27904,2023-03-14,7.01,0001683168-23-001464
27904,2023-01-13,"2.02,9.01",0001683168-23-000172
27904,2022-12-14,"7.01,9.01",0001683168-22-008404
27904,2022-12-14,"7.01,9.01",0001683168-22-008402
27904,2022-12-09,"5.03,9.01",0001683168-22-008312
27904,2022-11-21,"1.01,9.01",0001683168-22-007951
27904,2022-10-13,"2.02,9.01",0001683168-22-006867
27904,2022-07-18,1.01,0001683168-22-005002
27904,2022-07-13,"2.02,9.01",0001683168-22-004923
27904,2022-06-16,5.07,0001683168-22-004400
27904,2022-06-01,"7.01,9.01",0001683168-22-004103
27904,2022-04-21,"5.02,9.01",0001683168-22-002855
27904,2022-04-13,"2.02,9.01",0001683168-22-002578
27904,2022-03-15,"7.01,9.01",0001683168-22-001661
27904,2022-01-13,"2.02,9.01",0001683168-22-000238
27904,2021-12-16,"7.01,9.01",0001683168-21-006386
27904,2021-12-16,"7.01,9.01",0001683168-21-006385
27904,2021-12-13,"7.01,9.01",0001683168-21-006283
27904,2021-11-19,1.01,0001683168-21-005852
27904,2021-10-13,"2.02,9.01",0001683168-21-004801
27904,2021-09-09,"7.01,9.01",0001683168-21-004177
27904,2021-08-24,"8.01,9.01",0001683168-21-003872
27904,2021-07-14,"2.02,9.01",0001683168-21-002954
27904,2021-06-21,5.07,0001683168-21-002610
27904,2021-06-03,"7.01,9.01",0001683168-21-002319
27904,2021-05-21,"5.02,9.01",0001683168-21-002144
27904,2021-05-13,5.02,0001683168-21-001960
27904,2021-04-23,"1.01,8.01,9.01",0001683168-21-001512
27904,2021-04-22,"8.01,9.01",0001683168-21-001491
27904,2021-04-15,"2.02,9.01",0001683168-21-001429
27904,2021-03-31,7.01,0001683168-21-001157
27904,2021-03-15,"7.01,9.01",0001683168-21-000930
27904,2021-01-15,1.01,0001683168-21-000171
27904,2021-01-14,"2.02,9.01",0001683168-21-000139
27904,2020-12-21,5.02,0001683168-20-004402
27904,2020-12-03,"7.01,9.01",0001683168-20-004156
27904,2020-10-30,"5.02,9.01",0001683168-20-003616
27904,2020-10-13,"1.02,2.02,9.01",0001683168-20-003418
27904,2020-09-25,"1.01,2.03,2.06,7.01,9.01",0001683168-20-003281
27904,2020-09-17,"8.01,9.01",0001683168-20-003165
27904,2020-09-14,"7.01,8.01,9.01",0001193125-20-244688
27904,2020-09-04,2.03,0001683168-20-003044
27904,2020-08-24,"5.02,9.01",0001683168-20-002855
27904,2020-07-14,"2.02,9.01",0001683168-20-002254
27904,2020-07-02,1.01,0001683168-20-002165
27904,2020-06-19,5.07,0001683168-20-002010
27904,2020-06-12,"1.01,8.01,9.01",0001193125-20-167365
27904,2020-06-10,"8.01,9.01",0001193125-20-165725
27904,2020-06-10,"8.01,9.01",0001193125-20-165177
27904,2020-05-14,"2.06,7.01,9.01",0001683168-20-001539
27904,2020-04-30,"1.01,2.03,7.01,9.01",0001193125-20-127772
27904,2020-04-23,"8.01,9.01",0001683168-20-001259
27904,2020-04-22,"1.01,2.02,5.02,9.01",0001683168-20-001252
27904,2020-04-15,"7.01,9.01",0001683168-20-001200
27904,2020-04-03,"7.01,9.01",0001683168-20-001117
27904,2020-03-20,"1.01,2.03,7.01,9.01",0001683168-20-000894
27904,2020-03-18,"7.01,9.01",0001683168-20-000862
27904,2020-03-13,"7.01,9.01",0001683168-20-000793
27904,2020-03-12,"2.03,8.01,9.01",0001193125-20-071712
27904,2020-03-10,"7.01,9.01",0001683168-20-000743
27904,2020-02-28,"5.02,9.01",0001683168-20-000620
27904,2020-01-14,"2.02,9.01",0001683168-20-000113
27904,2019-12-12,"7.01,8.01,9.01",0001683168-19-003954
27904,2019-11-07,"7.01,9.01",0001683168-19-003474
27904,2019-10-28,"1.01,8.01,9.01",0001193125-19-276208
27904,2019-10-10,"2.02,9.01",0001683168-19-003214
27904,2019-10-02,1.01,0001683168-19-003140
27904,2019-10-02,"7.01,9.01",0001683168-19-003120
27904,2019-09-26,"8.01,9.01",0001683168-19-003067
27904,2019-09-04,"7.01,9.01",0001683168-19-002809
27904,2019-08-07,"5.02,9.01",0001683168-19-002458
27904,2019-07-11,"2.02,8.01,9.01",0001683168-19-002162
27904,2019-07-02,"7.01,9.01",0001683168-19-002084
27904,2019-06-20,5.07,0001683168-19-001955
27904,2019-06-20,5.07,0001683168-19-001952
27904,2019-06-04,"7.01,9.01",0001683168-19-001773
27904,2019-05-24,5.02,0001683168-19-001715
27904,2019-04-10,"2.02,9.01",0001683168-19-000988
27904,2019-04-02,"7.01,9.01",0001683168-19-000928
27904,2019-03-13,"2.03,8.01,9.01",0001193125-19-073440
27904,2019-03-05,"7.01,9.01",0001683168-19-000542
27904,2019-02-08,"5.03,9.01",0001683168-19-000302
27904,2019-01-15,"2.02,9.01",0001683168-19-000102
27904,2019-01-03,"7.01,9.01",0001683168-19-000010
27904,2018-12-13,"7.01,9.01",0001683168-18-003681
27904,2018-12-12,"7.01,9.01",0001683168-18-003678
27904,2018-12-04,"7.01,9.01",0001683168-18-003604
27904,2018-10-11,"2.02,9.01",0001683168-18-003018
27904,2018-10-11,"2.02,9.01",0001683168-18-003013
27904,2018-10-02,"7.01,9.01",0001683168-18-002913
27904,2018-09-05,"7.01,9.01",0001683168-18-002594
27904,2018-07-12,"2.02,9.01",0001683168-18-001939
27904,2018-07-03,"7.01,9.01",0001683168-18-001852
27904,2018-06-29,5.07,0001683168-18-001817
27904,2018-06-06,"7.01,9.01",0001683168-18-001600
27904,2018-05-04,"1.01,2.03",0001193125-18-153000
27904,2018-05-03,2.03,0001683168-18-001173
27904,2018-04-20,"5.02,9.01",0001683168-18-001046
27904,2018-04-19,"1.01,2.03,8.01,9.01",0001193125-18-122656
27904,2018-04-12,"2.02,9.01",0001683168-18-000976
27904,2018-04-03,"7.01,9.01",0001683168-18-000899
27904,2018-03-13,"7.01,9.01",0000027904-18-000009
27904,2018-03-13,"7.01,9.01",0001683168-18-000643
27904,2018-01-11,"2.02,9.01",0001683168-18-000110
27904,2018-01-03,"7.01,9.01",0001683168-18-000029
27904,2017-12-18,1.01,0001683168-17-003337
27904,2017-12-14,"7.01,9.01",0001683168-17-003304
27904,2017-12-13,"7.01,9.01",0001683168-17-003297
27904,2017-12-05,"2.03,8.01,9.01",0001193125-17-361559
27904,2017-12-04,"8.01,9.01",0001193125-17-360238
27904,2017-11-28,"8.01,9.01",0001683168-17-003157
27904,2017-10-23,"5.02,9.01",0001683168-17-002723
27904,2017-10-11,"2.02,9.01",0001683168-17-002616
27904,2017-10-03,"7.01,9.01",0001683168-17-002553
27904,2017-09-15,1.01,0001683168-17-002393
27904,2017-09-05,"7.01,9.01",0001683168-17-002301
27904,2017-07-13,"2.02,9.01",0001683168-17-001759
27904,2017-07-05,"7.01,9.01",0001683168-17-001712
27904,2017-06-30,5.07,0001683168-17-001687
27904,2017-06-07,"7.01,9.01",0001683168-17-001516
27904,2017-06-02,"7.01,9.01",0001683168-17-001473
27904,2017-05-11,"7.01,9.01",0001683168-17-001165
27904,2017-05-02,"7.01,9.01",0001683168-17-001072
27904,2017-04-12,"2.02,9.01",0001683168-17-000893
27904,2017-04-11,5.02,0001683168-17-000876
27904,2017-04-04,"7.01,9.01",0001683168-17-000788
27904,2017-03-14,"1.01,2.03,8.01,9.01",0001193125-17-082053
27904,2017-03-06,"7.01,9.01",0001683168-17-000491
27904,2017-03-02,"7.01,9.01",0001683168-17-000474
27904,2017-02-02,"7.01,9.01",0001683168-17-000214
27904,2017-01-26,"5.02,9.01",0001683168-17-000167
27904,2017-01-12,"2.02,9.01",0001683168-17-000066
27904,2017-01-04,"7.01,9.01",0001683168-17-000005
27904,2016-12-15,"7.01,9.01",0001683168-16-000950
27904,2016-12-02,"7.01,9.01",0001683168-16-000836
27904,2016-11-02,"7.01,9.01",0001683168-16-000451
27904,2016-10-31,"5.03,9.01",0001683168-16-000419
27904,2016-10-13,"2.02,9.01",0001683168-16-000303
27904,2016-10-11,"5.02,9.01",0001683168-16-000288
27904,2016-10-04,"7.01,9.01",0001683168-16-000234
27904,2016-09-07,"7.01,9.01",0001683168-16-000028
27904,2016-09-02,"7.01,9.01",0001683168-16-000010
27904,2016-08-02,"7.01,9.01",0001019687-16-007061
27904,2016-07-14,"2.02,9.01",0001019687-16-006928
27904,2016-07-05,"7.01,9.01",0001019687-16-006841
27904,2016-06-10,"5.02,5.07",0001019687-16-006642
27904,2016-06-02,"7.01,9.01",0001019687-16-006535
27904,2016-05-16,"7.01,9.01",0001019687-16-006265
27904,2016-05-03,"7.01,9.01",0001019687-16-006073
27904,2016-04-14,"2.02,9.01",0001019687-16-005858
27904,2016-04-04,"7.01,9.01",0001019687-16-005716
27904,2016-03-08,"7.01,9.01",0001019687-16-005390
27904,2016-03-02,"7.01,9.01",0001019687-16-005309
27904,2016-02-17,"8.01,9.01",0001019687-16-005211
27904,2016-02-05,"5.02,9.01",0001019687-16-005064
27904,2016-02-02,"7.01,9.01",0001019687-16-004983
27904,2016-01-19,"2.02,9.01",0001019687-16-004864
27904,2016-01-05,"7.01,9.01",0001019687-16-004701
27904,2015-12-17,"7.01,9.01",0001019687-15-004546
27904,2015-12-02,"7.01,9.01",0001019687-15-004388
27904,2015-11-03,"7.01,9.01",0001019687-15-003878
27904,2015-10-14,"2.02,9.01",0001019687-15-003711
27904,2015-10-02,"7.01,9.01",0001019687-15-003608
27904,2015-09-09,"7.01,9.01",0001019687-15-003407
27904,2015-09-02,"7.01,9.01",0001019687-15-003335
27904,2015-08-24,"1.01,2.03,8.01,9.01",0001193125-15-300173
27904,2015-08-04,"7.01,9.01",0001019687-15-002935
27904,2015-07-27,"8.01,9.01",0001019687-15-002860
27904,2015-07-24,"5.02,9.01",0001019687-15-002851
27904,2015-07-15,"2.02,9.01",0001019687-15-002754
27904,2015-07-13,8.01,0001019687-15-002692
27904,2015-07-02,"7.01,9.01",0001019687-15-002597
27904,2015-06-25,5.07,0001019687-15-002522
27904,2015-06-04,"7.01,9.01",0001019687-15-002261
27904,2015-06-02,"7.01,9.01",0001019687-15-002230
27904,2015-05-13,"7.01,9.01",0001019687-15-001892
27904,2015-05-04,"7.01,9.01",0001019687-15-001731
27904,2015-04-15,"2.02,9.01",0001019687-15-001442
27904,2015-04-02,"7.01,9.01",0001019687-15-001283
27904,2015-03-03,"7.01,9.01",0001019687-15-000768
27904,2015-02-20,"5.02,9.01",0001019687-15-000674
27904,2015-02-03,"7.01,9.01",0001019687-15-000407
27904,2015-01-20,"2.02,9.01",0001019687-15-000242
27904,2015-01-05,"7.01,9.01",0001019687-15-000036
27904,2014-12-11,"7.01,9.01",0001019687-14-004673
27904,2014-12-11,"7.01,9.01",0001019687-14-004670
27904,2014-12-10,9.01,0001019687-14-004645
27904,2014-12-02,"7.01,9.01",0001019687-14-004546
27904,2014-11-25,1.01,0001019687-14-004491
27904,2014-11-04,"7.01,9.01",0001019687-14-004033
27904,2014-10-16,"2.02,9.01",0001019687-14-003879
27904,2014-10-02,"7.01,9.01",0001019687-14-003762
27904,2014-09-03,"7.01,9.01",0001019687-14-003440
27904,2014-08-04,"7.01,9.01",0001019687-14-002944
27904,2014-07-25,"5.02,9.01",0001019687-14-002809
27904,2014-07-23,"2.02,9.01",0001019687-14-002793
27904,2014-07-02,"7.01,9.01",0001019687-14-002625
27904,2014-06-27,"5.03,5.07,9.01",0001019687-14-002579
27904,2014-06-04,"7.01,9.01",0001019687-14-002277
27904,2014-06-03,"7.01,9.01",0001019687-14-002255
27904,2014-05-07,"7.01,9.01",0001019687-14-001671
27904,2014-05-06,"7.01,9.01",0001019687-14-001660
27904,2014-05-02,"7.01,9.01",0001019687-14-001634
27904,2014-04-23,"2.02,9.01",0001019687-14-001513
27904,2014-04-02,"7.01,9.01",0001019687-14-001205
27904,2014-03-10,"7.01,9.01",0001019687-14-000777
27904,2014-03-04,"7.01,9.01",0001019687-14-000682
27904,2014-02-07,"5.02,9.01",0001019687-14-000417
27904,2014-02-04,"7.01,9.01",0001019687-14-000373
27904,2014-01-21,"2.02,9.01",0001019687-14-000192
27904,2014-01-03,"7.01,9.01",0001019687-14-000006
27904,2013-12-11,"7.01,9.01",0001019687-13-004782
27904,2013-12-03,"7.01,9.01",0001019687-13-004681
27904,2013-11-04,"7.01,9.01",0001019687-13-004062
27904,2013-10-22,"2.02,9.01",0001019687-13-003929
27904,2013-10-02,"7.01,9.01",0001019687-13-003782
27904,2013-09-04,"7.01,9.01",0001019687-13-003404
27904,2013-08-02,"7.01,9.01",0001019687-13-002831
27904,2013-07-24,"2.02,9.01",0001019687-13-002694
27904,2013-07-02,"7.01,9.01",0001019687-13-002543
27904,2013-07-01,5.07,0001019687-13-002536
27904,2013-06-13,"7.01,9.01",0001019687-13-002322
27904,2013-06-04,"7.01,9.01",0001019687-13-002175
27904,2013-05-15,"7.01,9.01",0001019687-13-001869
27904,2013-05-08,"7.01,9.01",0001019687-13-001666
27904,2013-05-02,"7.01,9.01",0001019687-13-001587
27904,2013-04-23,"2.02,9.01",0001019687-13-001455
27904,2013-04-02,"7.01,9.01",0001019687-13-001176
27904,2013-03-04,"7.01,9.01",0001019687-13-000655
27904,2013-02-04,"7.01,9.01",0001019687-13-000331
27904,2013-01-22,"2.02,9.01",0001019687-13-000190
27904,2013-01-22,"2.02,9.01",0001019687-13-000187
27904,2013-01-03,"7.01,9.01",0001019687-13-000015
27904,2012-12-12,"7.01,9.01",0001019687-12-004492
27904,2012-12-11,"8.01,9.01",0001019687-12-004481
27904,2012-12-04,"7.01,9.01",0001019687-12-004385
27904,2012-12-03,"5.02,9.01",0001019687-12-004371
27904,2012-11-02,"7.01,9.01",0001019687-12-003850
27904,2012-11-01,5.02,0001019687-12-003824
27904,2012-10-24,"2.02,9.01",0001019687-12-003756
27904,2012-10-18,"1.01,2.03",0001019687-12-003716
27904,2012-10-02,"7.01,9.01",0001019687-12-003540
27904,2012-10-01,"5.02,9.01",0001019687-12-003510
27904,2012-09-28,7.01,0001019687-12-003482
27904,2012-09-06,"7.01,9.01",0001019687-12-003196
27904,2012-09-05,"8.01,9.01",0001019687-12-003151
27904,2012-08-02,"8.01,9.01",0001019687-12-002573
27904,2012-07-25,"2.02,9.01",0001019687-12-002486
27904,2012-07-03,"2.03,8.01,9.01",0001193125-12-293654
27904,2012-07-03,"8.01,9.01",0001019687-12-002325
27904,2012-06-26,"7.01,9.01",0001019687-12-002226
27904,2012-06-15,5.07,0001019687-12-002148
27904,2012-06-04,"8.01,9.01",0001019687-12-002036
27904,2012-05-17,"7.01,9.01",0001167966-12-000112
27904,2012-05-02,"8.01,9.01",0001019687-12-001566
27904,2012-04-30,"8.01,9.01",0001019687-12-001529
27904,2012-04-25,"2.02,9.01",0001019687-12-001475
27904,2012-04-03,"8.01,9.01",0001019687-12-001215
27904,2012-03-13,"7.01,9.01",0001019687-12-000921
27904,2012-03-02,"5.02,9.01",0001019687-12-000763
27904,2012-03-02,"8.01,9.01",0001019687-12-000753
27904,2012-02-06,"8.01,9.01",0001019687-12-000335
27904,2012-01-25,"2.02,9.01",0001019687-12-000207
27904,2011-12-14,"7.01,9.01",0001019687-11-003846
27904,2011-11-28,"5.02,9.01",0001019687-11-003719
27904,2011-10-25,"2.02,9.01",0001019687-11-003258
27904,2011-09-13,"7.01,9.01",0001019687-11-002966
27904,2011-08-30,"1.01,8.01,9.01",0001019687-11-002856
27904,2011-08-17,"8.01,9.01",0000950123-11-078245
27904,2011-07-27,"2.02,9.01",0001019687-11-002344
27904,2011-07-21,"5.02,9.01",0001019687-11-002296
27904,2011-06-30,5.07,0001019687-11-002100
27904,2011-06-27,"7.01,9.01",0001019687-11-002059
27904,2011-05-19,"7.01,9.01",0001019687-11-001736
27904,2011-04-26,"1.01,2.03",0001019687-11-001321
27904,2011-04-26,"2.02,9.01",0001019687-11-001317
27904,2011-04-05,"2.03,8.01,9.01",0000950123-11-032970
27904,2011-03-22,"7.01,9.01",0001019687-11-000926
27904,2011-02-17,5.02,0001019687-11-000576
27904,2011-02-15,5.02,0001019687-11-000554
27904,2011-02-14,"8.01,9.01",0000950123-11-013689
27904,2011-02-14,"8.01,9.01",0000950123-11-013700
27904,2011-02-03,"7.01,9.01",0001019687-11-000378
27904,2011-01-18,"2.02,9.01",0001019687-11-000185
27904,2010-12-15,1.01,0001019687-10-004436
27904,2010-12-15,"7.01,9.01",0001019687-10-004423
27904,2010-11-22,"2.03,8.01,9.01",0000950123-10-107663
27904,2010-10-20,"2.02,9.01",0001019687-10-003700
27904,2010-10-05,"8.01,9.01",0001019687-10-003574
27904,2010-09-14,"7.01,9.01",0001019687-10-003352
27904,2010-09-13,"8.01,9.01",0001019687-10-003324
27904,2010-08-25,"8.01,9.01",0001019687-10-003181
27904,2010-07-19,"2.02,9.01",0001019687-10-002681
27904,2010-07-02,"1.01,2.03,9.01",0000950123-10-063372
27904,2010-07-01,5.07,0001019687-10-002499
27904,2010-06-15,"7.01,9.01",0001019687-10-002282
27904,2010-06-11,"5.04,9.01",0001019687-10-002254
27904,2010-04-20,"2.02,9.01",0001019687-10-001498
27904,2010-03-09,"7.01,9.01",0001019687-10-000908
27904,2010-02-09,"5.02,9.01",0001019687-10-000486
27904,2010-01-26,"2.02,9.01",0001188112-10-000127
27904,2009-12-15,"7.01,9.01",0001188112-09-002584
27904,2009-12-09,"7.01,9.01",0001188112-09-002565
27904,2009-12-09,"7.01,9.01",0001188112-09-002560
27904,2009-11-24,"1.01,2.03,9.01",0000950123-09-065564
27904,2009-10-22,"2.02,9.01",0001188112-09-002201
27904,2009-09-28,"7.01,9.01",0000950123-09-046540
27904,2009-09-22,"8.01,9.01",0000950123-09-044918
27904,2009-09-16,"8.01,9.01",0000950123-09-043463
27904,2009-09-14,"7.01,9.01",0000950123-09-042857
27904,2009-08-12,"8.01,9.01",0001019687-09-002813
27904,2009-07-22,"2.02,7.01,9.01",0001019687-09-002564
27904,2009-06-11,"7.01,9.01",0001019687-09-002083
27904,2009-06-08,8.01,0001019687-09-002059
27904,2009-05-01,"8.01,9.01",0001019687-09-001566
27904,2009-04-21,"2.02,9.01",0001019687-09-001435
27904,2009-03-10,"7.01,9.01",0001019687-09-000780
27904,2009-01-27,"2.02,9.01",0001019687-09-000299
27904,2009-01-23,5.02,0001019687-09-000277
27904,2008-12-29,"8.01,9.01",0001019687-08-005640
27904,2008-12-09,"7.01,8.01,9.01",0001019687-08-005390
27904,2008-12-02,"7.01,9.01",0001019687-08-005291
27904,2008-11-21,"7.01,9.01",0001019687-08-005182
27904,2008-11-07,"2.01,8.01,9.01",0001019687-08-004887
27904,2008-10-31,"2.01,8.01,9.01",0001019687-08-004756
27904,2008-10-15,"2.02,9.01",0001019687-08-004547
27904,2008-09-25,"8.01,9.01",0001019687-08-004295
27904,2008-09-18,"7.01,9.01",0001019687-08-004201
27904,2008-08-26,"2.03,8.01,9.01",0001188112-08-002452
27904,2008-07-16,"2.02,8.01,9.01",0001019687-08-003069
27904,2008-07-02,1.01,0001188112-08-002083
27904,2008-06-18,"7.01,9.01",0001019687-08-002740
27904,2008-06-06,"2.05,5.02,8.01",0001193125-08-129677
27904,2008-05-22,"5.03,7.01,9.01",0001019687-08-002378
27904,2008-04-23,"2.02,9.01",0001019687-08-001812
27904,2008-04-18,"1.01,5.02,9.01",0001019687-08-001770
27904,2008-04-15,"8.01,9.01",0001019687-08-001632
27904,2008-04-10,7.01,0001019687-08-001583
27904,2008-04-04,"5.03,9.01",0001019687-08-001526
27904,2008-03-18,"7.01,9.01",0001019687-08-001145
27904,2008-02-13,5.02,0001188112-08-000317
27904,2008-02-08,"5.02,9.01",0001188112-08-000281
27904,2008-01-23,"2.02,9.01",0001019687-08-000278
27904,2007-12-07,"7.01,9.01",0001019687-07-004240
27904,2007-12-04,"7.01,9.01",0001019687-07-004209
27904,2007-11-29,5.02,0001019687-07-004179
27904,2007-11-14,"8.01,9.01",0001188112-07-003369
27904,2007-11-14,"8.01,9.01",0001188112-07-003362
27904,2007-10-17,"1.01,2.03,9.01",0001188112-07-003018
27904,2007-10-16,"2.02,9.01",0001188112-07-003007
27904,2007-10-11,"1.01,8.01,9.01",0001188112-07-002988
27904,2007-10-02,8.01,0001188112-07-002917
27904,2007-09-12,"7.01,9.01",0001188112-07-002780
27904,2007-08-29,5.02,0001188112-07-002661
27904,2007-08-29,5.02,0001188112-07-002660
27904,2007-08-27,5.02,0001188112-07-002636
27904,2007-07-18,"2.02,9.01",0001188112-07-002155
27904,2007-06-13,"7.01,8.01,9.01",0001188112-07-001828
27904,2007-05-02,"7.01,9.01",0001188112-07-001322
27904,2007-05-02,5.02,0001188112-07-001320
27904,2007-04-30,"1.01,2.03,3.02,5.02,5.03,8.01,9.01",0001188112-07-001266
27904,2007-04-26,"1.03,8.01,9.01",0001188112-07-001216
27904,2007-04-23,"2.02,9.01",0001188112-07-001171
27904,2007-03-29,"2.02,9.01",0001188112-07-000866
27904,2007-03-27,"7.01,9.01",0000950144-07-002682
27904,2007-03-22,"1.01,9.01",0001188112-07-000773
27904,2007-03-09,8.01,0001188112-07-000632
27904,2007-03-02,"2.02,9.01",0001188112-07-000560
27904,2007-02-14,"2.02,9.01",0001188112-07-000381
27904,2007-02-08,"7.01,9.01",0001188112-07-000324
27904,2007-01-30,"8.01,9.01",0001188112-07-000218
27904,2006-12-29,"2.02,9.01",0001188112-06-003808
27904,2006-12-19,"8.01,9.01",0001188112-06-003752
27904,2006-12-19,"8.01,9.01",0001188112-06-003747
27904,2006-11-30,"2.02,9.01",0001188112-06-003594
27904,2006-11-13,"2.02,9.01",0001188112-06-003357
27904,2006-09-29,"2.02,9.01",0001188112-06-002953
27904,2006-08-30,"2.02,9.01",0001188112-06-002700
27904,2006-08-09,"2.02,9.01",0001188112-06-002420
27904,2006-06-30,"2.02,9.01",0001188112-06-001994
27904,2006-05-31,"2.02,5.03,9.01",0001188112-06-001696
27904,2006-05-12,"2.02,9.01",0000950144-06-004894
27904,2006-03-31,"1.01,2.03,8.01,9.01",0000950144-06-003068
27904,2006-03-30,"2.02,9.01",0001188112-06-000894
27904,2006-03-28,"4.01,9.01",0001188112-06-000842
27904,2006-03-14,"8.01,9.01",0001188112-06-000688
27904,2006-03-03,"2.02,9.01",0001188112-06-000599
27904,2006-02-23,"1.01,9.01",0001188112-06-000492
27904,2006-02-15,"2.02,9.01",0001188112-06-000390
27904,2006-02-03,"4.01,9.01",0001188112-06-000275
27904,2006-01-26,"8.01,9.01",0001188112-06-000189
27904,2006-01-10,"8.01,9.01",0001188112-06-000114
27904,2005-12-23,"1.02,9.01",0001188112-05-002170
27904,2005-11-10,"2.02,9.01",0001167966-05-001596
27904,2005-11-02,"8.01,9.01",0001167966-05-001498
27904,2005-10-28,"1.01,1.02",0001167966-05-001461
27904,2005-10-19,"7.01,9.01",0001167966-05-001427
27904,2005-10-12,"1.01,2.03",0001167966-05-001413
27904,2005-10-07,"3.01,8.01,9.01",0001167966-05-001405
27904,2005-10-04,5.02,0001167966-05-001389
27904,2005-09-27,"1.01,8.01,9.01",0001167966-05-001367
27904,2005-09-22,"1.01,2.03,8.01,9.01",0001167966-05-001353
27904,2005-09-19,"8.01,9.01",0001167966-05-001330
27904,2005-09-15,"1.03,8.01,9.01",0001167966-05-001326
27904,2005-09-13,"2.01,9.01",0001167966-05-001323
27904,2005-09-09,3.02,0001167966-05-001304
27904,2005-09-07,"8.01,9.01",0001188112-05-001607
27904,2005-09-02,3.02,0001167966-05-001294
27904,2005-08-25,8.01,0000950144-05-009100
27904,2005-08-16,"8.01,9.01",0000950144-05-008817
27904,2005-07-25,5.02,0001167966-05-001008
27904,2005-07-22,"1.01,5.02,9.01",0001188112-05-001348
27904,2005-07-21,"2.02,7.01,9.01",0000950116-05-002492
27904,2005-07-15,5.02,0001167966-05-000975
27904,2005-06-23,3.02,0001167966-05-000882
27904,2005-06-16,3.02,0001167966-05-000834
27904,2005-06-01,"1.01,9.01",0000950144-05-006068
27904,2005-06-01,"1.01,9.01",0000950144-05-006065
27904,2005-05-23,"5.03,9.01",0001188112-05-001106
27904,2005-05-11,3.02,0001188112-05-000986
27904,2005-05-04,8.01,0001167966-05-000673
27904,2005-04-21,"2.02,7.01,9.01",0001167966-05-000591
27904,2005-03-29,"8.01,9.01",0001167966-05-000468
27904,2005-03-23,5.02,0001167966-05-000411
27904,2005-03-04,1.01,0001188112-05-000396
27904,2005-01-27,"1.01,5.02,5.03,9.01",0001167966-05-000134
27904,2005-01-20,2.05,0000950144-05-000384
27904,2005-01-20,"2.02,7.01,9.01",0001167966-05-000082
27904,2004-12-06,"1.01,2.03,9.01",0001167966-04-001224
27904,2004-12-02,"8.01,9.01",0001167966-04-001213
27904,2004-12-01,"3.02,8.01",0001167966-04-001211
27904,2004-11-24,"8.01,9.01",0001188112-04-001887
27904,2004-11-23,1.01,0001167966-04-001182
27904,2004-11-19,"8.01,9.01",0001167966-04-001163
27904,2004-11-10,"8.01,9.01",0001167966-04-001066
27904,2004-11-08,"8.01,9.01",0001167966-04-001031
27904,2004-11-03,"8.01,9.01",0001167966-04-000993
27904,2004-11-01,"8.01,9.01",0001167966-04-000961
27904,2004-10-28,"8.01,9.01",0001167966-04-000953
27904,2004-10-26,"8.01,9.01",0001167966-04-000933
27904,2004-10-25,"8.01,9.01",0001167966-04-000930
27904,2004-10-20,"2.02,7.01,9.01",0001167966-04-000893
27904,2004-10-15,"2.02,8.01,9.01",0001167966-04-000869
27904,2004-09-28,"8.01,9.01",0001167966-04-000826
27904,2004-09-16,"8.01,9.01",0001167966-04-000801
27904,2004-09-15,"8.01,9.01",0000950144-04-009128
27904,2004-09-08,"2.05,7.01,9.01",0000950144-04-008936
27904,2004-08-18,"5,7",0001145443-04-001231
27904,2004-08-18,"5,7",0001167966-04-000682
27904,2004-07-30,"5,7",0001167966-04-000573
27904,2004-07-19,"12,9",0001167966-04-000544
27904,2004-07-13,"5,7",0001167966-04-000532
27904,2004-07-02,"5,7",0001145443-04-001039
27904,2004-05-19,"5,7",0000950144-04-005674
27904,2004-05-19,"5,7",0000914121-04-001010
27904,2004-04-16,"5,7",0000950144-04-003982
27904,2004-04-14,"12,9",0000950144-04-003834
27904,2004-02-03,"5,7",0001193125-04-013177
27904,2004-01-14,"12,9",0000950144-04-000275
27904,2003-11-24,"5,7",0000950144-03-013239
27904,2003-11-12,"5,7",0000950144-03-012553
27904,2003-10-14,"12,9",0000950144-03-011455
27904,2003-09-05,"5,7",0000950144-03-010628
27904,2003-08-28,"5,7",0000950144-03-010417
27904,2003-08-13,"5,7",0000950144-03-009800
27904,2003-07-25,"5,7",0000950144-03-008928
27904,2003-07-17,"7,9",0000950144-03-008644
27904,2003-07-01,"5,7",0000950144-03-008285
27904,2003-06-02,"5,7",0000950144-03-007439
27904,2003-05-29,"5,7",0000950144-03-007312
27904,2003-05-27,"5,7",0000950144-03-007268
27904,2003-04-23,5,0000950144-03-005399
27904,2003-04-17,"7,9",0000950144-03-005076
27904,2003-03-25,"7,9",0000950144-03-003665
27904,2003-03-10,"5,7",0000950144-03-002876
27904,2003-01-16,"5,7",0000950144-03-000444
27904,2002-10-15,"5,7",0000950144-02-010451
27904,2002-09-27,"5,7",0000950144-02-010031
27904,2002-08-13,"7,9",0000950144-02-008453
27904,2002-07-18,"5,7",0000950144-02-007466
27904,2002-06-28,"4,7",0000950144-02-007005
27904,2002-05-31,"4,7",0000950144-02-006180
27904,2002-04-25,"5,7",0000914121-02-000461
27904,2002-04-23,"5,7",0000914121-02-000443
27904,2002-04-16,"5,7",0000950144-02-003929
27904,2002-03-19,"5,7",0000950144-02-002425
27904,2002-03-08,"4,7",0000950144-02-002117
27904,2002-01-31,"5,7",0000950144-02-000841
27904,2002-01-11,"5,7",0000950144-02-000277
27904,2001-12-21,"5,7",0000950144-01-510197
27904,2001-12-04,"5,7",0000950144-01-509763
27904,2001-11-01,"5,7",0000950144-01-508261
27904,2001-10-16,"5,7",0000914121-01-500683
27904,2001-09-17,"5,7",0000950144-01-506949
27904,2001-09-14,5,0000950144-01-506913
27904,2001-09-10,5,0000950144-01-506691
27904,2001-07-31,"5,7",0000950144-01-504990
27904,2001-06-15,"7,9",0000950144-01-503629
27904,2001-03-13,"7,9",0000950144-01-003476
27904,2000-12-18,"7,9",0000950144-00-015041
27904,2000-11-27,"5,7",0000950144-00-014427
27904,2000-11-08,"5,7",0000950144-00-013097
27904,2000-11-07,"5,7",0000950144-00-013004
27904,2000-07-13,"7,8",0000950144-00-008718
27904,2000-01-31,"5,7",0000950144-00-000746
27904,1999-11-30,5,0000950144-99-013713
27904,1999-07-23,"5,7",0000950144-99-009086
27904,1999-07-16,7,0000950144-99-008944
27904,1999-07-13,5,0000950144-99-008769
27904,1999-01-08,7,0000950144-99-000140
27904,1998-10-20,"5,7",0001047469-98-037720
27904,1998-04-30,"5,7",0000931763-98-001146
27904,1997-01-07,5,0000931763-97-000013
27904,1996-10-30,5,0000950103-96-001163
27904,1996-05-02,5,0000950144-96-001872
27904,1996-03-01,7,0000931763-96-000064
27904,1995-12-20,5,0000950144-95-003541
27904,1994-10-19,5,0000950109-94-001886
320193,2026-07-30,"2.02,9.01",0000320193-26-000018
320193,2026-04-30,"2.02,9.01",0000320193-26-000011
320193,2026-04-20,5.02,0001140361-26-015711
320193,2026-02-24,"5.07,9.01",0001140361-26-006577
320193,2026-01-29,"2.02,9.01",0000320193-26-000005
320193,2026-01-02,5.02,0001140361-26-000199
320193,2025-12-05,5.02,0001140361-25-044561
320193,2025-10-30,"2.02,9.01",0000320193-25-000077
320193,2025-07-31,"2.02,9.01",0000320193-25-000071
320193,2025-07-25,5.02,0001140361-25-027340
320193,2025-07-09,5.02,0001140361-25-025275
320193,2025-05-12,"8.01,9.01",0001140361-25-018400
320193,2025-05-01,"2.02,9.01",0000320193-25-000055
320193,2025-02-25,5.07,0001140361-25-005876
320193,2025-01-30,"2.02,9.01",0000320193-25-000007
320193,2025-01-03,5.02,0001140361-25-000228
320193,2024-10-31,"2.02,9.01",0000320193-24-000120
320193,2024-09-10,7.01,0001140361-24-040659
320193,2024-08-26,5.02,0001140361-24-038601
320193,2024-08-23,"5.03,9.01",0001140361-24-038403
320193,2024-08-01,"2.02,9.01",0000320193-24-000080
320193,2024-05-03,"7.01,9.01",0001140361-24-024352
320193,2024-05-02,"2.02,9.01",0000320193-24-000067
320193,2024-02-28,5.07,0001140361-24-010155
320193,2024-02-01,"2.02,9.01",0000320193-24-000005
320193,2023-11-02,"2.02,9.01",0000320193-23-000104
320193,2023-08-03,"2.02,9.01",0000320193-23-000075
320193,2023-05-10,"8.01,9.01",0001140361-23-023909
320193,2023-05-04,"2.02,9.01",0000320193-23-000063
320193,2023-03-10,5.07,0001140361-23-011192
320193,2023-02-02,"2.02,9.01",0000320193-23-000005
320193,2022-11-07,"7.01,9.01",0001193125-22-278435
320193,2022-10-27,"2.02,9.01",0000320193-22-000107
320193,2022-08-19,"5.02,5.03,9.01",0001193125-22-225365
320193,2022-08-08,"8.01,9.01",0001193125-22-214914
320193,2022-07-28,"2.02,9.01",0000320193-22-000069
320193,2022-04-28,"2.02,9.01",0000320193-22-000058
320193,2022-03-04,"5.02,5.07,9.01",0001193125-22-066169
320193,2022-01-27,"2.02,9.01",0000320193-22-000006
320193,2021-11-12,"5.02,5.03,9.01",0001193125-21-328151
320193,2021-10-28,"2.02,9.01",0000320193-21-000104
320193,2021-08-05,"8.01,9.01",0001193125-21-237787
320193,2021-07-27,"2.02,9.01",0000320193-21-000063
320193,2021-04-28,"2.02,9.01",0000320193-21-000055
320193,2021-02-24,5.07,0001193125-21-054710
320193,2021-02-08,"8.01,9.01",0001193125-21-032394
320193,2021-01-27,"2.02,9.01",0000320193-21-000009
320193,2021-01-05,5.02,0001193125-21-001982
320193,2020-10-29,"2.02,9.01",0000320193-20-000094
320193,2020-08-20,"8.01,9.01",0001193125-20-225672
320193,2020-08-07,"5.03,9.01",0001193125-20-213158
320193,2020-07-30,"2.02,9.01",0000320193-20-000060
320193,2020-05-11,"8.01,9.01",0001193125-20-139112
320193,2020-04-30,"2.02,9.01",0000320193-20-000050
320193,2020-02-27,5.07,0001193125-20-050884
320193,2020-02-18,"7.01,9.01",0001193125-20-039203
320193,2020-01-28,"2.02,9.01",0000320193-20-000008
320193,2019-11-15,"8.01,9.01",0001193125-19-292676
320193,2019-10-30,"2.02,9.01",0000320193-19-000117
320193,2019-09-13,5.02,0000320193-19-000093
320193,2019-09-11,"8.01,9.01",0001193125-19-242975
320193,2019-07-30,"2.02,9.01",0000320193-19-000073
320193,2019-04-30,"2.02,9.01",0000320193-19-000063
320193,2019-03-04,5.07,0000320193-19-000032
320193,2019-02-06,5.02,0000320193-19-000026
320193,2019-01-29,"2.02,9.01",0000320193-19-000007
320193,2019-01-02,"2.02,9.01",0000320193-19-000002
320193,2018-11-01,"2.02,9.01",0000320193-18-000142
320193,2018-07-31,"2.02,9.01",0000320193-18-000098
320193,2018-05-08,8.01,0001193125-18-154948
320193,2018-05-07,"8.01,9.01",0001193125-18-154515
320193,2018-05-01,"2.02,9.01",0000320193-18-000067
320193,2018-02-14,"5.07,9.01",0001193125-18-045761
320193,2018-02-01,"2.02,9.01",0000320193-18-000005
320193,2017-11-13,"8.01,9.01",0001193125-17-341015
320193,2017-11-02,"2.02,9.01",0000320193-17-000067
320193,2017-10-12,5.02,0001193125-17-308859
320193,2017-09-12,"8.01,9.01",0001193125-17-282809
320193,2017-08-18,"8.01,9.01",0001193125-17-262261
320193,2017-08-01,"2.02,9.01",0000320193-17-000006
320193,2017-06-20,"8.01,9.01",0001193125-17-208226
320193,2017-05-24,"8.01,9.01",0001193125-17-181867
320193,2017-05-11,"8.01,9.01",0001193125-17-167400
320193,2017-05-02,"2.02,9.01",0001628280-17-004663
320193,2017-03-03,"8.01,9.01",0001193125-17-069853
320193,2017-03-01,5.07,0001193125-17-064019
320193,2017-02-09,"8.01,9.01",0001193125-17-036283
320193,2017-01-31,"2.02,9.01",0001628280-17-000663
320193,2016-12-15,"5.03,9.01",0001628280-16-022047
320193,2016-10-25,"2.02,9.01",0001628280-16-020258
320193,2016-08-04,"8.01,9.01",0001193125-16-672044
320193,2016-07-26,"2.02,9.01",0001628280-16-017762
320193,2016-06-22,"8.01,9.01",0001193125-16-628957
320193,2016-04-26,"2.02,9.01",0001193125-16-556520
320193,2016-03-24,"8.01,9.01",0001193125-16-516891
320193,2016-03-01,"5.02,5.07,9.01",0001193125-16-488223
320193,2016-02-23,"8.01,9.01",0001193125-16-473562
320193,2016-01-26,"2.02,9.01",0001193125-16-438421
320193,2015-12-22,"5.03,9.01",0001193125-15-410853
320193,2015-12-17,5.02,0001193125-15-406279
320193,2015-10-27,"2.02,9.01",0001193125-15-354756
320193,2015-10-02,5.02,0001193125-15-336615
320193,2015-09-17,"8.01,9.01",0001193125-15-322466
320193,2015-07-31,"8.01,9.01",0001193125-15-273023
320193,2015-07-21,"2.02,9.01",0001193125-15-258464
320193,2015-06-10,"8.01,9.01",0001193125-15-219298
320193,2015-05-13,"8.01,9.01",0001193125-15-186064
320193,2015-04-27,"7.01,9.01",0001193125-15-149607
320193,2015-04-27,"2.02,9.01",0001193125-15-149590
320193,2015-03-13,"5.07,9.01",0001104659-15-019336
320193,2015-02-09,"8.01,9.01",0001193125-15-039270
320193,2015-01-28,"8.01,9.01",0001193125-15-023732
320193,2015-01-27,"2.02,9.01",0001193125-15-021857
320193,2014-11-10,"8.01,9.01",0001193125-14-406296
320193,2014-10-20,"2.02,9.01",0001193125-14-376361
320193,2014-07-23,"8.01,9.01",0001193125-14-277193
320193,2014-07-22,"2.02,9.01",0001193125-14-275598
320193,2014-07-17,5.02,0001193125-14-271698
320193,2014-06-06,"5.03,9.01",0001193125-14-228798
320193,2014-05-30,5.02,0001181431-14-021923
320193,2014-05-06,"8.01,9.01",0001193125-14-184969
320193,2014-04-23,"7.01,9.01",0001193125-14-154883
320193,2014-04-23,"2.02,9.01",0001193125-14-154871
320193,2014-03-05,"5.02,5.03,5.07,9.01",0001193125-14-084697
320193,2014-01-27,"2.02,9.01",0001193125-14-022238
320193,2013-10-28,"2.02,9.01",0001193125-13-413498
320193,2013-09-23,8.01,0001181431-13-050140
320193,2013-07-30,5.02,0001181431-13-041847
320193,2013-07-23,"2.02,9.01",0001193125-13-298914
320193,2013-06-21,5.02,0001193125-13-267629
320193,2013-05-03,"8.01,9.01",0001193125-13-199324
320193,2013-04-24,"8.01,9.01",0001193125-13-170623
320193,2013-04-23,"7.01,9.01",0001193125-13-167469
320193,2013-04-23,"2.02,9.01",0001193125-13-167458
320193,2013-03-01,5.07,0001193125-13-085842
320193,2013-01-23,"2.02,9.01",0001193125-13-020783
320193,2012-10-25,"2.02,9.01",0001193125-12-435506
320193,2012-07-24,"2.02,9.01",0001193125-12-312355
320193,2012-06-28,5.02,0001181431-12-038301
320193,2012-05-24,5.02,0001181431-12-032458
320193,2012-04-24,"2.02,9.01",0001193125-12-178928
320193,2012-02-27,5.07,0001193125-12-081892
320193,2012-01-24,"2.02,9.01",0001193125-12-021833
320193,2011-11-16,5.02,0001181431-11-056354
320193,2011-10-18,"2.02,9.01",0001193125-11-273826
320193,2011-10-06,8.01,0001181431-11-051976
320193,2011-08-26,5.02,0001181431-11-047179
320193,2011-07-19,"2.02,9.01",0001193125-11-191368
320193,2011-06-15,5.02,0001181431-11-036782
320193,2011-04-20,"2.02,9.01",0001193125-11-103732
320193,2011-02-24,5.07,0001193125-11-045411
320193,2011-01-18,"2.02,9.01",0001193125-11-009392
320193,2011-01-18,5.02,0001181431-11-003847
320193,2010-11-17,"5.02,5.03,9.01",0001181431-10-056327
320193,2010-10-18,"2.02,9.01",0001193125-10-230992
320193,2010-07-20,"2.02,9.01",0001193125-10-161807
320193,2010-04-20,"2.02,9.01",0001193125-10-087786
320193,2010-03-12,5.02,0001181431-10-016054
320193,2010-03-01,"5.02,5.07,9.01",0001193125-10-044765
320193,2010-01-25,"2.02,9.01",0001193125-10-012096
320193,2009-10-19,"2.02,9.01",0001193125-09-209633
320193,2009-08-04,5.02,0001181431-09-037492
320193,2009-07-21,"2.02,9.01",0001193125-09-152290
320193,2009-06-02,5.03,0001181431-09-028400
320193,2009-04-22,"2.02,9.01",0001193125-09-084599
320193,2009-02-27,4.01,0001181431-09-012161
320193,2009-01-21,"2.02,9.01",0001193125-09-009009
320193,2009-01-16,5.02,0001181431-09-003017
320193,2008-10-21,"2.02,9.01",0001193125-08-213642
320193,2008-08-26,5.03,0001181431-08-050059
320193,2008-07-21,"2.02,9.01",0001193125-08-154381
320193,2008-06-09,8.01,0001181431-08-037620
320193,2008-04-23,"2.02,9.01",0001193125-08-088001
320193,2008-01-22,"2.02,9.01",0001193125-08-009715
320193,2008-01-15,"2.02,8.01",0001181431-08-003342
320193,2008-01-08,5.02,0001181431-08-002372
320193,2007-10-22,"2.02,9.01",0001104659-07-076142
320193,2007-07-25,"2.02,9.01",0001104659-07-056111
320193,2007-05-16,"5.02,9.01",0001104659-07-040672
320193,2007-04-25,"2.02,9.01",0001104659-07-031354
320193,2007-04-24,"8.01,9.01",0001104659-07-030938
320193,2007-02-21,"5.03,9.01",0001104659-07-012760
320193,2007-01-17,"2.02,9.01",0001104659-07-002905
320193,2007-01-10,"5.03,9.01",0001104659-07-001648
320193,2006-10-27,8.01,0001104659-06-069015
320193,2006-10-18,"2.02,9.01",0001104659-06-067275
320193,2006-10-04,"5.02,8.01,9.01",0001104659-06-064935
320193,2006-09-01,"1.01,5.02,5.03,9.01",0001104659-06-058808
320193,2006-08-11,"2.02,3.01,9.01",0001104659-06-054118
320193,2006-08-04,"2.02,4.02,9.01",0001104659-06-051302
320193,2006-07-19,"2.02,9.01",0001104659-06-047739
320193,2006-04-21,1.01,0001181431-06-024759
320193,2006-04-19,"2.02,9.01",0001104659-06-025992
320193,2006-01-18,"2.02,9.01",0001104659-06-002690
320193,2006-01-10,2.02,0001104659-06-001428
320193,2005-12-19,1.01,0001181431-05-067468
320193,2005-10-14,5.02,0001181431-05-056604
320193,2005-10-11,"2.02,9.01",0001104659-05-048094
320193,2005-08-26,1.01,0001181431-05-049163
320193,2005-08-15,1.01,0001181431-05-046871
320193,2005-07-13,"2.02,9.01",0001104659-05-032297
320193,2005-06-06,8.01,0001181431-05-033177
320193,2005-04-26,1.01,0001181431-05-023450
320193,2005-04-13,"2.02,9.01",0001104659-05-016307
320193,2005-03-02,"3.03,5.03",0001181431-05-013840
320193,2005-02-11,8.01,0001104659-05-005507
320193,2005-01-12,"2.02,9.01",0001104659-05-001183
320193,2005-01-11,2.02,0001104659-05-001049
320193,2004-10-13,"2.02,9.01",0001104659-04-030400
320193,2004-07-14,"12,7",0001104659-04-019574
320193,2004-04-14,"12,7",0001104659-04-010122
320193,2004-01-14,"12,7",0001104659-04-000896
320193,2003-10-15,"12,7",0001104659-03-022879
320193,2003-07-16,"7,9",0001104659-03-014913
320193,2003-04-16,"7,9",0001047469-03-013617
320193,2003-03-21,"5,7",0001104659-03-004649
320193,2002-08-13,"5,7",0000912057-02-031595
320193,2002-08-05,"5,7",0000912057-02-029692
320193,2000-01-24,"5,7",0000912057-00-002128
320193,1999-09-07,2,0000320193-99-000010
320193,1999-07-16,2,0000320193-99-000007
320193,1998-12-23,1,0000320193-98-000010
320193,1998-01-08,2,0000320193-98-000001
320193,1997-09-25,2,0000320193-97-000019
320193,1997-09-25,2,0000320193-97-000018
320193,1997-09-05,2,0000320193-97-000016
320193,1997-07-28,4,0000320193-97-000012
320193,1997-04-25,5,0000320193-97-000009
320193,1997-04-10,7,0000320193-97-000007
320193,1996-12-24,7,0000320193-96-000027
320193,1996-12-23,4,0000320193-96-000025
320193,1996-12-13,4,0000320193-96-000021
320193,1996-10-28,"5,7",0000912057-96-023874
320193,1996-06-17,1,0000320193-96-000014
320193,1996-04-12,1,0000320193-96-000006
806085,2025-08-28,"7.01,9.01",0001193125-25-191036
806085,2025-06-03,"7.01,9.01",0001193125-25-134082
806085,2025-03-28,"7.01,9.01",0001193125-25-066489
806085,2024-11-26,"7.01,9.01",0001193125-24-266096
806085,2024-09-09,"7.01,9.01",0001193125-24-215793
806085,2024-06-13,"7.01,9.01",0001193125-24-160686
806085,2024-03-29,"7.01,9.01",0001193125-24-081676
806085,2023-12-29,"7.01,9.01",0001193125-23-305869
806085,2023-09-28,"7.01,9.01",0001193125-23-245550
806085,2023-07-03,"7.01,9.01",0001193125-23-181258
806085,2023-03-30,"7.01,9.01",0001193125-23-085723
806085,2022-11-23,"7.01,9.01",0001193125-22-291770
806085,2022-09-29,"7.01,9.01",0001193125-22-254189
806085,2022-06-27,"7.01,9.01",0001193125-22-182682
806085,2022-03-30,"7.01,9.01",0001193125-22-089969
806085,2022-01-03,"7.01,9.01",0001193125-21-370800
806085,2021-09-30,"7.01,9.01",0001193125-21-288077
806085,2021-05-28,"7.01,9.01",0001193125-21-176712
806085,2021-03-25,"7.01,9.01",0001193125-21-094374
806085,2020-12-22,"7.01,9.01",0001193125-20-324551
806085,2020-09-24,"7.01,9.01",0001193125-20-253349
806085,2020-07-31,"7.01,9.01",0001193125-20-206365
806085,2020-03-27,"7.01,9.01",0001193125-20-087973
806085,2020-01-13,"7.01,9.01",0001193125-20-006094
806085,2019-09-27,"7.01,9.01",0001193125-19-257312
806085,2019-07-31,"7.01,9.01",0001193125-19-208696
806085,2019-03-28,"7.01,9.01",0001193125-19-090006
806085,2018-12-27,"7.01,9.01",0001193125-18-359228
806085,2018-09-27,"7.01,9.01",0001193125-18-285554
806085,2018-07-27,"7.01,9.01",0001193125-18-229041
806085,2018-03-28,"7.01,9.01",0001193125-18-099562
806085,2017-11-30,"7.01,9.01",0001193125-17-357365
806085,2017-09-27,"7.01,9.01",0001193125-17-295986
806085,2017-07-20,"7.01,9.01",0001193125-17-232056
806085,2017-03-29,"7.01,9.01",0001193125-17-101885
806085,2017-02-01,"7.01,9.01",0001193125-17-027533
806085,2016-09-22,"7.01,9.01",0001193125-16-717115
806085,2016-07-27,"7.01,9.01",0001193125-16-660136
806085,2016-03-23,"7.01,9.01",0001193125-16-515147
806085,2015-12-22,"7.01,9.01",0001193125-15-410647
806085,2015-09-24,"7.01,9.01",0001193125-15-327475
806085,2015-07-30,"7.01,9.01",0001193125-15-271087
806085,2015-03-26,"7.01,9.01",0001193125-15-107094
806085,2015-01-30,"7.01,9.01",0001193125-15-027925
806085,2014-10-02,"7.01,9.01",0001193125-14-361872
806085,2014-07-30,"7.01,9.01",0001193125-14-287198
806085,2014-04-03,"7.01,9.01",0001193125-14-129837
806085,2014-01-28,"7.01,9.01",0001193125-14-024067
806085,2013-09-26,"7.01,9.01",0001193125-13-380132
806085,2013-07-30,"7.01,9.01",0001193125-13-310450
806085,2013-03-28,"7.01,9.01",0001193125-13-132655
806085,2012-12-28,"7.01,9.01",0001193125-12-518280
806085,2012-10-15,"7.01,9.01",0001193125-12-422238
806085,2012-07-30,"7.01,9.01",0001193125-12-322900
806085,2012-05-01,"7.01,9.01",0001193125-12-201096
806085,2012-03-19,"7.01,9.01",0000909518-12-000112
806085,2012-03-12,"1.01,1.03,3.03,5.01,5.02,5.03,9.01",0000909518-12-000100
806085,2012-03-01,"7.01,9.01",0001193125-12-090123
806085,2012-01-23,"1.01,2.01,9.01",0000909518-12-000009
806085,2012-01-20,"7.01,9.01",0001193125-12-018847
806085,2011-12-27,"7.01,9.01",0001193125-11-353051
806085,2011-12-23,"7.01,9.01",0001193125-11-351822
806085,2011-12-14,"1.03,3.03,5.02,9.01",0001193125-11-339839
806085,2011-12-05,8.01,0000909518-11-000402
806085,2011-11-22,"7.01,9.01",0001193125-11-319798
806085,2011-11-10,"8.01,9.01",0000909518-11-000363
806085,2011-10-28,"7.01,9.01",0001193125-11-286231
806085,2011-10-25,"7.01,9.01",0001193125-11-278802
806085,2011-09-21,"7.01,9.01",0001193125-11-253370
806085,2011-09-02,"7.01,9.01",0001193125-11-239866
806085,2011-08-23,"7.01,9.01",0001193125-11-230115
806085,2011-07-21,"7.01,9.01",0001193125-11-193775
806085,2011-07-05,"7.01,9.01",0001193125-11-181697
806085,2011-06-30,"7.01,9.01",0001193125-11-178918
806085,2011-06-20,"7.01,9.01",0001193125-11-168924
806085,2011-05-23,"7.01,9.01",0001193125-11-147356
806085,2011-04-28,"7.01,9.01",0001193125-11-113273
806085,2011-03-18,"7.01,9.01",0001193125-11-071363
806085,2011-02-22,"7.01,9.01",0001193125-11-042333
806085,2011-01-26,"7.01,9.01",0001193125-11-014911
806085,2011-01-24,"7.01,9.01",0001193125-11-012254
806085,2011-01-19,"7.01,9.01",0001193125-11-010201
806085,2011-01-13,"8.01,9.01",0001193125-11-007127
806085,2010-12-20,"7.01,9.01",0001193125-10-284647
806085,2010-12-03,"8.01,9.01",0001193125-10-273426
806085,2010-11-22,"7.01,9.01",0001193125-10-265950
806085,2010-10-29,"8.01,9.01",0001193125-10-241364
806085,2010-10-18,"7.01,9.01",0001193125-10-231058
806085,2010-09-22,"8.01,9.01",0001193125-10-214406
806085,2010-09-17,"7.01,9.01",0001104659-10-049023
806085,2010-08-13,"7.01,9.01",0001104659-10-044392
806085,2010-07-22,"7.01,9.01",0001104659-10-038936
806085,2010-06-23,"7.01,9.01",0001104659-10-035204
806085,2010-05-20,"7.01,9.01",0001104659-10-029848
806085,2010-05-17,5.02,0001104659-10-029096
806085,2010-05-03,"7.01,9.01",0001104659-10-024387
806085,2010-04-22,"7.01,9.01",0001104659-10-021050
806085,2010-04-19,9.01,0001104659-10-020165
806085,2010-04-16,"7.01,9.01",0001104659-10-019942
806085,2010-03-29,"7.01,9.01",0001104659-10-016988
806085,2010-03-17,"7.01,9.01",0001104659-10-014841
806085,2010-03-16,"7.01,9.01",0001104659-10-014321
806085,2010-02-19,"7.01,9.01",0001104659-10-008185
806085,2010-01-14,"7.01,9.01",0001104659-10-001724
806085,2009-12-14,"7.01,9.01",0001104659-09-069781
806085,2009-11-18,"8.01,9.01",0001104659-09-065648
806085,2009-11-13,"7.01,9.01",0001104659-09-064918
806085,2009-10-14,"7.01,9.01",0001104659-09-058901
806085,2009-09-16,"7.01,9.01",0001104659-09-054710
806085,2009-08-21,"7.01,9.01",0001104659-09-050940
806085,2009-07-08,"7.01,9.01",0001104659-09-042296
806085,2009-07-08,"8.01,9.01",0001104659-09-042295
806085,2009-06-23,5.02,0001104659-09-039584
806085,2009-06-15,"7.01,9.01",0001104659-09-038112
806085,2009-06-04,"7.01,9.01",0001104659-09-036678
806085,2009-05-20,"5.02,9.01",0000909518-09-000351
806085,2009-05-20,"7.01,9.01",0001104659-09-033947
806085,2009-05-08,"1.01,2.01,9.01",0000909518-09-000309
806085,2009-04-27,5.02,0000909518-09-000276
806085,2009-04-13,"7.01,9.01",0000909518-09-000260
806085,2009-04-07,5.02,0000909518-09-000251
806085,2009-03-19,5.02,0000909518-09-000225
806085,2009-03-10,"7.01,9.01",0000909518-09-000209
806085,2009-02-27,5.02,0000909518-09-000173
806085,2009-01-30,"7.01,9.01",0000909518-09-000059
806085,2009-01-14,"8.01,9.01",0000909518-09-000039
806085,2008-12-22,5.02,0000909518-08-000936
806085,2008-12-09,"1.01,1.02,9.01",0001104659-08-075595
806085,2008-12-04,"8.01,9.01",0001104659-08-074588
806085,2008-11-20,"5.02,8.01",0000909518-08-000851
806085,2008-11-07,"8.01,9.01",0000909518-08-000816
806085,2008-10-27,"1.01,9.01",0001104659-08-065923
806085,2008-10-07,"1.01,5.02,9.01",0001104659-08-062492
806085,2008-10-03,"1.01,9.01",0001104659-08-061953
806085,2008-10-03,"1.01,9.01",0001104659-08-061936
806085,2008-10-02,"5.02,9.01",0001104659-08-061706
806085,2008-09-26,"1.01,2.01,2.05,5.02,9.01",0001104659-08-060737
806085,2008-09-23,3.01,0001104659-08-059900
806085,2008-09-22,"1.01,2.05,5.02,9.01",0001104659-08-059841
806085,2008-09-19,"1.03,2.04,8.01,9.01",0001104659-08-059632
806085,2008-09-10,"2.02,9.01",0001104659-08-057829
806085,2008-08-28,9.01,0001104659-08-055637
806085,2008-08-19,9.01,0001104659-08-053778
806085,2008-08-12,9.01,0001193125-08-174423
806085,2008-08-12,9.01,0001193125-08-174418
806085,2008-08-11,9.01,0001104659-08-051828
806085,2008-08-07,9.01,0001193125-08-169531
806085,2008-07-29,9.01,0001193125-08-160104
806085,2008-07-14,"8.01,9.01",0001193125-08-150495
806085,2008-07-08,9.01,0001193125-08-147852
806085,2008-07-07,9.01,0001104659-08-044159
806085,2008-07-07,9.01,0001193125-08-147100
806085,2008-07-02,9.01,0001193125-08-145771
806085,2008-06-30,9.01,0001104659-08-042856
806085,2008-06-20,9.01,0001104659-08-041015
806085,2008-06-18,9.01,0001193125-08-135694
806085,2008-06-17,"5.02,9.01",0001104659-08-040477
806085,2008-06-16,"2.02,9.01",0001104659-08-039972
806085,2008-06-12,"3.03,5.03,8.01,9.01",0001104659-08-039456
806085,2008-06-09,9.01,0001193125-08-130142
806085,2008-06-09,"2.02,8.01,9.01",0001104659-08-038647
806085,2008-06-04,9.01,0001104659-08-037669
806085,2008-06-03,9.01,0001193125-08-127136
806085,2008-05-30,9.01,0001193125-08-125363
806085,2008-05-23,9.01,0001193125-08-121474
806085,2008-05-23,9.01,0001104659-08-035332
806085,2008-05-20,9.01,0001193125-08-119153
806085,2008-05-19,9.01,0001193125-08-117940
806085,2008-05-13,9.01,0001104659-08-032767
806085,2008-05-12,9.01,0001193125-08-110892
806085,2008-05-07,9.01,0001104659-08-030385
806085,2008-05-06,9.01,0001193125-08-104052
806085,2008-05-05,9.01,0001193125-08-101677
806085,2008-05-02,9.01,0001104659-08-029518
806085,2008-05-01,9.01,0001193125-08-098412
806085,2008-04-28,9.01,0001193125-08-092776
806085,2008-04-25,9.01,0001104659-08-026882
806085,2008-04-22,9.01,0001193125-08-086411
806085,2008-04-18,5.02,0000893750-08-000163
806085,2008-04-11,"5.02,9.01",0000806085-08-000066
806085,2008-04-11,"8.01,9.01",0001193125-08-079567
806085,2008-04-08,9.01,0001193125-08-076949
806085,2008-04-04,"3.03,5.03,8.01,9.01",0001104659-08-022589
806085,2008-04-03,9.01,0001193125-08-073924
806085,2008-04-02,9.01,0001104659-08-022061
806085,2008-04-01,9.01,0001193125-08-071914
806085,2008-03-26,9.01,0001193125-08-065692
806085,2008-03-26,9.01,0001193125-08-065227
806085,2008-03-24,9.01,0001104659-08-019209
806085,2008-03-21,9.01,0001193125-08-062530
806085,2008-03-18,"2.02,9.01",0001104659-08-018182
806085,2008-03-13,9.01,0001104659-08-017422
806085,2008-03-12,9.01,0001193125-08-053868
806085,2008-03-11,9.01,0001193125-08-052873
806085,2008-03-11,9.01,0001193125-08-052503
806085,2008-03-05,9.01,0001104659-08-015524
806085,2008-03-04,9.01,0001193125-08-046456
806085,2008-03-03,9.01,0001193125-08-044579
806085,2008-02-28,9.01,0001193125-08-041552
806085,2008-02-27,9.01,0001193125-08-039719
806085,2008-02-26,9.01,0001104659-08-012902
806085,2008-02-25,9.01,0001193125-08-037187
806085,2008-02-22,9.01,0001193125-08-035946
806085,2008-02-22,9.01,0001193125-08-035941
806085,2008-02-20,9.01,0001193125-08-034293
806085,2008-02-19,9.01,0001104659-08-011489
806085,2008-02-19,9.01,0001193125-08-033583
806085,2008-02-15,9.01,0001193125-08-032286
806085,2008-02-13,9.01,0001104659-08-009803
806085,2008-02-12,9.01,0001104659-08-009462
806085,2008-02-12,9.01,0001193125-08-027359
806085,2008-02-12,"3.03,5.03,8.01,9.01",0001104659-08-009304
806085,2008-02-11,9.01,0001104659-08-009005
806085,2008-02-08,"5.02,9.01",0000806085-08-000021
806085,2008-02-06,9.01,0001104659-08-007639
806085,2008-02-06,9.01,0001193125-08-021373
806085,2008-02-05,"8.01,9.01",0001193125-08-020099
806085,2008-02-04,7.01,0001193125-08-019269
806085,2008-02-04,9.01,0001193125-08-019160
806085,2008-02-04,9.01,0001193125-08-019159
806085,2008-01-29,9.01,0001193125-08-014103
806085,2008-01-23,9.01,0001104659-08-004027
806085,2008-01-17,8.01,0000806085-08-000015
806085,2008-01-17,9.01,0001193125-08-007784
806085,2008-01-16,9.01,0001104659-08-003067
806085,2008-01-15,9.01,0001193125-08-006494
806085,2008-01-15,9.01,0001193125-08-006493
806085,2008-01-04,9.01,0001193125-08-001574
806085,2008-01-04,9.01,0001193125-08-001406
806085,2007-12-28,9.01,0001104659-07-091272
806085,2007-12-21,9.01,0001104659-07-090412
806085,2007-12-20,9.01,0001193125-07-269070
806085,2007-12-17,9.01,0001193125-07-266179
806085,2007-12-17,9.01,0001193125-07-266178
806085,2007-12-13,9.01,0001193125-07-264488
806085,2007-12-13,9.01,0001193125-07-264485
806085,2007-12-13,"2.02,9.01",0001104659-07-088588
806085,2007-12-11,9.01,0001104659-07-088150
806085,2007-12-10,9.01,0001193125-07-262000
806085,2007-12-07,5.02,0001104659-07-087775
806085,2007-12-06,"5.02,9.01",0001104659-07-087481
806085,2007-12-05,9.01,0001193125-07-259392
806085,2007-12-04,9.01,0001193125-07-258708
806085,2007-12-04,9.01,0001193125-07-258688
806085,2007-12-03,9.01,0001104659-07-086597
806085,2007-11-30,9.01,0001193125-07-257189
806085,2007-11-27,9.01,0001193125-07-253667
806085,2007-11-21,9.01,0001193125-07-252138
806085,2007-11-21,9.01,0001193125-07-251820
806085,2007-11-20,9.01,0001193125-07-251294
806085,2007-11-19,9.01,0001104659-07-084125
806085,2007-11-15,"5.02,5.03,9.01",0001104659-07-083574
806085,2007-11-09,9.01,0001193125-07-242161
806085,2007-11-07,9.01,0001104659-07-080533
806085,2007-11-07,9.01,0001193125-07-237871
806085,2007-11-06,9.01,0001104659-07-080245
806085,2007-11-05,9.01,0001193125-07-235080
806085,2007-11-01,9.01,0001104659-07-078911
806085,2007-10-30,9.01,0001193125-07-229523
806085,2007-10-29,9.01,0001193125-07-228344
806085,2007-10-17,9.01,0001193125-07-220062
806085,2007-10-16,9.01,0001193125-07-219301
806085,2007-10-15,"8.01,9.01",0001193125-07-218509
806085,2007-10-15,9.01,0001104659-07-074884
806085,2007-10-05,9.01,0001104659-07-073535
806085,2007-10-05,9.01,0001193125-07-213967
806085,2007-10-02,9.01,0001193125-07-211786
806085,2007-10-02,9.01,0001193125-07-211784
806085,2007-10-02,9.01,0001104659-07-072605
806085,2007-09-25,9.01,0001104659-07-071062
806085,2007-09-21,"5.02,9.01",0001104659-07-070475
806085,2007-09-19,9.01,0001104659-07-069958
806085,2007-09-18,9.01,0001193125-07-203028
806085,2007-09-18,"2.02,9.01",0001104659-07-069638
806085,2007-09-06,"8.01,9.01",0001104659-07-067338
806085,2007-09-05,9.01,0001193125-07-195588
806085,2007-09-05,9.01,0001193125-07-195585
806085,2007-09-05,9.01,0001104659-07-067008
806085,2007-08-27,9.01,0001193125-07-189782
806085,2007-08-24,9.01,0001104659-07-064760
806085,2007-08-23,9.01,0001193125-07-188040
806085,2007-08-22,"8.01,9.01",0001104659-07-064259
806085,2007-08-17,9.01,0001193125-07-185138
806085,2007-08-14,9.01,0001104659-07-062171
806085,2007-08-10,9.01,0001193125-07-178662
806085,2007-08-10,9.01,0001193125-07-178654
806085,2007-08-08,9.01,0001104659-07-060198
806085,2007-08-06,9.01,0001104659-07-059217
806085,2007-08-03,9.01,0001193125-07-170348
806085,2007-08-03,9.01,0001193125-07-170345
806085,2007-08-03,9.01,0001193125-07-170343
806085,2007-08-03,9.01,0001193125-07-170332
806085,2007-08-03,9.01,0001193125-07-170328
806085,2007-07-30,9.01,0001104659-07-057148
806085,2007-07-24,9.01,0001193125-07-160748
806085,2007-07-24,9.01,0001104659-07-055705
806085,2007-07-17,9.01,0001104659-07-054455
806085,2007-07-16,9.01,0001193125-07-155505
806085,2007-07-12,"8.01,9.01",0001193125-07-153838
806085,2007-07-10,9.01,0001104659-07-053140
806085,2007-07-06,9.01,0001193125-07-150805
806085,2007-07-06,9.01,0001193125-07-150804
806085,2007-07-06,9.01,0001193125-07-150800
806085,2007-07-06,9.01,0001193125-07-150793
806085,2007-07-06,9.01,0001193125-07-150786
806085,2007-07-05,9.01,0001193125-07-149936
806085,2007-07-03,9.01,0001104659-07-052027
806085,2007-06-28,9.01,0001193125-07-145594
806085,2007-06-27,9.01,0001104659-07-050218
806085,2007-06-21,9.01,0001193125-07-140026
806085,2007-06-18,9.01,0001193125-07-137708
806085,2007-06-15,9.01,0001104659-07-047980
806085,2007-06-12,9.01,0001193125-07-133899
806085,2007-06-12,"2.02,9.01",0001104659-07-047005
806085,2007-06-06,9.01,0001193125-07-130632
806085,2007-06-06,9.01,0001193125-07-130629
806085,2007-06-05,9.01,0001104659-07-045375
806085,2007-05-30,9.01,0001104659-07-044152
806085,2007-05-23,"3.03,5.03,8.01,9.01",0001047469-07-004575
806085,2007-05-23,9.01,0001193125-07-120895
806085,2007-05-14,"8.01,9.01",0001104659-07-039524
806085,2007-05-14,9.01,0001104659-07-039161
806085,2007-05-09,9.01,0001193125-07-108027
806085,2007-05-01,9.01,0001104659-07-034445
806085,2007-04-18,5.02,0000806085-07-000062
806085,2007-04-18,9.01,0001104659-07-029037
806085,2007-04-09,9.01,0001104659-07-027170
806085,2007-04-06,9.01,0001104659-07-026346
806085,2007-03-30,9.01,0001104659-07-024193
806085,2007-03-30,9.01,0001104659-07-024179
806085,2007-03-23,9.01,0001104659-07-021713
806085,2007-03-21,9.01,0001104659-07-021178
806085,2007-03-14,9.01,0001104659-07-019107
806085,2007-03-14,"2.02,9.01",0001104659-07-018831
806085,2007-03-13,9.01,0001104659-07-018566
806085,2007-03-13,"8.01,9.01",0000806085-07-000031
806085,2007-03-01,9.01,0001104659-07-015281
806085,2007-02-28,9.01,0001104659-07-015034
806085,2007-02-28,9.01,0001104659-07-015028
806085,2007-02-28,9.01,0001104659-07-015024
806085,2007-02-14,9.01,0001104659-07-011084
806085,2007-02-09,9.01,0001104659-07-009214
806085,2007-02-02,9.01,0001104659-07-006753
806085,2007-01-31,9.01,0001104659-07-006117
806085,2007-01-19,8.01,0001104659-07-003525
806085,2006-12-29,9.01,0000950136-06-010643
806085,2006-12-28,9.01,0001104659-06-084155
806085,2006-12-27,"5.03,8.01,9.01",0000806085-06-000164
806085,2006-12-21,9.01,0000950136-06-010488
806085,2006-12-14,"2.02,9.01",0001104659-06-081389
806085,2006-12-12,5.02,0000806085-06-000157
806085,2006-12-07,"5.02,9.01",0000806085-06-000148
806085,2006-12-04,9.01,0001104659-06-079066
806085,2006-12-01,5.02,0000806085-06-000129
806085,2006-11-22,9.01,0001104659-06-077358
806085,2006-11-13,9.01,0001104659-06-074218
806085,2006-11-13,9.01,0000950136-06-009390
806085,2006-10-30,9.01,0001104659-06-069508
806085,2006-10-27,9.01,0001104659-06-069102
806085,2006-10-25,9.01,0000950136-06-008836
806085,2006-10-24,"8.01,9.01",0000806085-06-000112
806085,2006-10-02,9.01,0001104659-06-064398
806085,2006-09-15,9.01,0001104659-06-061329
806085,2006-09-13,"2.02,9.01",0001104659-06-060767
806085,2006-08-30,9.01,0001104659-06-058158
806085,2006-08-16,9.01,0001104659-06-055492
806085,2006-08-03,9.01,0000950136-06-006322
806085,2006-07-26,9.01,0000950136-06-006001
806085,2006-07-21,9.01,0001104659-06-048083
806085,2006-07-03,9.01,0001104659-06-045097
806085,2006-06-29,9.01,0001104659-06-044381
806085,2006-06-12,"2.02,9.01",0001104659-06-041035
806085,2006-05-31,9.01,0000950136-06-004417
806085,2006-05-30,9.01,0001104659-06-038161
806085,2006-05-24,9.01,0001104659-06-037126
806085,2006-05-03,9.01,0001104659-06-030536
806085,2006-04-25,9.01,0001104659-06-027166
806085,2006-04-04,"8.01,9.01",0001104659-06-022033
806085,2006-03-31,"1.01,9.01",0001104659-06-021355
806085,2006-03-31,9.01,0000950136-06-002612
806085,2006-03-28,9.01,0001104659-06-019749
806085,2006-03-24,9.01,0001104659-06-019048
806085,2006-03-16,9.01,0001104659-06-017161
806085,2006-03-15,"2.02,9.01",0000806085-06-000042
806085,2006-03-10,9.01,0000950136-06-001843
806085,2006-03-10,9.01,0001104659-06-015703
806085,2006-03-03,9.01,0000950136-06-001621
806085,2006-02-24,"3.02,3.03",0000806085-06-000039
806085,2006-02-21,5.02,0000806085-06-000036
806085,2006-02-10,9.01,0001104659-06-007682
806085,2006-01-26,9.01,0000950136-06-000465
806085,2006-01-23,9.01,0001104659-06-003271
806085,2006-01-17,9.01,0001104659-06-002279
806085,2005-12-15,9.01,0000950136-05-008046
806085,2005-12-13,"2.02,9.01",0000806085-05-000250
806085,2005-12-06,"1.01,9.01",0000806085-05-000246
806085,2005-11-29,9.01,0001104659-05-057990
806085,2005-11-21,1.01,0000806085-05-000229
806085,2005-11-15,9.01,0000950136-05-007285
806085,2005-10-13,9.01,0000950136-05-006426
806085,2005-10-04,9.01,0001104659-05-047057
806085,2005-09-29,9.01,0000950136-05-006138
806085,2005-09-23,"3.02,3.03",0000806085-05-000201
806085,2005-09-16,"5.02,9.01",0000806085-05-000190
806085,2005-09-15,7.01,0000806085-05-000188
806085,2005-09-14,"2.02,9.01",0000806085-05-000185
806085,2005-09-01,9.01,0001104659-05-042323
806085,2005-08-18,"3.02,3.03",0001104659-05-040329
806085,2005-07-29,9.01,0000950136-05-004429
806085,2005-07-20,"5.03,9.01",0001104659-05-033201
806085,2005-07-07,9.01,0000950136-05-004012
806085,2005-06-28,9.01,0001104659-05-030084
806085,2005-06-21,9.01,0001104659-05-029061
806085,2005-06-14,"2.02,9.01",0000806085-05-000133
806085,2005-06-10,"1.01,9.01",0000806085-05-000127
806085,2005-05-19,9.01,0001104659-05-024479
806085,2005-05-11,9.01,0000950136-05-002700
806085,2005-04-04,"3.02,3.03",0001104659-05-014957
806085,2005-03-15,"2.02,9.01",0000806085-05-000069
806085,2005-03-03,9.01,0000950136-05-001130
806085,2005-03-03,9.01,0000950136-05-001129
806085,2005-02-09,9.01,0000950136-05-000675
806085,2005-02-03,9.01,0000950136-05-000562
806085,2005-01-18,9.01,0001104659-05-001706
806085,2004-12-23,9.01,0000950136-04-004526
806085,2004-12-15,"2.02,9.01",0000806085-04-000232
806085,2004-12-06,"1.01,9.01",0001104659-04-038381
806085,2004-11-29,5.02,0000893750-04-000556
806085,2004-11-15,9.01,0000950136-04-003999
806085,2004-10-08,9.01,0000893750-04-000509
806085,2004-10-08,8.01,0000893750-04-000507
806085,2004-09-28,7.01,0000950136-04-003140
806085,2004-09-21,"2.02,9.01",0000806085-04-000165
806085,2004-08-16,7,0001104659-04-024432
806085,2004-06-15,"12,7",0000806085-04-000111
806085,2004-06-07,7,0000806085-04-000108
806085,2004-05-24,"5,7",0000806085-04-000103
806085,2004-04-22,7,0001104659-04-010823
806085,2004-04-12,7,0000806085-04-000078
806085,2004-03-16,"12,7",0000806085-04-000047
806085,2004-03-03,7,0000806085-04-000040
806085,2004-03-03,7,0001104659-04-006313
806085,2004-02-06,7,0000806085-04-000019
806085,2004-01-30,7,0000893750-04-000032
806085,2004-01-20,5,0000806085-04-000008
806085,2003-12-17,"12,7",0000806085-03-000225
806085,2003-11-25,7,0000806085-03-000208
806085,2003-11-07,7,0000806085-03-000196
806085,2003-11-06,7,0000806085-03-000193
806085,2003-10-31,"5,7",0000893750-03-000552
806085,2003-10-31,7,0001047469-03-035417
806085,2003-10-08,7,0000806085-03-000185
806085,2003-09-23,"12,7",0000806085-03-000178
806085,2003-09-16,7,0000806085-03-000171
806085,2003-09-10,7,0000806085-03-000166
806085,2003-08-27,7,0000893750-03-000454
806085,2003-08-26,7,0000806085-03-000157
806085,2003-07-22,"5,7",0000893750-03-000407
806085,2003-07-14,"5,7",0000806085-03-000139
806085,2003-07-10,"5,7",0000806085-03-000137
806085,2003-07-01,"5,7",0000893750-03-000356
806085,2003-06-24,7,0000806085-03-000134
806085,2003-06-19,"5,7",0000806085-03-000130
806085,2003-06-02,7,0000806085-03-000120
806085,2003-05-27,7,0000806085-03-000113
806085,2003-05-20,7,0000806085-03-000105
806085,2003-05-13,7,0000806085-03-000094
806085,2003-05-08,7,0000806085-03-000090
806085,2003-05-08,7,0000806085-03-000088
806085,2003-05-02,5,0000806085-03-000084
806085,2003-05-01,7,0000806085-03-000082
806085,2003-04-29,7,0000806085-03-000080
806085,2003-03-21,7,0000806085-03-000054
806085,2003-03-20,"5,7",0000806085-03-000052
806085,2003-03-17,7,0001047469-03-008869
806085,2003-01-09,"5,7",0000806085-03-000003
806085,2002-12-23,5,0000806085-02-000209
806085,2002-12-23,7,0000806085-02-000208
806085,2002-12-19,7,0000806085-02-000205
806085,2002-12-11,7,0000806085-02-000202
806085,2002-11-13,7,0000806085-02-000188
806085,2002-10-18,7,0000806085-02-000183
806085,2002-10-02,7,0000806085-02-000178
806085,2002-09-27,7,0000806085-02-000176
806085,2002-09-24,"5,7",0000806085-02-000173
806085,2002-08-14,"7,9",0000806085-02-000159
806085,2002-08-05,7,0000806085-02-000148
806085,2002-08-05,7,0000806085-02-000146
806085,2002-07-02,7,0000806085-02-000136
806085,2002-07-02,7,0000806085-02-000135
806085,2002-06-27,"5,7",0000806085-02-000130
806085,2002-06-19,7,0000893750-02-000358
806085,2002-06-18,"5,7",0000806085-02-000121
806085,2002-05-09,7,0000806085-02-000093
806085,2002-04-30,7,0000950136-02-001264
806085,2002-03-26,7,0000806085-02-000088
806085,2002-03-20,"5,7",0000806085-02-000086
806085,2002-02-05,7,0000806085-02-000015
806085,2002-02-01,7,0000806085-02-000013
806085,2001-12-26,7,0000950136-01-502145
806085,2001-12-20,"5,7",0000950136-01-502114
806085,2001-11-13,7,0000806085-01-500071
806085,2001-10-05,7,0000950136-01-501506
806085,2001-10-02,7,0000912057-01-534180
806085,2001-09-25,"5,7",0000893750-01-500382
806085,2001-08-21,7,0000912057-01-529736
806085,2001-08-14,7,0000806085-01-500049
806085,2001-07-26,7,0000806085-01-500042
806085,2001-07-03,7,0000912057-01-522424
806085,2001-06-29,"5,7",0000806085-01-500039
806085,2001-06-19,"5,7",0000806085-01-500036
806085,2001-06-14,7,0000806085-01-500032
806085,2001-06-01,7,0000806085-01-500026
806085,2001-05-22,7,0000806085-01-500018
806085,2001-05-02,7,0000806085-01-500010
806085,2001-04-26,7,0000806085-01-500006
806085,2001-04-26,7,0000806085-01-500005
806085,2001-03-21,"5,7",0000806085-01-000032
806085,2001-03-13,7,0000806085-01-000031
806085,2001-02-27,"5,7",0000806085-01-000023
806085,2001-01-05,"5,7",0000806085-01-000003
806085,2001-01-04,"5,7",0000806085-01-000001
806085,2000-11-14,7,0000893750-00-000521
806085,2000-09-20,1,0000806085-00-000085
806085,2000-09-20,1,0000806085-00-000084
806085,2000-07-07,"5,7",0000806085-00-000057
806085,2000-07-07,"5,7",0000806085-00-000056
806085,2000-06-16,"5,7",0000806085-00-000049
806085,2000-04-17,"5,7",0000806085-00-000038
806085,2000-03-30,7,0000806085-00-000023
806085,2000-03-20,"5,7",0000912057-00-012357
806085,2000-02-23,7,0000806085-00-000020
806085,2000-01-06,"5,7",0000806085-00-000001
806085,1999-11-15,7,0000806085-99-000117
806085,1999-09-23,"5,7",0000806085-99-000110
806085,1999-07-22,7,0000806085-99-000101
806085,1999-07-08,7,0000806085-99-000093
806085,1999-06-22,"5,7",0000806085-99-000088
806085,1999-04-20,7,0000806085-99-000070
806085,1999-03-19,"5,7",0000806085-99-000061
806085,1999-01-27,7,0000806085-99-000013
806085,1999-01-07,"5,7",0000806085-99-000002
806085,1998-10-05,"5,7",0000806085-98-000151
806085,1998-09-28,"5,7",0000806085-98-000150
806085,1998-09-23,"5,7",0000806085-98-000144
806085,1998-09-04,"5,7",0000806085-98-000134
806085,1998-07-23,7,0000806085-98-000114
806085,1998-06-18,"5,7",0000806085-98-000105
806085,1998-05-13,2,0000806085-98-000090
806085,1998-04-06,"5,7",0000806085-98-000072
806085,1998-03-25,"5,7",0000806085-98-000067
806085,1998-01-07,"5,7",0000806085-98-000002
806085,1997-09-30,"5,7",0000806085-97-000164
806085,1997-09-04,7,0000806085-97-000156
806085,1997-06-26,"5,7",0000806085-97-000118
806085,1997-03-26,"5,7",0000806085-97-000077
806085,1997-01-08,"5,7",0000806085-97-000005
806085,1996-09-26,"5,7",0000806085-96-000148
806085,1996-06-20,1,0000806085-96-000065
806085,1996-03-22,"5,7",0000806085-96-000029
806085,1996-02-13,"5,7",0000806085-96-000013
806085,1996-01-09,"5,7",0000806085-96-000004
806085,1995-09-21,"5,7",0000806085-95-000163
806085,1995-06-28,"5,7",0000806085-95-000122
806085,1995-03-24,"5,7",0000806085-95-000090
806085,1995-01-06,"5,7",0000806085-95-000002
806085,1994-11-15,1,0000806085-94-000068
806085,1994-09-22,"5,7",0000806085-94-000053
806085,1994-09-02,"5,7",0000950123-94-001463
806085,1994-07-29,"5,7",0000950123-94-001247
806085,1994-06-15,8,0000950123-94-001061
806085,1994-06-07,5,0000950123-94-001020
806085,1994-04-26,"5,7",0000950123-94-000816
806085,1994-04-14,"5,7",0000950123-94-000760
806085,1994-02-24,"5,7",0000950123-94-000404
1004980,2026-08-04,"8.01,9.01",0001193125-26-332848
1004980,2026-07-23,"2.02,7.01,9.01",0001004980-26-000047
1004980,2026-06-23,"1.01,8.01,9.01",0001193125-26-279461
1004980,2026-06-03,"8.01,9.01",0001193125-26-255485
1004980,2026-05-26,5.07,0001999371-26-011451
1004980,2026-04-23,"2.02,7.01,9.01",0001004980-26-000032
1004980,2026-02-20,"8.01,9.01",0001193125-26-061381
1004980,2026-02-19,"8.01,9.01",0001193125-26-059497
1004980,2026-02-12,"2.02,7.01,9.01",0001004980-26-000008
1004980,2025-12-17,"5.02,5.03,8.01,9.01",0001999371-25-020477
1004980,2025-10-23,"2.02,7.01,9.01",0001004980-25-000147
1004980,2025-10-02,"8.01,9.01",0001193125-25-228354
1004980,2025-09-26,7.01,0001999371-25-014049
1004980,2025-09-24,"1.01,2.03,8.01,9.01",0001193125-25-215416
1004980,2025-09-15,"7.01,9.01",0001999371-25-013212
1004980,2025-09-12,5.02,0001999371-25-013179
1004980,2025-07-31,"2.02,7.01,9.01",0001004980-25-000131
1004980,2025-06-24,"1.01,2.03,8.01,9.01",0001193125-25-145743
1004980,2025-06-04,"8.01,9.01",0001193125-25-134966
1004980,2025-05-28,5.07,0001999371-25-006723
1004980,2025-04-24,"2.02,7.01,9.01",0001004980-25-000085
1004980,2025-02-26,"8.01,9.01",0001193125-25-036754
1004980,2025-02-13,"2.02,7.01,9.01",0001004980-25-000008
1004980,2025-01-21,"1.01,8.01,9.01",0001193125-25-009579
1004980,2024-12-16,"5.02,5.03,9.01",0001839882-24-045364
1004980,2024-12-05,"1.01,3.03,5.03,8.01,9.01",0001193125-24-271513
1004980,2024-12-04,"1.01,8.01,9.01",0001193125-24-270806
1004980,2024-12-02,"1.01,7.01,9.01",0001193125-24-268378
1004980,2024-11-15,"8.01,9.01",0001193125-24-259865
1004980,2024-11-07,"2.02,7.01,9.01",0001004980-24-000119
1004980,2024-10-15,5.02,0001839882-24-033695
1004980,2024-10-01,"7.01,9.01",0001839882-24-031721
1004980,2024-09-11,"8.01,9.01",0001193125-24-217249
1004980,2024-09-05,"8.01,9.01",0001193125-24-214249
1004980,2024-08-01,"8.01,9.01",0001193125-24-191548
1004980,2024-07-25,"2.02,7.01,9.01",0001004980-24-000104
1004980,2024-05-20,5.07,0001999371-24-006337
1004980,2024-04-25,"2.02,7.01,9.01",0001004980-24-000055
1004980,2024-02-28,"8.01,9.01",0001193125-24-050712
1004980,2024-02-22,"2.02,7.01,9.01",0001004980-24-000013
1004980,2023-12-08,"1.01,2.03,8.01,9.01",0001193125-23-291746
1004980,2023-12-04,"2.03,3.02,9.01",0001193125-23-288500
1004980,2023-11-30,"8.01,9.01",0001193125-23-285597
1004980,2023-11-29,"8.01,9.01",0001193125-23-284719
1004980,2023-11-28,"7.01,8.01,9.01",0001839882-23-031517
1004980,2023-11-20,"1.01,2.03,8.01,9.01",0001193125-23-280664
1004980,2023-11-08,"8.01,9.01",0001193125-23-273605
1004980,2023-10-26,"2.02,7.01,9.01",0001004980-23-000148
1004980,2023-09-18,8.01,0001387131-23-011237
1004980,2023-08-16,5.02,0001308179-23-000972
1004980,2023-07-27,"2.02,7.01,9.01",0001004980-23-000134
1004980,2023-06-26,"1.01,8.01,9.01",0001193125-23-175133
1004980,2023-06-05,"8.01,9.01",0001193125-23-160746
1004980,2023-05-31,8.01,0001308179-23-000881
1004980,2023-05-25,"7.01,9.01",0001308179-23-000876
1004980,2023-05-22,"5.03,5.07,9.01",0001308179-23-000870
1004980,2023-05-15,"7.01,9.01",0000950157-23-000513
1004980,2023-05-04,"2.02,7.01,9.01",0001004980-23-000088
1004980,2023-03-30,"8.01,9.01",0001193125-23-085601
1004980,2023-03-15,"5.02,7.01",0001308179-23-000183
1004980,2023-02-27,5.02,0001308179-23-000070
1004980,2023-02-23,"2.02,7.01,9.01",0001004980-23-000028
1004980,2023-02-21,5.02,0001308179-23-000054
1004980,2023-02-10,5.02,0001308179-23-000043
1004980,2023-01-06,"8.01,9.01",0001193125-23-003548
1004980,2022-12-15,5.02,0001308179-22-000408
1004980,2022-12-15,8.01,0001308179-22-000407
1004980,2022-12-02,5.02,0001308179-22-000384
1004980,2022-11-30,"8.01,9.01",0001193125-22-295403
1004980,2022-10-27,"2.02,7.01,9.01",0001004980-22-000132
1004980,2022-09-28,"7.01,9.01",0001308179-22-000369
1004980,2022-09-26,8.01,0000950157-22-001053
1004980,2022-09-07,8.01,0001308179-22-000353
1004980,2022-07-28,"2.02,7.01,9.01",0001004980-22-000111
1004980,2022-07-21,"8.01,9.01",0001193125-22-199190
1004980,2022-06-09,"7.01,9.01",0001839882-22-012836
1004980,2022-06-08,"8.01,9.01",0001193125-22-170214
1004980,2022-05-31,5.03,0001308179-22-000331
1004980,2022-05-23,5.07,0001308179-22-000327
1004980,2022-05-11,"8.01,9.01",0001193125-22-146523
1004980,2022-04-28,"2.02,7.01,9.01",0001004980-22-000069
1004980,2022-04-21,"1.01,2.03,8.01,9.01",0001193125-22-113240
1004980,2022-04-21,8.01,0001308179-22-000249
1004980,2022-04-11,8.01,0001308179-22-000229
1004980,2022-04-04,"1.01,2.03,8.01,9.01",0001193125-22-095125
1004980,2022-03-15,5.02,0001308179-22-000051
1004980,2022-02-28,8.01,0001308179-22-000024
1004980,2022-02-18,"8.01,9.01",0001193125-22-046665
1004980,2022-02-16,"7.01,9.01",0000950157-22-000150
1004980,2022-02-10,"2.02,7.01,9.01",0001004980-22-000008
1004980,2022-01-21,"5.02,9.01",0001308179-22-000008
1004980,2021-12-06,5.02,0001308179-21-000332
1004980,2021-11-15,"8.01,9.01",0001193125-21-329890
1004980,2021-11-15,"8.01,9.01",0001193125-21-328376
1004980,2021-11-02,8.01,0001387131-21-010657
1004980,2021-11-01,"2.02,7.01,9.01",0001004980-21-000038
1004980,2021-10-12,5.02,0001387131-21-009920
1004980,2021-09-27,8.01,0000950157-21-001049
1004980,2021-09-27,8.01,0001387131-21-009638
1004980,2021-09-16,8.01,0001387131-21-009486
1004980,2021-08-24,8.01,0000950157-21-000864
1004980,2021-08-09,"7.01,9.01",0000950157-21-000825
1004980,2021-07-30,8.01,0000950157-21-000789
1004980,2021-07-29,"2.02,9.01",0001004980-21-000030
1004980,2021-07-09,"1.01,9.01",0000950157-21-000748
1004980,2021-07-02,8.01,0000950157-21-000736
1004980,2021-06-23,"1.01,2.03,8.01,9.01",0001193125-21-196851
1004980,2021-06-03,"8.01,9.01",0001193125-21-180737
1004980,2021-05-24,"5.02,5.07,9.01",0000950157-21-000549
1004980,2021-05-24,"1.01,9.01",0000950157-21-000548
1004980,2021-04-30,"1.01,9.01",0000950157-21-000474
1004980,2021-04-29,"2.02,7.01,9.01",0001004980-21-000011
1004980,2021-04-07,"5.02,9.01",0000950157-21-000403
1004980,2021-04-07,8.01,0000950157-21-000402
1004980,2021-03-31,5.02,0000950157-21-000391
1004980,2021-03-24,5.02,0000950157-21-000378
1004980,2021-03-11,"8.01,9.01",0001193125-21-077390
1004980,2021-03-04,8.01,0000950157-21-000304
1004980,2021-03-03,5.02,0000950157-21-000277
1004980,2021-02-26,8.01,0000950157-21-000235
1004980,2021-02-25,"2.02,9.01",0001004980-21-000005
1004980,2021-02-23,"5.02,9.01",0000950157-21-000222
1004980,2021-02-16,5.02,0000950157-21-000199
1004980,2021-02-02,1.01,0000950157-21-000096
1004980,2021-01-26,"5.02,9.01",0000950157-21-000059
1004980,2020-12-30,5.02,0000950157-20-001474
1004980,2020-12-15,8.01,0000950157-20-001452
1004980,2020-12-11,8.01,0000950157-20-001428
1004980,2020-12-04,8.01,0000950157-20-001410
1004980,2020-11-25,"8.01,9.01",0000950157-20-001390
1004980,2020-11-18,"5.02,9.01",0000950157-20-001363
1004980,2020-11-16,"8.01,9.01",0001193125-20-294783
1004980,2020-10-30,5.02,0000950157-20-001306
1004980,2020-10-29,"2.02,7.01,9.01",0001004980-20-000057
1004980,2020-10-16,8.01,0000950157-20-001275
1004980,2020-10-09,8.01,0000950157-20-001260
1004980,2020-10-08,"1.01,2.03,9.01",0001193125-20-265890
1004980,2020-10-01,8.01,0000950157-20-001215
1004980,2020-09-30,8.01,0001193125-20-259632
1004980,2020-09-28,5.02,0000950157-20-001197
1004980,2020-09-22,"5.02,8.01",0000950157-20-001140
1004980,2020-09-17,5.02,0000950157-20-001117
1004980,2020-09-01,5.02,0000950157-20-001041
1004980,2020-08-20,5.02,0000950157-20-001015
1004980,2020-08-19,"7.01,9.01",0001004980-20-000051
1004980,2020-08-04,5.02,0000950157-20-000975
1004980,2020-08-03,"8.01,9.01",0000950157-20-000970
1004980,2020-07-30,"2.02,7.01,9.01",0001004980-20-000047
1004980,2020-07-30,5.02,0000950157-20-000943
1004980,2020-07-17,"8.01,9.01",0000950157-20-000912
1004980,2020-07-07,"5.02,9.01",0000950157-20-000860
1004980,2020-07-07,5.02,0000950157-20-000858
1004980,2020-07-02,"1.01,1.02,2.03,3.02,3.03,5.02,8.01,9.01",0001193125-20-185803
1004980,2020-06-30,"7.01,9.01",0001004980-20-000042
1004980,2020-06-26,"8.01,9.01",0000950157-20-000813
1004980,2020-06-25,"1.01,3.02,9.01",0000950157-20-000804
1004980,2020-06-24,"1.03,3.03,5.02,5.03,9.01",0000950157-20-000795
1004980,2020-06-23,"1.01,1.02,2.03,8.01,9.01",0001193125-20-176475
1004980,2020-06-19,"8.01,9.01",0001193125-20-174257
1004980,2020-06-12,"8.01,9.01",0000950157-20-000747
1004980,2020-06-11,"7.01,9.01",0000950157-20-000732
1004980,2020-06-10,"1.01,9.01",0000950157-20-000724
1004980,2020-06-09,"1.01,9.01",0000950157-20-000716
1004980,2020-06-08,"1.01,3.02,9.01",0000950157-20-000709
1004980,2020-06-03,"8.01,9.01",0000950157-20-000700
1004980,2020-05-29,"7.01,9.01",0001004980-20-000034
1004980,2020-05-27,"1.01,7.01,9.01",0001193125-20-152833
1004980,2020-05-27,8.01,0000950157-20-000674
1004980,2020-05-15,"7.01,9.01",0001004980-20-000030
1004980,2020-05-12,8.01,0000950157-20-000613
1004980,2020-05-04,"2.02,7.01,9.01",0000950157-20-000567
1004980,2020-05-01,"2.02,5.02,7.01,9.01",0001004980-20-000025
1004980,2020-04-22,"5.02,9.01",0000950157-20-000520
1004980,2020-03-30,"7.01,9.01",0001004980-20-000019
1004980,2020-03-23,"1.01,8.01,9.01",0000950157-20-000421
1004980,2020-03-10,"1.01,7.01,9.01",0000950157-20-000351
1004980,2020-03-06,5.02,0000950157-20-000339
1004980,2020-03-02,"1.01,9.01",0000950157-20-000264
1004980,2020-02-28,"7.01,9.01",0001004980-20-000017
1004980,2020-02-26,"7.01,9.01",0001004980-20-000014
1004980,2020-02-18,"2.02,7.01,9.01",0001004980-20-000008
1004980,2020-02-07,1.01,0000950157-20-000170
1004980,2020-02-04,2.03,0000950157-20-000137
1004980,2020-01-31,"1.01,9.01",0000950157-20-000130
1004980,2020-01-23,"1.01,7.01,9.01",0000950157-20-000092
1004980,2019-12-26,"1.01,9.01",0000950157-19-001505
1004980,2019-12-20,8.01,0000950157-19-001479
1004980,2019-12-20,"7.01,9.01",0001004980-19-000056
1004980,2019-12-19,8.01,0000950157-19-001460
1004980,2019-12-18,8.01,0000950157-19-001439
1004980,2019-12-17,"1.01,7.01,9.01",0000950157-19-001426
1004980,2019-12-16,"1.01,8.01,9.01",0000950157-19-001423
1004980,2019-12-13,"7.01,9.01",0000950157-19-001410
1004980,2019-12-13,5.02,0000950157-19-001406
1004980,2019-12-11,"1.01,9.01",0000950157-19-001398
1004980,2019-12-09,"1.01,7.01,8.01,9.01",0000950157-19-001393
1004980,2019-11-27,8.01,0000950157-19-001365
1004980,2019-11-26,"7.01,9.01",0001004980-19-000053
1004980,2019-11-19,1.01,0000950157-19-001344
1004980,2019-11-18,"1.01,9.01",0000950157-19-001333
1004980,2019-11-13,5.02,0000950157-19-001317
1004980,2019-11-08,"7.01,9.01",0001004980-19-000048
1004980,2019-11-07,"2.02,7.01,9.01",0001004980-19-000045
1004980,2019-10-31,1.01,0000950157-19-001232
1004980,2019-10-25,1.01,0000950157-19-001218
1004980,2019-10-15,"5.02,5.03,9.01",0000950157-19-001191
1004980,2019-10-15,"1.01,9.01",0000950157-19-001187
1004980,2019-10-04,8.01,0000950157-19-001156
1004980,2019-10-02,5.02,0000950157-19-001133
1004980,2019-10-01,"1.01,9.01",0000950157-19-001119
1004980,2019-09-30,"7.01,9.01",0001004980-19-000040
1004980,2019-09-26,"1.01,8.01,9.01",0000950157-19-001082
1004980,2019-09-17,8.01,0000950157-19-001044
1004980,2019-09-13,"1.01,7.01,9.01",0000950157-19-001027
1004980,2019-09-12,5.02,0000950157-19-001013
1004980,2019-09-10,"1.01,7.01,9.01",0000950157-19-000984
1004980,2019-09-09,5.02,0000950157-19-000972
1004980,2019-08-30,"7.01,9.01",0001004980-19-000033
1004980,2019-08-15,"7.01,9.01",0001004980-19-000031
1004980,2019-08-13,"5.02,7.01,9.01",0000950157-19-000885
1004980,2019-08-09,"2.02,7.01,9.01",0001193125-19-217519
1004980,2019-08-02,8.01,0000950157-19-000804
1004980,2019-07-25,8.01,0000950157-19-000784
1004980,2019-07-02,8.01,0000950157-19-000751
1004980,2019-06-27,"7.01,9.01",0001004980-19-000024
1004980,2019-06-24,"5.03,5.07,9.01",0000950157-19-000742
1004980,2019-06-20,"5.02,8.01",0000950157-19-000733
1004980,2019-06-19,"1.01,7.01,9.01",0000950157-19-000727
1004980,2019-06-04,5.02,0000950157-19-000689
1004980,2019-05-30,"7.01,9.01",0001004980-19-000017
1004980,2019-05-21,"8.01,9.01",0000950157-19-000613
1004980,2019-05-09,"7.01,8.01,9.01",0001004980-19-000013
1004980,2019-05-02,"2.02,7.01,9.01",0000950157-19-000521
1004980,2019-05-02,"2.02,7.01,9.01",0001193125-19-133942
1004980,2019-04-23,"1.01,5.02,8.01,9.01",0001193125-19-113770
1004980,2019-04-22,8.01,0001140361-19-007440
1004980,2019-04-16,"5.02,5.03,9.01",0000950157-19-000456
1004980,2019-04-15,5.02,0000950157-19-000453
1004980,2019-04-05,"5.02,5.03,9.01",0000950157-19-000433
1004980,2019-04-02,"5.03,8.01",0000950157-19-000421
1004980,2019-04-01,"7.01,9.01",0001004980-19-000006
1004980,2019-03-29,"5.03,8.01",0000950157-19-000382
1004980,2019-03-27,5.02,0000950157-19-000376
1004980,2019-03-25,"5.03,8.01",0000950157-19-000372
1004980,2019-03-19,"5.03,8.01",0000950157-19-000295
1004980,2019-03-12,"5.03,8.01",0000950157-19-000264
1004980,2019-03-08,"5.03,8.01",0000950157-19-000247
1004980,2019-03-01,"5.03,8.01",0000950157-19-000210
1004980,2019-02-28,"2.02,7.01,8.01,9.01",0001193125-19-055751
1004980,2019-02-21,"5.03,8.01",0000950157-19-000167
1004980,2019-02-01,"1.01,2.03,9.01",0000950157-19-000107
1004980,2019-01-29,"1.03,2.04,7.01,8.01,9.01",0001193125-19-019657
1004980,2019-01-25,5.02,0001140361-19-001615
1004980,2019-01-23,"7.01,9.01",0001193125-19-014346
1004980,2019-01-22,1.01,0000950157-19-000075
1004980,2019-01-15,5.02,0000950157-19-000044
1004980,2019-01-14,"1.03,5.02,8.01,9.01",0000950157-19-000032
1004980,2019-01-08,5.02,0000950157-19-000017
1004980,2018-12-13,8.01,0001140361-18-045115
1004980,2018-11-13,"2.03,8.01",0001140361-18-042983
1004980,2018-11-06,"7.01,9.01",0001193125-18-318696
1004980,2018-11-05,"2.02,7.01,9.01",0001193125-18-317853
1004980,2018-10-10,"8.01,9.01",0001140361-18-040342
1004980,2018-10-01,8.01,0001140361-18-039750
1004980,2018-08-22,"5.02,5.03,9.01",0001140361-18-036787
1004980,2018-08-06,"1.01,2.03,9.01",0001193125-18-239786
1004980,2018-07-27,"7.01,9.01",0001193125-18-229581
1004980,2018-07-26,"2.02,7.01,9.01",0001193125-18-226854
1004980,2018-07-13,"5.02,9.01",0001140361-18-032315
1004980,2018-07-02,"5.02,9.01",0001140361-18-030898
1004980,2018-06-21,8.01,0001193125-18-198514
1004980,2018-06-11,"7.01,8.01,9.01",0001193125-18-188689
1004980,2018-06-04,"8.01,9.01",0001140361-18-027190
1004980,2018-05-29,"8.01,9.01",0001193125-18-175903
1004980,2018-05-23,5.07,0001140361-18-025327
1004980,2018-05-17,7.01,0001140361-18-024461
1004980,2018-05-15,8.01,0000950157-18-000535
1004980,2018-05-08,"7.01,9.01",0001193125-18-154942
1004980,2018-05-03,"2.02,7.01,9.01",0001193125-18-149659
1004980,2018-04-16,"1.01,2.03,8.01,9.01",0000930413-18-001293
1004980,2018-04-02,8.01,0001140361-18-016308
1004980,2018-03-26,5.02,0001140361-18-014974
1004980,2018-02-26,5.02,0001140361-18-010173
1004980,2018-02-23,"1.01,2.03,9.01",0000930413-18-000576
1004980,2018-02-09,"2.02,7.01,9.01",0001193125-18-037140
1004980,2018-01-19,8.01,0000950157-18-000136
1004980,2018-01-11,8.01,0001140361-18-001720
1004980,2017-12-20,"8.01,9.01",0001193125-17-375028
1004980,2017-12-11,5.02,0001140361-17-045555
1004980,2017-12-04,"5.02,9.01",0001140361-17-044855
1004980,2017-11-29,"1.01,2.03,9.01",0001193125-17-355765
1004980,2017-11-27,8.01,0001193125-17-352580
1004980,2017-11-27,"8.01,9.01",0001193125-17-351735
1004980,2017-11-17,8.01,0001140361-17-043172
1004980,2017-11-03,"7.01,9.01",0001193125-17-332826
1004980,2017-11-02,"2.02,7.01,9.01",0001193125-17-330329
1004980,2017-10-13,8.01,0001140361-17-038612
1004980,2017-07-28,"7.01,9.01",0001193125-17-239475
1004980,2017-07-27,"2.02,7.01,9.01",0001193125-17-237505
1004980,2017-07-14,8.01,0001140361-17-027850
1004980,2017-06-15,"5.02,9.01",0001140361-17-025060
1004980,2017-05-31,"5.07,8.01,9.01",0001140361-17-023109
1004980,2017-05-12,8.01,0001140361-17-019885
1004980,2017-05-11,8.01,0001140361-17-019480
1004980,2017-05-03,"7.01,9.01",0001193125-17-156237
1004980,2017-05-02,"2.02,7.01,9.01",0001193125-17-153004
1004980,2017-03-28,8.01,0001140361-17-013560
1004980,2017-03-17,"7.01,9.01",0001193125-17-087150
1004980,2017-03-15,8.01,0001140361-17-012052
1004980,2017-03-10,"8.01,9.01",0001193125-17-077796
1004980,2017-03-02,8.01,0001140361-17-010134
1004980,2017-02-24,"1.01,2.03,9.01",0001193125-17-056374
1004980,2017-02-24,"7.01,9.01",0001193125-17-054842
1004980,2017-02-17,"8.01,9.01",0001193125-17-048107
1004980,2017-02-17,5.02,0001140361-17-008148
1004980,2017-02-16,"2.02,7.01,9.01",0001193125-17-045959
1004980,2017-02-07,8.01,0001140361-17-004895
1004980,2017-01-26,8.01,0001140361-17-003046
1004980,2017-01-11,"5.02,7.01",0001140361-17-001495
1004980,2017-01-10,7.01,0001140361-17-001373
1004980,2016-12-21,"5.03,8.01,9.01",0001140361-16-090488
1004980,2016-12-05,7.01,0001140361-16-088729
1004980,2016-12-02,"7.01,8.01",0001140361-16-088531
1004980,2016-12-01,"8.01,9.01",0001193125-16-781783
1004980,2016-11-22,8.01,0001140361-16-087476
1004980,2016-11-18,8.01,0001140361-16-087283
1004980,2016-11-14,"5.02,7.01,9.01",0001140361-16-086567
1004980,2016-11-04,"2.02,7.01,9.01",0001004980-16-000095
1004980,2016-11-04,"2.02,7.01,9.01",0001140361-16-084821
1004980,2016-11-02,"7.01,9.01",0001140361-16-084584
1004980,2016-09-21,"5.02,5.03,7.01,9.01",0001140361-16-080385
1004980,2016-09-13,7.01,0001140361-16-079612
1004980,2016-09-02,"7.01,8.01",0001140361-16-078582
1004980,2016-08-31,"7.01,8.01,9.01",0001140361-16-078264
1004980,2016-08-19,8.01,0001140361-16-077308
1004980,2016-08-19,"3.02,8.01,9.01",0001193125-16-685757
1004980,2016-08-10,"8.01,9.01",0001140361-16-075539
1004980,2016-08-08,7.01,0001140361-16-075118
1004980,2016-08-04,8.01,0001140361-16-074751
1004980,2016-08-03,8.01,0001140361-16-074497
1004980,2016-08-02,8.01,0001140361-16-074443
1004980,2016-08-01,8.01,0001140361-16-074115
1004980,2016-07-28,"2.02,7.01,9.01",0001140361-16-073622
1004980,2016-07-06,8.01,0001140361-16-071842
1004980,2016-06-27,8.01,0001140361-16-070819
1004980,2016-06-21,8.01,0001140361-16-070371
1004980,2016-06-02,8.01,0001140361-16-068191
1004980,2016-05-31,7.01,0001140361-16-067747
1004980,2016-05-25,5.07,0001140361-16-067082
1004980,2016-05-24,"5.02,9.01",0001140361-16-066769
1004980,2016-05-23,8.01,0001140361-16-066588
1004980,2016-05-09,8.01,0001140361-16-063970
1004980,2016-05-06,7.01,0001140361-16-063940
1004980,2016-05-04,"2.02,7.01,9.01",0001140361-16-063169
1004980,2016-05-02,"8.01,9.01",0001140361-16-062673
1004980,2016-04-12,8.01,0001140361-16-060934
1004980,2016-03-22,8.01,0001140361-16-058736
1004980,2016-03-04,"1.01,2.03,9.01",0001193125-16-492242
1004980,2016-03-01,"8.01,9.01",0001193125-16-487112
1004980,2016-02-29,"7.01,8.01",0001140361-16-055406
1004980,2016-02-23,8.01,0001140361-16-054460
1004980,2016-02-19,"5.02,5.03,9.01",0001140361-16-054058
1004980,2016-02-18,"2.02,7.01,9.01",0001140361-16-053830
1004980,2016-01-19,7.01,0001140361-16-047953
1004980,2016-01-07,7.01,0001140361-16-047091
1004980,2015-12-17,5.02,0001140361-15-044878
1004980,2015-12-17,5.02,0001140361-15-044875
1004980,2015-12-09,8.01,0001140361-15-044035
1004980,2015-12-01,8.01,0001140361-15-043190
1004980,2015-11-25,8.01,0001140361-15-042805
1004980,2015-11-06,"5.02,9.01",0001140361-15-039960
1004980,2015-11-05,8.01,0001140361-15-039829
1004980,2015-11-05,"8.01,9.01",0001193125-15-367374
1004980,2015-10-28,"2.02,7.01,9.01",0001140361-15-038724
1004980,2015-10-21,"5.02,9.01",0001140361-15-038135
1004980,2015-09-29,7.01,0001140361-15-036031
1004980,2015-09-18,"5.02,8.01",0001140361-15-035413
1004980,2015-09-08,"7.01,9.01",0001140361-15-034508
1004980,2015-09-02,8.01,0001140361-15-034109
1004980,2015-08-19,7.01,0001140361-15-032765
1004980,2015-08-11,7.01,0001140361-15-030849
1004980,2015-08-10,"3.02,8.01,9.01",0001193125-15-284204
1004980,2015-07-29,"2.02,7.01,9.01",0001140361-15-028916
1004980,2015-07-14,"5.02,5.03,9.01",0001140361-15-027443
1004980,2015-06-12,8.01,0001140361-15-024118
1004980,2015-06-12,"8.01,9.01",0001193125-15-221296
1004980,2015-05-26,"5.02,9.01",0001140361-15-021675
1004980,2015-05-22,8.01,0001004980-15-000041
1004980,2015-05-18,7.01,0001140361-15-020491
1004980,2015-05-11,7.01,0001140361-15-018572
1004980,2015-05-06,"5.07,7.01",0001004980-15-000040
1004980,2015-04-29,"2.02,7.01,9.01",0001004980-15-000035
1004980,2015-04-10,8.01,0001004980-15-000026
1004980,2015-03-16,8.01,0001140361-15-011806
1004980,2015-03-04,7.01,0001004980-15-000022
1004980,2015-02-27,"8.01,9.01",0001193125-15-066178
1004980,2015-02-23,"5.02,9.01",0001004980-15-000018
1004980,2015-02-23,"7.01,9.01",0001140361-15-008265
1004980,2015-02-10,"2.02,7.01,9.01",0001004980-15-000005
1004980,2015-01-07,"7.01,8.01",0001004980-15-000002
1004980,2014-12-22,8.01,0001004980-14-000107
1004980,2014-11-25,8.01,0001004980-14-000102
1004980,2014-11-21,8.01,0001004980-14-000100
1004980,2014-11-14,8.01,0001004980-14-000098
1004980,2014-11-10,7.01,0001004980-14-000095
1004980,2014-11-06,"8.01,9.01",0001193125-14-399956
1004980,2014-10-28,"2.02,7.01,9.01",0001004980-14-000089
1004980,2014-10-20,8.01,0001004980-14-000085
1004980,2014-10-06,8.01,0001004980-14-000083
1004980,2014-10-03,8.01,0001004980-14-000082
1004980,2014-09-26,8.01,0001004980-14-000080
1004980,2014-09-15,"8.01,9.01",0001004980-14-000077
1004980,2014-09-03,8.01,0001004980-14-000074
1004980,2014-08-18,"8.01,9.01",0001193125-14-312658
1004980,2014-08-15,8.01,0001004980-14-000073
1004980,2014-08-01,8.01,0001004980-14-000071
1004980,2014-07-31,"2.02,7.01,9.01",0001004980-14-000067
1004980,2014-06-20,"7.01,8.01",0001004980-14-000059
1004980,2014-06-03,"3.02,8.01",0001004980-14-000057
1004980,2014-05-12,"5.02,5.07",0001004980-14-000052
1004980,2014-05-12,"8.01,9.01",0001193125-14-193763
1004980,2014-05-01,"2.02,7.01,9.01",0001004980-14-000041
1004980,2014-04-02,8.01,0001004980-14-000032
1004980,2014-03-27,8.01,0001004980-14-000029
1004980,2014-02-27,"8.01,9.01",0001193125-14-071280
1004980,2014-02-24,"5.02,5.03,9.01",0001140361-14-009152
1004980,2014-02-21,"8.01,9.01",0001193125-14-061768
1004980,2014-02-12,"8.01,9.01",0001193125-14-048353
1004980,2014-02-11,"2.02,7.01,9.01",0001004980-14-000020
1004980,2014-01-02,3.02,0001004980-14-000005
1004980,2013-12-19,8.01,0000075488-13-000005
1004980,2013-11-12,"8.01,9.01",0001193125-13-437289
1004980,2013-11-08,7.01,0001004980-13-000088
1004980,2013-11-07,8.01,0001004980-13-000085
1004980,2013-10-30,"2.02,7.01,9.01",0001004980-13-000080
1004980,2013-09-24,"7.01,9.01",0001004980-13-000064
1004980,2013-09-09,8.01,0001140361-13-035441
1004980,2013-08-23,8.01,0001004980-13-000062
1004980,2013-08-02,8.01,0001004980-13-000060
1004980,2013-07-31,"2.02,7.01,9.01",0001004980-13-000054
1004980,2013-07-17,8.01,0001004980-13-000038
1004980,2013-06-20,"5.02,5.03,9.01",0001004980-13-000034
1004980,2013-06-14,"8.01,9.01",0001193125-13-258873
1004980,2013-05-28,"8.01,9.01",0001193125-13-237117
1004980,2013-05-08,"5.07,8.01",0001004980-13-000029
1004980,2013-05-06,8.01,0001004980-13-000027
1004980,2013-05-03,"8.01,9.01",0001193125-13-196853
1004980,2013-05-02,"2.02,7.01,9.01",0001004980-13-000023
1004980,2013-04-12,8.01,0001004980-13-000018
1004980,2013-04-04,"1.01,2.03",0001193125-13-141778
1004980,2013-03-04,"3.02,8.01,9.01",0001193125-13-088975
1004980,2013-02-21,"2.02,7.01,9.01",0001004980-13-000007
1004980,2013-01-31,8.01,0001004980-13-000001
1004980,2012-12-21,"5.02,8.01",0001140361-12-052395
1004980,2012-12-13,"7.01,9.01",0001004980-12-000069
1004980,2012-11-20,8.01,0001140361-12-048190
1004980,2012-11-15,8.01,0001004980-12-000067
1004980,2012-11-13,"7.01,9.01",0001004980-12-000066
1004980,2012-10-29,"2.02,7.01,9.01",0001004980-12-000057
1004980,2012-10-16,8.01,0001004980-12-000054
1004980,2012-10-15,8.01,0001004980-12-000053
1004980,2012-10-15,8.01,0001004980-12-000052
1004980,2012-09-28,8.01,0001004980-12-000050
1004980,2012-09-26,8.01,0001004980-12-000049
1004980,2012-08-16,"8.01,9.01",0001193125-12-358362
1004980,2012-08-09,8.01,0001004980-12-000048
1004980,2012-08-07,"2.02,7.01,9.01",0001004980-12-000046
1004980,2012-07-02,8.01,0001004980-12-000043
1004980,2012-06-21,"5.02,5.03,9.01",0001004980-12-000037
1004980,2012-05-30,"7.01,9.01",0001004980-12-000027
1004980,2012-05-29,8.01,0001140361-12-027523
1004980,2012-05-15,5.07,0001004980-12-000024
1004980,2012-05-02,"2.02,7.01,9.01",0001004980-12-000022
1004980,2012-04-23,8.01,0001140361-12-021079
1004980,2012-04-04,3.02,0001004980-12-000018
1004980,2012-03-20,"8.01,9.01",0001193125-12-122774
1004980,2012-03-13,8.01,0001004980-12-000016
1004980,2012-03-12,8.01,0001004980-12-000014
1004980,2012-02-29,"7.01,9.01",0001004980-12-000012
1004980,2012-02-21,"5.02,5.03,9.01",0001004980-12-000010
1004980,2012-02-16,"2.02,7.01,9.01",0001004980-12-000008
1004980,2012-02-02,8.01,0001004980-12-000004
1004980,2012-01-19,8.01,0001004980-12-000003
1004980,2012-01-13,8.01,0001004980-12-000002
1004980,2011-12-27,5.02,0001004980-11-000090
1004980,2011-12-01,"8.01,9.01",0001193125-11-326784
1004980,2011-11-29,"8.01,9.01",0001193125-11-323625
1004980,2011-11-22,"8.01,9.01",0001193125-11-319331
1004980,2011-11-14,8.01,0001004980-11-000089
1004980,2011-11-03,"2.02,7.01,9.01",0001004980-11-000088
1004980,2011-10-18,8.01,0001004980-11-000079
1004980,2011-09-30,8.01,0001004980-11-000078
1004980,2011-09-29,5.02,0001004980-11-000076
1004980,2011-09-22,5.02,0001004980-11-000073
1004980,2011-09-12,"8.01,9.01",0001193125-11-245113
1004980,2011-09-07,"7.01,9.01",0001004980-11-000071
1004980,2011-08-31,8.01,0001004980-11-000069
1004980,2011-08-26,8.01,0001140361-11-043795
1004980,2011-08-09,"5.02,5.03,9.01",0001004980-11-000068
1004980,2011-08-04,"2.02,7.01,9.01",0001004980-11-000059
1004980,2011-07-01,8.01,0001140361-11-035220
1004980,2011-06-21,8.01,0001004980-11-000048
1004980,2011-06-13,8.01,0001004980-11-000046
1004980,2011-06-03,"1.01,1.02,2.03",0000950123-11-056340
1004980,2011-05-16,"7.01,9.01",0001004980-11-000044
1004980,2011-05-13,"8.01,9.01",0000950123-11-049762
1004980,2011-05-13,5.07,0001004980-11-000041
1004980,2011-05-10,"8.01,9.01",0000950123-11-047711
1004980,2011-05-05,8.01,0001004980-11-000039
1004980,2011-05-04,"2.02,7.01,9.01",0001004980-11-000036
1004980,2011-04-21,"5.02,5.03,9.01",0001004980-11-000031
1004980,2011-04-15,8.01,0001004980-11-000029
1004980,2011-04-06,5.02,0001004980-11-000025
1004980,2011-03-25,8.01,0001004980-11-000020
1004980,2011-03-21,8.01,0001004980-11-000018
1004980,2011-03-10,"7.01,9.01",0001004980-11-000016
1004980,2011-03-02,7.01,0001004980-11-000013
1004980,2011-02-25,8.01,0001004980-11-000010
1004980,2011-02-23,8.01,0001004980-11-000008
1004980,2011-02-17,"2.02,7.01,9.01",0001004980-11-000006
1004980,2011-01-20,8.01,0001004980-11-000002
1004980,2010-12-20,"5.02,8.01",0001004980-10-000096
1004980,2010-11-30,"7.01,9.01",0001140361-10-047373
1004980,2010-11-22,8.01,0001004980-10-000091
1004980,2010-11-18,"8.01,9.01",0000950123-10-106910
1004980,2010-11-04,"8.01,9.01",0000950123-10-100760
1004980,2010-11-04,"2.02,7.01,9.01",0001188499-10-000007
1004980,2010-10-15,8.01,0001004980-10-000087
1004980,2010-10-12,"8.01,9.01",0000950123-10-092603
1004980,2010-09-30,8.01,0001004980-10-000085
1004980,2010-09-28,"7.01,9.01",0001004980-10-000083
1004980,2010-09-24,8.01,0001004980-10-000081
1004980,2010-09-15,"8.01,9.01",0000950123-10-086247
1004980,2010-09-13,"8.01,9.01",0001004980-10-000074
1004980,2010-09-10,"8.01,9.01",0001004980-10-000071
1004980,2010-08-23,8.01,0001140361-10-034623
1004980,2010-08-12,"7.01,9.01",0001004980-10-000068
1004980,2010-08-04,"2.02,7.01,9.01",0001004980-10-000066
1004980,2010-06-24,8.01,0001004980-10-000061
1004980,2010-06-11,"1.01,2.03,8.01",0001004980-10-000056
1004980,2010-05-26,8.01,0001004980-10-000054
1004980,2010-05-17,"5.07,7.01,9.01",0001004980-10-000052
1004980,2010-05-07,"2.02,7.01,9.01",0001004980-10-000038
1004980,2010-04-22,8.01,0001004980-10-000031
1004980,2010-04-01,"8.01,9.01",0000950123-10-031219
1004980,2010-03-11,"7.01,9.01",0001004980-10-000023
1004980,2010-03-03,8.01,0001004980-10-000021
1004980,2010-03-01,"7.01,9.01",0001004980-10-000019
1004980,2010-02-25,5.02,0001004980-10-000017
1004980,2010-02-19,"2.02,7.01,9.01",0001004980-10-000009
1004980,2009-12-22,8.01,0001004980-09-000117
1004980,2009-12-17,"5.02,8.01",0001004980-09-000113
1004980,2009-11-18,8.01,0001004980-09-000109
1004980,2009-11-18,"8.01,9.01",0000950123-09-063785
1004980,2009-11-02,"7.01,9.01",0001004980-09-000106
1004980,2009-10-29,"2.02,7.01,9.01",0001004980-09-000097
1004980,2009-10-15,8.01,0001004980-09-000078
1004980,2009-09-22,"5.02,5.03,7.01,8.01,9.01",0001004980-09-000073
1004980,2009-09-09,"7.01,9.01",0001004980-09-000069
1004980,2009-08-14,8.01,0001004980-09-000059
1004980,2009-08-05,"2.02,7.01,9.01",0001004980-09-000050
1004980,2009-07-20,8.01,0001004980-09-000044
1004980,2009-07-02,"5.02,9.01",0001004980-09-000042
1004980,2009-06-24,"7.01,9.01",0001004980-09-000034
1004980,2009-06-11,"8.01,9.01",0000950123-09-013167
1004980,2009-05-27,"7.01,9.01",0000075488-09-000030
1004980,2009-05-19,"7.01,9.01",0001004980-09-000026
1004980,2009-05-15,8.01,0001004980-09-000024
1004980,2009-05-06,"2.02,7.01,9.01",0001004980-09-000022
1004980,2009-04-29,8.01,0001004980-09-000019
1004980,2009-04-16,8.01,0000075488-09-000019
1004980,2009-04-16,5.02,0000075488-09-000017
1004980,2009-04-16,5.02,0000075488-09-000015
1004980,2009-04-09,"8.01,9.01",0000075488-09-000012
1004980,2009-03-17,"7.01,9.01",0001004980-09-000015
1004980,2009-03-13,"3.02,8.01",0000075488-09-000004
1004980,2009-03-12,"8.01,9.01",0000950134-09-005131
1004980,2009-03-09,"8.01,9.01",0000950134-09-004812
1004980,2009-03-06,"8.01,9.01",0000950134-09-004667
1004980,2009-03-05,"7.01,9.01",0001004980-09-000013
1004980,2009-02-26,"7.01,9.01",0001004980-09-000011
1004980,2009-02-24,"2.02,7.01,9.01",0001004980-09-000005
1004980,2009-02-06,8.01,0001004980-09-000001
1004980,2008-12-31,"5.02,5.03,9.01",0001004980-08-000220
1004980,2008-12-19,"5.02,5.03,8.01,9.01",0001140361-08-028307
1004980,2008-11-18,"8.01,9.01",0000950134-08-020807
1004980,2008-11-10,"7.01,9.01",0001004980-08-000215
1004980,2008-11-06,"2.02,7.01,9.01",0001004980-08-000213
1004980,2008-10-31,8.01,0001004980-08-000211
1004980,2008-10-22,"8.01,9.01",0000950134-08-018294
1004980,2008-10-21,"8.01,9.01",0000950134-08-018206
1004980,2008-09-23,8.01,0001140361-08-021733
1004980,2008-09-23,"7.01,9.01",0001004980-08-000204
1004980,2008-09-05,5.02,0001140361-08-020864
1004980,2008-09-02,"7.01,9.01",0001004980-08-000198
1004980,2008-08-06,"2.02,7.01,9.01",0001004980-08-000183
1004980,2008-07-30,"7.01,9.01",0001004980-08-000178
1004980,2008-07-22,8.01,0001004980-08-000176
1004980,2008-07-10,"7.01,9.01",0001004980-08-000167
1004980,2008-07-08,"5.02,9.01",0001140361-08-016666
1004980,2008-06-20,"6.04,9.01",0001004980-08-000162
1004980,2008-06-05,"7.01,9.01",0001004980-08-000152
1004980,2008-05-29,8.01,0001004980-08-000146
1004980,2008-05-28,"7.01,9.01",0001004980-08-000145
1004980,2008-05-22,"7.01,9.01",0001004980-08-000143
1004980,2008-05-19,"5.02,8.01",0001004980-08-000139
1004980,2008-05-15,8.01,0001004980-08-000130
1004980,2008-05-06,"2.02,7.01,9.01",0001004980-08-000120
1004980,2008-04-30,8.01,0001004980-08-000116
1004980,2008-04-22,5.02,0001004980-08-000114
1004980,2008-04-01,"7.01,9.01",0001004980-08-000097
1004980,2008-03-18,"5.02,5.03,9.01",0001004980-08-000096
1004980,2008-03-07,5.02,0001004980-08-000094
1004980,2008-03-03,"5.02,8.01,9.01",0000950134-08-003931
1004980,2008-02-22,"2.02,7.01,9.01",0001004980-08-000052
1004980,2008-01-17,5.02,0001004980-08-000037
1004980,2008-01-07,"5.02,7.01,9.01",0001004980-08-000033
1004980,2007-12-28,8.01,0001004980-07-000247
1004980,2007-12-21,"5.02,5.03,7.01,8.01,9.01",0001140361-07-024979
1004980,2007-12-12,8.01,0001004980-07-000238
1004980,2007-12-04,"8.01,9.01",0000950134-07-024890
1004980,2007-11-15,8.01,0001140361-07-022096
1004980,2007-11-07,8.01,0001004980-07-000227
1004980,2007-11-05,"7.01,9.01",0001004980-07-000222
1004980,2007-11-01,"2.02,7.01,9.01",0001004980-07-000220
1004980,2007-10-19,5.02,0001004980-07-000214
1004980,2007-10-09,"7.01,9.01",0001140361-07-019357
1004980,2007-09-26,"7.01,9.01",0001004980-07-000192
1004980,2007-09-24,"5.02,5.03,8.01,9.01",0001004980-07-000190
1004980,2007-09-05,"7.01,9.01",0001004980-07-000179
1004980,2007-08-07,"2.02,7.01,9.01",0001004980-07-000170
1004980,2007-07-09,"5.02,9.01",0001004980-07-000148
1004980,2007-06-26,"7.01,9.01",0001004980-07-000142
1004980,2007-06-21,"5.02,5.03,9.01",0001004980-07-000139
1004980,2007-06-07,"7.01,9.01",0001004980-07-000130
1004980,2007-05-30,"7.01,9.01",0001004980-07-000127
1004980,2007-05-15,"7.01,9.01",0001140361-07-009856
1004980,2007-05-10,"2.02,7.01,9.01",0001004980-07-000122
1004980,2007-05-07,8.01,0000075488-07-000021
1004980,2007-04-20,"5.02,5.03,8.01,9.01",0001004980-07-000118
1004980,2007-04-04,"7.01,9.01",0001004980-07-000106
1004980,2007-04-04,"7.01,9.01",0001004980-07-000101
1004980,2007-03-16,8.01,0000075488-07-000009
1004980,2007-03-14,"8.01,9.01",0000950149-07-000092
1004980,2007-03-06,8.01,0001004980-07-000079
1004980,2007-03-05,"7.01,9.01",0001004980-07-000072
1004980,2007-02-27,"1.01,2.03",0001004980-07-000063
1004980,2007-02-23,5.02,0001004980-07-000059
1004980,2007-02-22,"2.02,7.01,9.01",0001004980-07-000052
1004980,2007-02-15,"7.01,9.01",0001004980-07-000042
1004980,2007-02-14,8.01,0001004980-07-000039
1004980,2007-02-14,8.01,0001004980-07-000037
1004980,2007-02-08,"7.01,9.01",0001004980-07-000035
1004980,2006-12-22,"5.02,5.03,8.01,9.01",0001140361-06-018742
1004980,2006-12-04,8.01,0001004980-06-000262
1004980,2006-11-15,5.02,0001004980-06-000258
1004980,2006-11-08,"2.02,7.01,9.01",0001004980-06-000249
1004980,2006-10-23,8.01,0001004980-06-000235
1004980,2006-09-26,"7.01,9.01",0001004980-06-000217
1004980,2006-09-05,"7.01,9.01",0001140361-06-012901
1004980,2006-08-22,"7.01,9.01",0001004980-06-000204
1004980,2006-08-22,"7.01,8.01,9.01",0001004980-06-000200
1004980,2006-08-15,"1.01,5.02,9.01",0001004980-06-000196
1004980,2006-08-02,"2.02,7.01,9.01",0001004980-06-000193
1004980,2006-07-25,8.01,0001004980-06-000179
1004980,2006-07-18,1.01,0001004980-06-000176
1004980,2006-06-22,"5.03,7.01,9.01",0001004980-06-000151
1004980,2006-06-16,8.01,0001004980-06-000142
1004980,2006-05-10,"7.01,9.01",0001004980-06-000134
1004980,2006-05-03,"2.02,7.01,9.01",0001004980-06-000120
1004980,2006-04-25,8.01,0001004980-06-000109
1004980,2006-03-30,"1.01,1.02,2.03",0001004980-06-000092
1004980,2006-03-20,8.01,0001004980-06-000088
1004980,2006-03-09,8.01,0001004980-06-000072
1004980,2006-03-01,"7.01,9.01",0001004980-06-000070
1004980,2006-02-17,"2.02,7.01,9.01",0001004980-06-000062
1004980,2006-02-06,8.01,0001004980-06-000053
1004980,2006-01-13,"2.03,8.01",0001004980-06-000043
1004980,2006-01-09,"1.01,9.01",0001004980-06-000041
1004980,2005-12-28,"1.01,5.03,8.01,9.01",0001004980-05-000279
1004980,2005-12-28,5.02,0001004980-05-000277
1004980,2005-12-28,5.02,0001004980-05-000275
1004980,2005-12-02,"1.01,2.03,8.01",0001004980-05-000265
1004980,2005-11-28,"7.01,9.01",0001004980-05-000261
1004980,2005-11-18,"1.01,2.03,8.01",0001004980-05-000259
1004980,2005-11-09,"5.02,8.01",0001004980-05-000257
1004980,2005-11-07,7.01,0001004980-05-000255
1004980,2005-11-02,"2.02,7.01,9.01",0001004980-05-000245
1004980,2005-10-31,8.01,0001004980-05-000241
1004980,2005-10-28,"8.01,9.01",0001104659-05-051006
1004980,2005-10-21,"1.01,5.02,5.03,8.01,9.01",0001004980-05-000233
1004980,2005-10-07,8.01,0001004980-05-000224
1004980,2005-09-22,"1.01,5.02,8.01",0001004980-05-000205
1004980,2005-08-03,"2.02,7.01,9.01",0001004980-05-000184
1004980,2005-06-21,"1.01,1.02,2.03,5.02,5.03,8.01,9.01",0001004980-05-000163
1004980,2005-05-11,8.01,0001004980-05-000135
1004980,2005-05-04,"2.02,7.01,9.01",0001004980-05-000129
1004980,2005-04-25,"1.01,8.01,9.01",0001004980-05-000120
1004980,2005-04-12,"1.01,2.03",0001004980-05-000107
1004980,2005-04-11,"1.01,1.02,2.03,8.01",0001004980-05-000105
1004980,2005-03-30,8.01,0001004980-05-000099
1004980,2005-03-07,"1.01,2.03,8.01",0001004980-05-000077
1004980,2005-02-18,"2.02,8.01,9.01",0001047469-05-004225
1004980,2005-02-18,"2.02,8.01,9.01",0001047469-05-004224
1004980,2005-02-11,8.01,0001004980-05-000051
1004980,2005-02-01,"1.02,8.01",0001004980-05-000049
1004980,2005-01-06,"1.01,9.01",0001004980-05-000042
1004980,2004-12-28,8.01,0001004980-04-000298
1004980,2004-12-23,"1.01,2.03",0001004980-04-000297
1004980,2004-12-21,"1.01,8.01",0001004980-04-000294
1004980,2004-12-20,"5.03,9.01",0001004980-04-000292
1004980,2004-12-16,"1.01,2.03,5.02,5.03,8.01,9.01",0001004980-04-000285
1004980,2004-11-23,8.01,0001004980-04-000274
1004980,2004-11-02,"2.02,9.01",0001004980-04-000260
1004980,2004-10-22,8.01,0001004980-04-000252
1004980,2004-10-14,8.01,0001004980-04-000243
1004980,2004-09-03,8.01,0001004980-04-000215
1004980,2004-09-01,"7.01,9.01",0001004980-04-000211
1004980,2004-08-03,12,0001004980-04-000186
1004980,2004-07-16,5,0001004980-04-000169
1004980,2004-07-14,5,0001004980-04-000167
1004980,2004-07-01,5,0001004980-04-000156
1004980,2004-06-18,"5,7",0000950149-04-001155
1004980,2004-05-28,5,0001004980-04-000119
1004980,2004-05-25,5,0001004980-04-000118
1004980,2004-05-14,5,0001004980-04-000113
1004980,2004-05-14,5,0001004980-04-000111
1004980,2004-05-13,5,0001004980-04-000109
1004980,2004-05-04,12,0001004980-04-000097
1004980,2004-04-27,5,0000950149-04-000869
1004980,2004-04-19,5,0001004980-04-000077
1004980,2004-04-12,"5,7",0000950149-04-000763
1004980,2004-04-12,5,0001004980-04-000075
1004980,2004-04-07,5,0001004980-04-000073
1004980,2004-03-31,"5,9",0001004980-04-000066
1004980,2004-03-26,5,0001004980-04-000064
1004980,2004-03-23,"5,7",0000950149-04-000671
1004980,2004-03-18,5,0001004980-04-000062
1004980,2004-03-16,5,0001004980-04-000060
1004980,2004-03-12,5,0001004980-04-000058
1004980,2004-03-10,"5,7",0001004980-04-000056
1004980,2004-03-02,"5,7,9",0000950149-04-000510
1004980,2004-02-19,"12,5,7",0001004980-04-000040
1004980,2004-02-03,5,0001004980-04-000033
1004980,2004-01-22,"11,5,7",0001004980-04-000022
1004980,2003-12-31,9,0001004980-03-000305
1004980,2003-12-23,5,0001004980-03-000297
1004980,2003-12-22,"5,7",0001004980-03-000295
1004980,2003-12-16,5,0001004980-03-000283
1004980,2003-12-15,5,0001004980-03-000275
1004980,2003-12-12,5,0001004980-03-000273
1004980,2003-12-09,5,0001004980-03-000270
1004980,2003-12-02,9,0001004980-03-000268
1004980,2003-11-20,5,0001004980-03-000264
1004980,2003-11-12,12,0001004980-03-000255
1004980,2003-10-24,5,0001004980-03-000242
1004980,2003-10-15,"5,9",0001004980-03-000232
1004980,2003-10-03,9,0001004980-03-000230
1004980,2003-09-16,"5,9",0001004980-03-000211
1004980,2003-09-10,5,0001004980-03-000209
1004980,2003-09-03,"5,9",0001004980-03-000207
1004980,2003-08-25,5,0001004980-03-000203
1004980,2003-08-19,12,0001004980-03-000198
1004980,2003-08-14,5,0001004980-03-000186
1004980,2003-07-08,"5,9",0001004980-03-000155
1004980,2003-07-08,5,0001004980-03-000154
1004980,2003-07-02,"5,7",0000950149-03-001509
1004980,2003-07-02,"5,7",0000950149-03-001506
1004980,2003-07-02,5,0001004980-03-000152
1004980,2003-06-27,5,0001004980-03-000131
1004980,2003-06-20,"5,7",0001004980-03-000126
1004980,2003-06-16,5,0001004980-03-000117
1004980,2003-06-02,9,0001004980-03-000101
1004980,2003-05-13,9,0001004980-03-000091
1004980,2003-05-13,9,0001004980-03-000088
1004980,2003-04-24,5,0001004980-03-000074
1004980,2003-04-21,5,0001004980-03-000072
1004980,2003-04-02,"5,7",0001004980-03-000054
1004980,2003-04-02,"5,7",0001004980-03-000053
1004980,2003-03-17,5,0001004980-03-000038
1004980,2003-03-12,5,0001004980-03-000030
1004980,2003-03-06,"5,7",0001004980-03-000022
1004980,2003-02-26,9,0001004980-03-000019
1004980,2003-02-26,"7,9",0001004980-03-000014
1004980,2003-01-16,7,0001004980-03-000007
1004980,2003-01-06,"5,7",0001004980-03-000001
1004980,2002-12-04,"5,7",0001004980-02-000093
1004980,2002-11-18,5,0001004980-02-000091
1004980,2002-10-22,"5,7",0001004980-02-000083
1004980,2002-10-21,5,0001004980-02-000082
1004980,2002-10-15,5,0001004980-02-000080
1004980,2002-10-10,5,0001004980-02-000079
1004980,2002-10-03,"5,7",0001004980-02-000077
1004980,2002-09-10,5,0001004980-02-000075
1004980,2002-09-04,"5,7",0001004980-02-000073
1004980,2002-09-03,"5,7",0001004980-02-000072
1004980,2002-08-26,"5,7",0001004980-02-000070
1004980,2002-08-19,"5,7",0001004980-02-000068
1004980,2002-08-06,5,0001004980-02-000066
1004980,2002-08-02,"7,9",0001004980-02-000062
1004980,2002-07-29,5,0001004980-02-000055
1004980,2002-07-02,"5,7",0001004980-02-000053
1004980,2002-06-26,"5,7",0001021408-02-008800
1004980,2002-06-20,5,0001004980-02-000041
1004980,2002-06-04,5,0001004980-02-000037
1004980,2002-05-21,5,0001004980-02-000035
1004980,2002-04-19,5,0001004980-02-000030
1004980,2002-04-02,"5,7",0001004980-02-000025
1004980,2002-03-05,"5,7",0001004980-02-000016
1004980,2002-02-28,"5,7",0001004980-02-000014
1004980,2002-02-13,5,0001004980-02-000012
1004980,2002-01-31,5,0001004980-02-000010
1004980,2002-01-18,5,0001004980-02-000008
1004980,2002-01-15,5,0001004980-02-000006
1004980,2002-01-11,5,0001004980-02-000002
1004980,2001-12-31,"5,7",0001004980-01-500090
1004980,2001-12-06,7,0001004980-01-500085
1004980,2001-12-04,"5,7",0001004980-01-500084
1004980,2001-11-30,5,0001004980-01-500079
1004980,2001-11-01,5,0001004980-01-500064
1004980,2001-10-25,5,0001004980-01-500059
1004980,2001-10-02,"5,7",0001004980-01-500054
1004980,2001-09-20,"5,7",0001004980-01-500049
1004980,2001-09-07,"5,7",0001004980-01-500045
1004980,2001-07-30,5,0001004980-01-500037
1004980,2001-07-09,"5,7",0001004980-01-500035
1004980,2001-06-06,"5,9",0001004980-01-500032
1004980,2001-05-08,5,0001004980-01-500030
1004980,2001-05-07,9,0000929624-01-500200
1004980,2001-05-02,9,0001004980-01-500028
1004980,2001-04-06,5,0000075488-01-500005
1004980,2001-04-06,5,0000075488-01-500003
1004980,2001-03-30,5,0001004980-01-500024
1004980,2001-03-26,5,0001004980-01-500022
1004980,2001-03-16,5,0001004980-01-500019
1004980,2001-03-09,5,0001004980-01-000010
1004980,2001-03-02,5,0001004980-01-500016
1004980,2001-03-01,5,0001004980-01-500014
1004980,2001-02-14,5,0001004980-01-500012
1004980,2001-02-01,5,0001004980-01-500010
1004980,2001-01-17,5,0001004980-01-500008
1004980,2001-01-10,5,0001004980-01-000008
1004980,2001-01-10,5,0001004980-01-000005
1004980,2001-01-05,5,0001004980-01-000003
1004980,2001-01-04,5,0001004980-01-000001
1004980,2001-01-02,5,0001004980-00-000051
1004980,2000-12-22,5,0001004980-00-000049
1004980,2000-12-18,5,0001004980-00-000047
1004980,2000-12-08,5,0001004980-00-000045
1004980,2000-11-24,5,0001004980-00-000043
1004980,2000-10-25,5,0001004980-00-000037
1004980,2000-09-14,5,0001004980-00-000030
1004980,2000-08-09,5,0001004980-00-000028
1004980,2000-07-28,5,0001004980-00-000021
1004980,2000-06-14,5,0001004980-00-000019
1004980,2000-06-12,5,0001004980-00-000017
1004980,2000-04-17,5,0001004980-00-000009
1004980,2000-02-23,5,0001004980-00-000005
1004980,2000-01-31,5,0001004980-00-000004
1004980,2000-01-21,5,0001004980-00-000001
1004980,1999-12-01,5,0001004980-99-000087
1004980,1999-11-05,5,0001004980-99-000085
1004980,1999-10-21,"5,7",0001004980-99-000084
1004980,1999-10-20,5,0001004980-99-000081
1004980,1999-10-01,5,0001004980-99-000075
1004980,1999-09-17,5,0001004980-99-000074
1004980,1999-09-14,5,0001004980-99-000069
1004980,1999-08-18,5,0001004980-99-000063
1004980,1999-06-14,5,0001004980-99-000036
1004980,1999-06-11,"4,7",0001004980-99-000028
1004980,1999-04-15,5,0001004980-99-000016
1004980,1999-03-25,5,0001004980-99-000008
1004980,1999-02-23,"4,5,7",0001004980-99-000001
1004980,1999-01-21,5,0000075488-99-000004
1004980,1998-11-25,5,0001004980-98-000027
1004980,1998-11-04,5,0001004980-98-000024
1004980,1998-10-21,5,0001004980-98-000021
1004980,1998-08-25,5,0001004980-98-000017
1004980,1998-07-16,5,0001004980-98-000015
1004980,1998-07-10,5,0001004980-98-000013
1004980,1998-04-17,5,0001004980-98-000011
1004980,1998-02-05,5,0001004980-98-000004
1004980,1998-01-22,5,0001004980-98-000002
1004980,1997-12-22,5,0000075488-97-000023
1004980,1997-11-25,5,0001004980-97-000036
1004980,1997-10-16,5,0001004980-97-000032
1004980,1997-09-16,5,0001004980-97-000030
1004980,1997-09-10,5,0000075488-97-000016
1004980,1997-08-06,5,0001004980-97-000028
1004980,1997-07-22,5,0000075488-97-000007
1004980,1997-06-27,5,0001004980-97-000025
1004980,1997-06-24,5,0001004980-97-000023
1004980,1997-05-22,5,0001004980-97-000021
1004980,1997-05-09,5,0001004980-97-000018
1004980,1997-04-21,"5,7",0001004980-97-000013
1004980,1997-03-04,5,0001004980-97-000008
1004980,1997-02-20,7,0000929624-97-000161
1004980,1997-02-03,5,0001004980-97-000006
1004980,1997-01-16,5,0001004980-97-000004
1004980,1997-01-08,5,0001004980-97-000002
1004980,1997-01-02,5,0001004980-97-000001
1024401,2004-11-18,"1.01,1.02,2.01,3.03,5.02,5.03,8.01,9.01",0000950129-04-009127
1024401,2004-11-05,"8.01,9.01",0000950129-04-008539
1024401,2004-10-20,"1.01,2.03,9.01",0000950129-04-007877
1024401,2004-10-14,"8.01,9.01",0000950129-04-007785
1024401,2004-10-01,5.02,0000950134-04-014392
1024401,2004-09-16,"8.01,9.01",0000950129-04-007090
1024401,2004-09-14,8.01,0000909518-04-000772
1024401,2004-09-08,"1.01,9.01",0000950134-04-013335
1024401,2004-09-03,"8.01,9.01",0000950129-04-006818
1024401,2004-09-03,"1.01,9.01",0000909518-04-000761
1024401,2004-08-25,"8.01,9.01",0000950129-04-006466
1024401,2004-07-20,"5,7",0000950134-04-010238
1024401,2004-07-02,"5,7",0000950129-04-004621
1024401,2004-06-25,"5,7",0000909518-04-000581
1024401,2004-05-21,"5,7",0000909518-04-000475
1024401,2004-04-30,7,0000950129-04-002614
1024401,2004-03-30,"5,7",0000950129-04-001663
1024401,2004-03-16,"5,7",0000950134-04-003615
1024401,2004-03-10,5,0000950129-04-001140
1024401,2004-03-02,"5,7",0000950129-04-000923
1024401,2004-02-27,"5,7",0000950129-04-000873
1024401,2004-02-18,"5,7",0000950129-04-000676
1024401,2004-02-17,"5,7",0000950129-04-000640
1024401,2004-01-12,"5,7",0000950134-04-000283
1024401,2003-12-31,5,0000950134-03-017257
1024401,2003-12-31,"5,7",0000950134-03-017255
1024401,2003-12-18,"5,7",0000950134-03-016871
1024401,2003-11-19,"5,7",0000950129-03-005763
1024401,2003-11-17,"5,7",0000950134-03-015498
1024401,2003-11-05,"5,7",0000950129-03-005364
1024401,2003-09-29,"5,7",0000950129-03-004804
1024401,2003-09-19,"5,7",0000950134-03-012882
1024401,2003-09-12,"5,7",0000950129-03-004639
1024401,2003-07-21,"5,7",0000950129-03-003673
1024401,2003-07-11,"5,7",0000950129-03-003596
1024401,2003-06-27,"5,7",0000950129-03-003414
1024401,2003-06-17,"5,7",0000950129-03-003213
1024401,2003-05-16,"5,7",0000950129-03-002844
1024401,2003-05-09,"5,7",0000950129-03-002574
1024401,2003-04-17,"5,7",0000950129-03-002093
1024401,2003-03-31,"5,7",0000950129-03-001729
1024401,2003-03-19,"5,7",0000950129-03-001449
1024401,2003-03-10,"5,7",0000950129-03-001292
1024401,2003-02-10,"5,7",0000950129-03-000663
1024401,2003-01-09,"5,7",0000950129-03-000075
1024401,2002-12-11,"5,7",0000950129-02-006061
1024401,2002-11-19,"5,7",0000950129-02-005808
1024401,2002-11-15,"5,7",0000950129-02-005763
1024401,2002-10-31,"5,7",0000950129-02-005295
1024401,2002-10-30,"5,7",0000950129-02-005283
1024401,2002-08-28,"5,7",0000950129-02-004398
1024401,2002-08-19,"5,7",0000950129-02-004292
1024401,2002-08-15,"5,7",0000950129-02-004267
1024401,2002-08-14,"5,7",0000950129-02-004170
1024401,2002-08-05,"5,7",0000950129-02-003843
1024401,2002-07-29,"5,7",0000950129-02-003761
1024401,2002-06-26,"5,7",0000950129-02-003244
1024401,2002-06-18,5,0000950129-02-003107
1024401,2002-06-13,"5,7",0000909518-02-000462
1024401,2002-06-07,"5,7",0000950172-02-001231
1024401,2002-06-05,"5,7",0000909518-02-000447
1024401,2002-05-20,"5,7",0000950129-02-002640
1024401,2002-05-17,"5,7",0000909518-02-000415
1024401,2002-04-22,"5,7",0000909518-02-000303
1024401,2002-04-22,"5,7",0000909518-02-000302
1024401,2002-02-14,"2,7",0000909518-02-000120
1024401,2002-02-12,5,0000909518-02-000098
1024401,2002-02-07,"5,7",0000909518-02-000089
1024401,2001-12-17,"3,7",0001024401-01-500046
1024401,2001-11-14,"5,7",0000950129-01-504015
1024401,2001-11-13,7,0000950129-01-503913
1024401,2001-11-08,"5,7",0000950129-01-503835
1024401,2001-02-28,"5,7",0000909281-01-500005
1024401,2001-01-31,"5,7",0000950129-01-000416
1024401,2000-05-19,5,0000950129-00-002545
1024401,1999-03-18,1,0001024401-99-000004
1024401,1999-01-26,7,0000950129-99-000252
1024401,1998-11-06,1,0001024401-98-000020
1024401,1998-10-16,"2,7",0000950129-98-004313
1024401,1998-03-20,1,0001024401-98-000004
1024401,1997-09-18,2,0001024401-97-000006
1024401,1997-09-02,"5,7",0000950129-97-003577
1024401,1997-07-16,2,0001024401-97-000002
1657853,2026-08-06,"2.02,9.01",0001657853-26-000045
1657853,2026-07-23,8.01,0000950103-26-011085
1657853,2026-06-29,"1.01,2.03,3.02,8.01,9.01",0001104659-26-078857
1657853,2026-06-25,"7.01,8.01,9.01",0001104659-26-077511
1657853,2026-06-24,"7.01,8.01,9.01",0001104659-26-077058
1657853,2026-06-24,7.01,0001104659-26-077045
1657853,2026-06-02,"1.01,2.03,9.01",0001657853-26-000036
1657853,2026-05-29,5.07,0001657853-26-000030
1657853,2026-05-07,"2.02,9.01",0001657853-26-000021
1657853,2026-04-30,"1.01,2.03,9.01",0001104659-26-053020
1657853,2026-02-26,"2.02,9.01",0001657853-26-000010
1657853,2025-12-05,"1.01,2.03,8.01,9.01",0000950103-25-015808
1657853,2025-11-04,"2.02,9.01",0001657853-25-000133
1657853,2025-10-03,5.02,0001657853-25-000125
1657853,2025-09-29,"1.01,2.03,3.02,9.01",0000950103-25-012441
1657853,2025-09-25,"8.01,9.01",0000950103-25-012177
1657853,2025-09-24,"8.01,9.01",0000950103-25-012134
1657853,2025-09-23,"8.01,9.01",0001657853-25-000116
1657853,2025-08-22,5.02,0001628280-25-041035
1657853,2025-08-07,"2.02,9.01",0001657853-25-000095
1657853,2025-08-01,5.02,0001104659-25-073133
1657853,2025-07-17,"1.01,2.03,9.01",0001628280-25-035253
1657853,2025-06-30,"1.01,2.03,9.01",0001628280-25-033537
1657853,2025-05-22,5.07,0001104659-25-052050
1657853,2025-05-13,"2.02,9.01",0001657853-25-000059
1657853,2025-05-09,"1.01,2.03,9.01",0001104659-25-046770
1657853,2025-03-24,"1.01,9.01",0001657853-25-000031
1657853,2025-03-18,5.02,0001657853-25-000029
1657853,2025-03-12,"1.01,2.03,9.01",0001657853-25-000027
1657853,2025-02-13,"2.02,9.01",0001657853-25-000011
1657853,2025-02-11,"7.01,9.01",0001104659-25-011223
1657853,2025-02-10,7.01,0001104659-25-010776
1657853,2024-12-13,"1.01,2.03,5.03,9.01",0000950103-24-017766
1657853,2024-12-05,"7.01,9.01",0000950103-24-017337
1657853,2024-12-05,"7.01,9.01",0000950103-24-017305
1657853,2024-11-12,"2.02,9.01",0001657853-24-000138
1657853,2024-08-27,"5.02,9.01",0000950103-24-012640
1657853,2024-08-01,"2.02,9.01",0001657853-24-000109
1657853,2024-07-26,"1.01,2.03,8.01,9.01",0001657853-24-000099
1657853,2024-06-28,"1.01,2.03,3.02,9.01",0000950103-24-009159
1657853,2024-06-21,"1.01,7.01,9.01",0000950103-24-008615
1657853,2024-06-20,"7.01,9.01",0000950103-24-008521
1657853,2024-06-03,"5.02,7.01,9.01",0001104659-24-067507
1657853,2024-05-22,5.07,0001657853-24-000073
1657853,2024-05-22,5.07,0001657853-24-000071
1657853,2024-04-25,"2.02,9.01",0001657853-24-000060
1657853,2024-04-22,"1.01,2.03,9.01",0001104659-24-050023
1657853,2024-04-03,5.02,0001193125-24-086037
1657853,2024-03-22,5.02,0001657853-24-000038
1657853,2024-03-18,"5.02,9.01",0001104659-24-035260
1657853,2024-02-27,5.02,0001657853-24-000024
1657853,2024-02-06,"2.02,9.01",0001657853-24-000019
1657853,2024-01-19,5.02,0001657853-24-000012
1657853,2024-01-11,2.02,0001657853-24-000010
1657853,2023-12-18,5.02,0001657853-23-000168
1657853,2023-11-17,"1.01,2.03,9.01",0001657853-23-000166
1657853,2023-10-26,"2.02,9.01",0001657853-23-000154
1657853,2023-10-24,"5.02,7.01,9.01",0001657853-23-000147
1657853,2023-09-26,"1.01,9.01",0001657853-23-000118
1657853,2023-09-22,"1.01,9.01",0001657853-23-000115
1657853,2023-09-13,5.02,0001657853-23-000112
1657853,2023-08-24,"1.01,2.03,9.01",0001104659-23-094906
1657853,2023-07-28,"5.02,7.01,9.01",0001657853-23-000107
1657853,2023-07-27,"2.02,9.01",0001657853-23-000104
1657853,2023-06-28,"1.01,9.01",0001104659-23-075878
1657853,2023-05-18,5.07,0001657853-23-000087
1657853,2023-04-27,"2.02,9.01",0001657853-23-000076
1657853,2023-03-27,"5.02,7.01,9.01",0001104659-23-036879
1657853,2023-03-02,"1.01,9.01",0001657853-23-000044
1657853,2023-02-07,"2.02,9.01",0001657853-23-000040
1657853,2023-01-18,"5.02,7.01,9.01",0001657853-23-000010
1657853,2022-12-22,"1.01,9.01",0001657853-22-000108
1657853,2022-12-05,"7.01,8.01,9.01",0001657853-22-000106
1657853,2022-10-27,"2.02,9.01",0001657853-22-000091
1657853,2022-07-28,"2.02,9.01",0001657853-22-000077
1657853,2022-06-27,"1.01,8.01,9.01",0001657853-22-000065
1657853,2022-06-15,"8.01,9.01",0001657853-22-000063
1657853,2022-05-19,5.07,0001657853-22-000049
1657853,2022-05-13,"8.01,9.01",0001104659-22-060461
1657853,2022-04-27,"2.02,9.01",0001657853-22-000047
1657853,2022-04-21,5.02,0001104659-22-048101
1657853,2022-04-14,"5.02,7.01,9.01",0001104659-22-046079
1657853,2022-04-01,"1.01,8.01,9.01",0001104659-22-041804
1657853,2022-02-24,"2.02,9.01",0001657853-22-000014
1657853,2022-02-04,"5.02,7.01,9.01",0001104659-22-011716
1657853,2022-01-19,"1.01,9.01",0001104659-22-005524
1657853,2021-12-27,1.01,0001104659-21-153614
1657853,2021-12-22,"5.02,7.01,8.01,9.01",0001104659-21-152457
1657853,2021-12-15,8.01,0001104659-21-150021
1657853,2021-12-09,7.01,0001104659-21-147821
1657853,2021-11-29,"7.01,8.01,9.01",0001104659-21-144465
1657853,2021-11-23,"8.01,9.01",0001104659-21-143108
1657853,2021-11-23,"1.01,2.03,9.01",0001104659-21-143061
1657853,2021-11-17,"8.01,9.01",0001104659-21-140636
1657853,2021-11-04,"5.03,9.01",0001104659-21-134371
1657853,2021-11-03,8.01,0001657853-21-000099
1657853,2021-11-02,"5.02,9.01",0001104659-21-133142
1657853,2021-10-28,"2.02,9.01",0001657853-21-000094
1657853,2021-10-27,"8.01,9.01",0001104659-21-130511
1657853,2021-10-15,"8.01,9.01",0001657853-21-000085
1657853,2021-10-06,"5.02,7.01,9.01",0001104659-21-123678
1657853,2021-10-05,"5.02,9.01",0001104659-21-122831
1657853,2021-09-13,5.02,0001104659-21-115131
1657853,2021-08-17,"5.02,7.01,9.01",0001104659-21-106999
1657853,2021-08-09,"2.02,9.01",0001657853-21-000076
1657853,2021-08-02,"5.02,9.01",0001104659-21-098957
1657853,2021-07-07,"1.01,1.02,2.03,3.02,3.03,5.01,5.02,5.03,9.01",0001104659-21-089858
1657853,2021-06-16,"1.03,9.01",0001104659-21-081986
1657853,2021-05-19,"1.01,8.01,9.01",0001104659-21-069414
1657853,2021-05-14,"7.01,8.01,9.01",0001104659-21-066944
1657853,2021-05-14,"7.01,8.01,9.01",0001104659-21-066499
1657853,2021-05-07,"7.01,8.01,9.01",0001104659-21-063198
1657853,2021-05-07,"2.02,9.01",0001657853-21-000015
1657853,2021-04-23,"7.01,8.01,9.01",0001104659-21-054169
1657853,2021-04-19,"1.01,7.01,8.01,9.01",0001104659-21-052025
1657853,2021-04-07,"1.01,8.01,9.01",0001104659-21-047273
1657853,2021-03-31,"7.01,8.01,9.01",0001104659-21-044081
1657853,2021-03-30,2.01,0001104659-21-043892
1657853,2021-03-03,"7.01,8.01,9.01",0001104659-21-031451
1657853,2021-02-26,"2.02,9.01",0001657853-21-000008
1657853,2021-02-22,5.02,0001104659-21-026214
1657853,2021-01-08,"7.01,9.01",0001104659-21-002389
1657853,2020-11-30,"1.01,2.03,7.01,9.01",0001104659-20-130608
1657853,2020-11-30,"7.01,9.01",0001104659-20-130214
1657853,2020-11-09,"2.02,9.01",0001657853-20-000116
1657853,2020-11-05,"7.01,9.01",0001657853-20-000110
1657853,2020-11-03,"1.01,2.03",0001657853-20-000106
1657853,2020-10-30,"3.01,7.01,9.01",0001657853-20-000104
1657853,2020-10-19,"5.02,7.01,9.01",0001657853-20-000097
1657853,2020-10-16,"7.01,9.01",0001657853-20-000093
1657853,2020-10-02,8.01,0001657853-20-000090
1657853,2020-09-28,"5.02,7.01,9.01",0001657853-20-000088
1657853,2020-08-14,5.02,0001104659-20-095605
1657853,2020-08-10,"2.02,9.01",0001657853-20-000079
1657853,2020-07-24,"7.01,8.01,9.01",0001104659-20-086142
1657853,2020-06-18,8.01,0001104659-20-074614
1657853,2020-06-17,8.01,0001104659-20-074139
1657853,2020-06-15,"1.01,8.01,9.01",0001104659-20-073223
1657853,2020-06-15,"7.01,9.01",0001104659-20-073130
1657853,2020-06-12,"8.01,9.01",0001104659-20-073000
1657853,2020-06-10,"3.01,5.02",0001104659-20-071684
1657853,2020-06-02,"7.01,8.01,9.01",0001104659-20-068931
1657853,2020-05-26,"1.01,1.03,2.04,5.02,7.01,9.01",0001104659-20-065674
1657853,2020-05-18,"5.02,7.01,9.01",0001104659-20-062963
1657853,2020-05-12,"2.02,7.01,9.01",0001657853-20-000052
1657853,2020-05-07,5.07,0001657853-20-000046
1657853,2020-05-05,"1.01,2.03,7.01,9.01",0001104659-20-056547
1657853,2020-04-29,8.01,0001657853-20-000043
1657853,2020-04-20,2.05,0001657853-20-000040
1657853,2020-03-26,"7.01,9.01",0001657853-20-000030
1657853,2020-03-23,5.02,0001657853-20-000028
1657853,2020-02-25,"2.02,7.01,9.01",0001657853-20-000005
1657853,2019-11-27,"5.02,9.01",0001657853-19-000164
1657853,2019-11-26,"1.01,2.03,8.01,9.01",0001657853-19-000153
1657853,2019-11-15,"8.01,9.01",0001657853-19-000151
1657853,2019-11-14,"1.01,7.01,8.01,9.01",0001657853-19-000149
1657853,2019-11-05,"2.02,7.01,9.01",0001657853-19-000144
1657853,2019-08-07,"2.02,7.01,9.01",0001657853-19-000131
1657853,2019-08-02,"1.01,2.03,9.01",0001657853-19-000126
1657853,2019-07-19,8.01,0001657853-19-000119
1657853,2019-07-18,"7.01,8.01,9.01",0001657853-19-000117
1657853,2019-07-18,"8.01,9.01",0001657853-19-000116
1657853,2019-07-15,"8.01,9.01",0001657853-19-000109
1657853,2019-07-12,"8.01,9.01",0001657853-19-000107
1657853,2019-06-26,"8.01,9.01",0001657853-19-000086
1657853,2019-06-13,"7.01,9.01",0001657853-19-000082
1657853,2019-05-24,"5.07,9.01",0001657853-19-000055
1657853,2019-05-07,"2.02,7.01,9.01",0001657853-19-000044
1657853,2019-03-25,"5.02,9.01",0001657853-19-000028
1657853,2019-03-07,"4.01,5.02,9.01",0001657853-19-000024
1657853,2019-02-26,"2.02,7.01,9.01",0001657853-19-000008
1657853,2019-01-02,8.01,0001657853-19-000002
1657853,2018-12-06,5.02,0001657853-18-000115
1657853,2018-11-09,"2.02,7.01,9.01",0001657853-18-000106
1657853,2018-11-01,5.02,0001657853-18-000098
1657853,2018-10-01,"1.01,2.03",0001657853-18-000091
1657853,2018-08-31,"5.02,9.01",0001657853-18-000087
1657853,2018-08-21,"5.02,9.01",0001657853-18-000065
1657853,2018-08-20,"5.02,9.01",0001657853-18-000062
1657853,2018-08-07,"2.02,7.01,9.01",0001657853-18-000059
1657853,2018-05-23,5.07,0001657853-18-000046
1657853,2018-05-09,"5.02,9.01",0001657853-18-000041
1657853,2018-05-08,"2.02,7.01,9.01",0001657853-18-000037
1657853,2018-04-25,5.02,0001657853-18-000031
1657853,2018-03-12,"8.01,9.01",0001657853-18-000022
1657853,2018-02-28,"7.01,9.01",0001657853-18-000020
1657853,2018-02-28,"2.02,7.01,9.01",0001657853-18-000018
1657853,2018-01-29,"1.01,2.03,9.01",0001657853-18-000004
1657853,2018-01-17,"8.01,9.01",0001657853-18-000002
1657853,2017-11-09,"2.02,7.01,9.01",0001657853-17-000050
1657853,2017-11-02,"1.01,2.03,8.01,9.01",0001657853-17-000042
1657853,2017-08-08,"2.02,7.01,9.01",0001657853-17-000039
1657853,2017-07-28,"8.01,9.01",0001657853-17-000032
1657853,2017-06-29,8.01,0001657853-17-000030
1657853,2017-06-08,"1.01,2.03",0001657853-17-000027
1657853,2017-06-02,5.07,0001657853-17-000024
1657853,2017-05-31,"8.01,9.01",0001657853-17-000021
1657853,2017-05-30,"7.01,8.01,9.01",0001657853-17-000019
1657853,2017-05-09,"2.02,7.01,9.01",0001657853-17-000016
1657853,2017-03-07,"5.02,9.01",0001104659-17-014874
1657853,2017-02-28,"2.02,7.01,9.01",0001657853-17-000006
1657853,2017-02-10,"5.02,9.01",0000898822-17-000022
1657853,2017-02-06,"1.01,2.03,8.01,9.01",0001657853-17-000004
1657853,2016-12-13,"5.02,9.01",0000898822-16-000524
1657853,2016-11-08,"2.02,7.01,9.01",0001657853-16-000060
1657853,2016-09-27,"1.01,2.03,8.01,9.01",0001657853-16-000053
1657853,2016-09-09,"8.01,9.01",0001104659-16-143787
1657853,2016-08-09,"2.02,7.01,9.01",0001657853-16-000050
1657853,2016-07-07,"1.01,1.02,2.01,2.03,3.03,5.02,5.03,8.01,9.01",0001104659-16-131559
1657853,2016-06-17,5.03,0001657853-16-000034
