fyear,total_assets,current_assets,current_liabilities,cash,long_term_debt,equity,net_income,revenue,interest_expense,retained_earnings,inventory,receivables,total_liabilities,cik,ebit
2011,1703727000.0,913985000.0,416010000.0,57433000.0,313981000.0,835845000.0,69826000.0,1775782000.0,30670000.0,486130000.0,363399000.0,287435000.0,,1750.0,
2012,2195653000.0,1063272000.0,473226000.0,67720000.0,,864649000.0,12879000.0,563346000.0,37772000.0,541772000.0,461166000.0,302056000.0,,1750.0,
2013,2136900000.0,1033700000.0,389000000.0,75300000.0,622200000.0,918600000.0,600000.0,553800000.0,41600000.0,584900000.0,453700000.0,297400000.0,,1750.0,
2014,2199500000.0,1116900000.0,402100000.0,89200000.0,564300000.0,999500000.0,17100000.0,505400000.0,42000000.0,646000000.0,495300000.0,283100000.0,,1750.0,
2015,1515000000.0,954100000.0,412000000.0,54700000.0,85000000.0,845100000.0,15100000.0,415800000.0,26500000.0,644300000.0,456000000.0,229000000.0,,1750.0,
2016,1442100000.0,873100000.0,329000000.0,31200000.0,136100000.0,,12000000.0,458200000.0,6400000.0,681600000.0,445400000.0,242700000.0,,1750.0,
2017,1504100000.0,888500000.0,335100000.0,10300000.0,155300000.0,,21200000.0,492300000.0,5500000.0,727900000.0,483100000.0,251400000.0,,1750.0,
2018,1524700000.0,942700000.0,333300000.0,31100000.0,177200000.0,,12000000.0,473500000.0,8000000.0,733200000.0,460700000.0,202000000.0,,1750.0,
2019,1517200000.0,952500000.0,357500000.0,21300000.0,141700000.0,,22800000.0,,9500000.0,709800000.0,523700000.0,197800000.0,,1750.0,
2020,2079000000.0,1438700000.0,383100000.0,404700000.0,600000000.0,,-16500000.0,,9300000.0,706000000.0,623100000.0,,,1750.0,
2021,1539700000.0,937000000.0,336800000.0,51800000.0,133700000.0,,35800000.0,,5000000.0,741700000.0,540600000.0,,,1750.0,
2022,1573900000.0,1007200000.0,348200000.0,53500000.0,98900000.0,,78700000.0,,2400000.0,820400000.0,550500000.0,,,1750.0,
2023,1833100000.0,1097900000.0,351500000.0,68400000.0,269700000.0,,90200000.0,,12200000.0,910600000.0,574100000.0,,1800000.0,1750.0,
2024,2770000000.0,1389600000.0,466900000.0,85800000.0,985400000.0,,46300000.0,,43200000.0,956900000.0,733100000.0,,1800000.0,1750.0,
2025,2844600000.0,1510600000.0,554700000.0,96500000.0,968000000.0,1211600000.0,12500000.0,,,969400000.0,809200000.0,,,1750.0,
2026,3355900000.0,1742100000.0,613200000.0,84000000.0,893900000.0,1703800000.0,187700000.0,,,1157100000.0,979000000.0,,,1750.0,
2011,927394000.0,473677000.0,160616000.0,66425000.0,500250000.0,212905000.0,25456000.0,213680000.0,11984000.0,401363000.0,68634000.0,,712802000.0,2491.0,151535000.0
2012,970467000.0,480459000.0,214037000.0,32673000.0,494375000.0,196108000.0,26521000.0,245795000.0,17378000.0,504895000.0,75066000.0,,772992000.0,2491.0,179443000.0
2013,979265000.0,493077000.0,226935000.0,63220000.0,580000000.0,119548000.0,37337000.0,264402000.0,18120000.0,646339000.0,68407000.0,,860093000.0,2491.0,235510000.0
2014,2518811000.0,593434000.0,251567000.0,77439000.0,1886953000.0,205131000.0,12161000.0,342211000.0,56760000.0,744939000.0,82289000.0,,2312890000.0,2491.0,227234000.0
2011,307145000.0,155949000.0,28289000.0,83962000.0,100808000.0,158208000.0,43013000.0,,-2109000.0,-72374000.0,35456000.0,25307000.0,148937000.0,3116.0,33266000.0
2012,369565000.0,158707000.0,43291000.0,40781000.0,104637000.0,201081000.0,8811000.0,,6436000.0,-36996000.0,52495000.0,51017000.0,168484000.0,3116.0,19715000.0
2013,431805000.0,168856000.0,61245000.0,34178000.0,108750000.0,260180000.0,16678000.0,,,15366000.0,55982000.0,64998000.0,171625000.0,3116.0,25177000.0
2014,1906901000.0,494329000.0,134165000.0,70680000.0,1114481000.0,386751000.0,34232000.0,,,50711000.0,131310000.0,220716000.0,1520150000.0,3116.0,71907000.0
2015,2112710000.0,751156000.0,231512000.0,346266000.0,1021488000.0,621565000.0,32785000.0,,,180048000.0,185316000.0,150621000.0,1491145000.0,3116.0,64475000.0
2016,1973720000.0,685811000.0,175555000.0,200772000.0,809979000.0,819184000.0,32455000.0,,,319291000.0,174793000.0,283154000.0,1154536000.0,3116.0,60796000.0
2017,1909511000.0,730151000.0,171089000.0,368119000.0,815195000.0,831245000.0,-65217000.0,,,294741000.0,183568000.0,141383000.0,1078266000.0,3116.0,-116442000.0
2018,1495257000.0,583819000.0,170823000.0,224868000.0,820411000.0,443866000.0,-215038000.0,153386000.0,,-107168000.0,173645000.0,153126000.0,1051391000.0,3116.0,-195865000.0
2019,1288639000.0,480047000.0,985587000.0,144804000.0,0.0,234292000.0,-80660000.0,162257000.0,,-333938000.0,170047000.0,134173000.0,1054347000.0,3116.0,-43980000.0
2009,38472000000.0,7022000000.0,5414000000.0,1481000000.0,,12420000000.0,-1151000000.0,,470000000.0,11020000000.0,2328000000.0,1529000000.0,22912000000.0,4281.0,
2010,39293000000.0,6869000000.0,5236000000.0,1543000000.0,8842000000.0,13611000000.0,254000000.0,,494000000.0,11149000000.0,2562000000.0,1565000000.0,22207000000.0,4281.0,
2011,40120000000.0,7713000000.0,6013000000.0,1939000000.0,8640000000.0,13844000000.0,-191000000.0,,524000000.0,11629000000.0,2899000000.0,1571000000.0,22925000000.0,4281.0,
2012,40179000000.0,7700000000.0,5942000000.0,1861000000.0,8311000000.0,13199000000.0,242000000.0,,490000000.0,11689000000.0,2825000000.0,1399000000.0,23656000000.0,4281.0,
2013,35742000000.0,6969000000.0,6105000000.0,1437000000.0,7607000000.0,10593000000.0,-2339000000.0,,453000000.0,9272000000.0,2705000000.0,1221000000.0,22220000000.0,4281.0,
2014,37399000000.0,8269000000.0,5541000000.0,1877000000.0,8769000000.0,12306000000.0,159000000.0,,473000000.0,9379000000.0,3082000000.0,1395000000.0,22605000000.0,4281.0,
2015,36528000000.0,7953000000.0,5211000000.0,1919000000.0,9044000000.0,12046000000.0,-701000000.0,,498000000.0,8834000000.0,3442000000.0,1340000000.0,22397000000.0,4281.0,
2016,20038000000.0,5892000000.0,2749000000.0,1863000000.0,8044000000.0,5115000000.0,-1258000000.0,,499000000.0,-1027000000.0,2253000000.0,974000000.0,14897000000.0,4281.0,
2017,18718000000.0,6378000000.0,2824000000.0,2150000000.0,6806000000.0,4910000000.0,-727000000.0,,496000000.0,-1248000000.0,2480000000.0,1035000000.0,13794000000.0,4281.0,326000000.0
2018,18693000000.0,6581000000.0,3520000000.0,2277000000.0,5896000000.0,5573000000.0,218000000.0,3472000000.0,378000000.0,-358000000.0,2492000000.0,1047000000.0,13108000000.0,4281.0,1325000000.0
2019,17578000000.0,5842000000.0,4126000000.0,1648000000.0,4906000000.0,4607000000.0,309000000.0,3401000000.0,338000000.0,129000000.0,2429000000.0,967000000.0,12957000000.0,4281.0,1035000000.0
2020,11443000000.0,3672000000.0,1660000000.0,1610000000.0,4699000000.0,3577000000.0,261000000.0,1238000000.0,381000000.0,364000000.0,1488000000.0,328000000.0,7866000000.0,4281.0,626000000.0
2021,10219000000.0,2737000000.0,1253000000.0,720000000.0,4227000000.0,3508000000.0,258000000.0,4972000000.0,259000000.0,603000000.0,1402000000.0,367000000.0,6711000000.0,4281.0,748000000.0
2022,10255000000.0,3143000000.0,1482000000.0,791000000.0,4162000000.0,3601000000.0,469000000.0,5663000000.0,229000000.0,1028000000.0,1609000000.0,506000000.0,6654000000.0,4281.0,919000000.0
2023,10428000000.0,3316000000.0,1784000000.0,610000000.0,3500000000.0,4037000000.0,765000000.0,6640000000.0,218000000.0,1720000000.0,1765000000.0,675000000.0,6391000000.0,4281.0,1203000000.0
2024,10519000000.0,3362000000.0,1549000000.0,564000000.0,3309000000.0,4554000000.0,1155000000.0,7430000000.0,,2766000000.0,1840000000.0,689000000.0,5965000000.0,4281.0,1633000000.0
2025,11179000000.0,3779000000.0,1771000000.0,742000000.0,2859000000.0,5353000000.0,1508000000.0,8252000000.0,,4093000000.0,1849000000.0,779000000.0,5826000000.0,4281.0,2046000000.0
2009,847585000000.0,,,,,69824000000.0,-10949000000.0,96004000000.0,15369000000.0,-11491000000.0,,,748550000000.0,5272.0,
2010,683443000000.0,,,,,85319000000.0,7786000000.0,77301000000.0,7859000000.0,-3466000000.0,,,569770000000.0,5272.0,
2011,555773000000.0,,,,73400000000.0,104951000000.0,19798000000.0,17409000000.0,3871000000.0,14332000000.0,,,441444000000.0,5272.0,
2012,548633000000.0,,,,48500000000.0,98002000000.0,-3958000000.0,15854000000.0,2319000000.0,14176000000.0,,,449630000000.0,5272.0,
2013,541329000000.0,,,,41693000000.0,100470000000.0,1978000000.0,17346000000.0,2142000000.0,22965000000.0,,,440218000000.0,5272.0,
2014,515581000000.0,,,,31217000000.0,106898000000.0,655000000.0,64406000000.0,1718000000.0,29775000000.0,,,408309000000.0,5272.0,
2015,496943000000.0,,,,29350000000.0,89658000000.0,-1841000000.0,13831000000.0,1281000000.0,30943000000.0,,,406733000000.0,5272.0,
2016,498264000000.0,,,,30912000000.0,76300000000.0,-3041000000.0,13010000000.0,1260000000.0,28711000000.0,,,421406000000.0,5272.0,
2017,498301000000.0,,,,31640000000.0,65171000000.0,-6660000000.0,12635000000.0,1168000000.0,21457000000.0,,,432593000000.0,5272.0,
2018,491984000000.0,,,3358000000.0,34540000000.0,56361000000.0,-622000000.0,12560000000.0,1309000000.0,20884000000.0,,,434675000000.0,5272.0,
2019,525064000000.0,,,3287000000.0,35350000000.0,65675000000.0,929000000.0,11815000000.0,1417000000.0,23084000000.0,,,457637000000.0,5272.0,
2020,586481000000.0,,,3230000000.0,37534000000.0,66362000000.0,-5944000000.0,43736000000.0,1457000000.0,15504000000.0,,,519282000000.0,5272.0,
2021,596112000000.0,,,2427000000.0,30163000000.0,65956000000.0,9388000000.0,52057000000.0,1305000000.0,23785000000.0,,,527200000000.0,5272.0,
2022,526634000000.0,,,2216000000.0,27179000000.0,40002000000.0,10276000000.0,56437000000.0,1125000000.0,33032000000.0,,,484399000000.0,5272.0,
2023,539306000000.0,,,2204000000.0,,45351000000.0,3643000000.0,46802000000.0,1136000000.0,37516000000.0,,,488005000000.0,5272.0,
2024,161322000000.0,,,1372000000.0,8922000000.0,42521000000.0,898000000.0,7177000000.0,462000000.0,35079000000.0,,,118772000000.0,5272.0,
2025,161254000000.0,,,1345000000.0,9191000000.0,41139000000.0,3096000000.0,26775000000.0,396000000.0,37186000000.0,,,120092000000.0,5272.0,
2012,557996000.0,408795000.0,99939000.0,187011000.0,,446319000.0,43071000.0,151011000.0,,343186000.0,108944000.0,96117000.0,,6284.0,39963000.0
2013,587784000.0,360413000.0,90894000.0,113033000.0,,486396000.0,31121000.0,166177000.0,,362255000.0,116280000.0,113150000.0,,6284.0,45375000.0
2014,614342000.0,373774000.0,84513000.0,114540000.0,,512580000.0,34480000.0,142000000.0,,378477000.0,124777000.0,106436000.0,,6284.0,29088000.0
2015,627970000.0,404565000.0,79794000.0,123800000.0,,531410000.0,33481000.0,154500000.0,600000.0,394757000.0,132712000.0,119301000.0,,6284.0,40599000.0
2016,632897000.0,388804000.0,78467000.0,118697000.0,,531177000.0,12127000.0,138100000.0,3200000.0,390013000.0,145513000.0,112412000.0,,6284.0,25213000.0
2017,538083000.0,370705000.0,67110000.0,129298000.0,,460494000.0,-74237000.0,111600000.0,3200000.0,307104000.0,130575000.0,77587000.0,,6284.0,-66760000.0
2011,110612103.0,41822062.0,12109041.0,6673987.0,22739488.0,65949189.0,8430314.0,,1113292.0,20186704.0,9456365.0,23198132.0,44373691.0,7039.0,13663735.0
2012,120376000.0,41359000.0,12191000.0,9508000.0,14239000.0,81943000.0,1850000.0,,547000.0,35351000.0,9840000.0,15802000.0,38144000.0,7039.0,17456000.0
2013,143667000.0,46350000.0,14288000.0,7608000.0,11839000.0,102930000.0,3182000.0,,520000.0,54849000.0,12063000.0,22069000.0,40448000.0,7039.0,19970000.0
2014,232074000.0,54935000.0,24881000.0,8506000.0,73450000.0,121099000.0,2198000.0,,1042000.0,70420000.0,12815000.0,28271000.0,110686000.0,7039.0,25482000.0
2015,258811000.0,66353000.0,22947000.0,18623000.0,73917000.0,142096000.0,1122000.0,,2217000.0,89018000.0,15804000.0,19474000.0,116426000.0,7039.0,36041000.0
2016,292099000.0,57562000.0,26712000.0,8389000.0,73107000.0,164087000.0,-847000.0,,1985000.0,108446000.0,17871000.0,22193000.0,127723000.0,7039.0,18707000.0
2017,327326000.0,57265000.0,31544000.0,3028000.0,91021000.0,184722000.0,13972000.0,,2931000.0,126455000.0,18450000.0,25779000.0,142315000.0,7039.0,18102000.0
2018,329968000.0,55232000.0,29491000.0,6735000.0,98288000.0,184872000.0,-5290000.0,74669000.0,4100000.0,124123000.0,16539000.0,27112000.0,144807000.0,7039.0,2335000.0
2019,301819000.0,84090000.0,28635000.0,6145000.0,79095000.0,171154000.0,-19710000.0,61718000.0,5139000.0,109149000.0,13624000.0,26320000.0,130376000.0,7039.0,-10863000.0
2020,316833000.0,105896000.0,29584000.0,55664000.0,41901000.0,204118000.0,-116000.0,58138000.0,2491000.0,140324000.0,12945000.0,25301000.0,112426000.0,7039.0,2938000.0
2021,293540000.0,88793000.0,25995000.0,30535000.0,37707000.0,199973000.0,4963000.0,272690000.0,1205000.0,145700000.0,21134000.0,32811000.0,93567000.0,7039.0,-3084000.0
2010,5099400000.0,1951900000.0,1831800000.0,127500000.0,,1645700000.0,316900000.0,,76600000.0,1727900000.0,519900000.0,996100000.0,,8818.0,
2011,4972700000.0,2218800000.0,1647100000.0,178000000.0,954200000.0,1658500000.0,22200000.0,,71000000.0,1810500000.0,475100000.0,877100000.0,,8818.0,
2012,5105300000.0,2411700000.0,2074500000.0,235400000.0,,1580900000.0,,,72800000.0,1910800000.0,473300000.0,972800000.0,,8818.0,
2013,4610600000.0,2091800000.0,1554100000.0,351600000.0,,1492200000.0,,,59000000.0,2009100000.0,494100000.0,1016500000.0,,8818.0,
2014,4360200000.0,1921300000.0,1597800000.0,227000000.0,,1066500000.0,,,63300000.0,2137100000.0,491800000.0,958100000.0,,8818.0,
2015,4133700000.0,1775400000.0,1459100000.0,158800000.0,,965700000.0,,,60500000.0,2277600000.0,478700000.0,964700000.0,,8818.0,
2016,4396400000.0,1904800000.0,2004300000.0,195100000.0,,925500000.0,,,59900000.0,2473300000.0,519100000.0,1001000000.0,,8818.0,
2017,5136900000.0,2237900000.0,1971800000.0,224400000.0,,1046200000.0,,,63000000.0,2596700000.0,609600000.0,1180300000.0,,8818.0,
2018,5177500000.0,2298000000.0,1994000000.0,232000000.0,,955100000.0,467400000.0,1768700000.0,58500000.0,2864900000.0,651400000.0,1189700000.0,,8818.0,
2019,5488800000.0,2340600000.0,2253800000.0,253700000.0,,1204000000.0,303600000.0,1772900000.0,75800000.0,2979100000.0,663000000.0,1212200000.0,,8818.0,
2020,6083900000.0,2416200000.0,1926000000.0,252300000.0,,1484900000.0,555900000.0,1990900000.0,70000000.0,3349300000.0,717200000.0,1235200000.0,,8818.0,
2021,7971600000.0,2734600000.0,2547900000.0,162700000.0,,1924400000.0,740100000.0,8408300000.0,70200000.0,3880700000.0,907200000.0,1424500000.0,,8818.0,
2022,7950500000.0,2782000000.0,2799800000.0,167200000.0,,2032200000.0,757100000.0,9039300000.0,84100000.0,4414600000.0,1009900000.0,1374400000.0,,8818.0,
2023,8209800000.0,2796000000.0,2699500000.0,215000000.0,,2127900000.0,503000000.0,8364300000.0,119000000.0,4691800000.0,920700000.0,1414900000.0,,8818.0,
2024,8404200000.0,3078700000.0,2862600000.0,329100000.0,,2312300000.0,704900000.0,8755700000.0,,5151200000.0,978100000.0,1466200000.0,,8818.0,
2025,8801700000.0,2990300000.0,2653600000.0,202800000.0,,2242100000.0,688000000.0,8855500000.0,,5597500000.0,975800000.0,1503900000.0,,8818.0,
2009,6832700000.0,4189300000.0,2274800000.0,1311600000.0,2307800000.0,1272600000.0,625800000.0,10382800000.0,104800000.0,4383900000.0,1067500000.0,779700000.0,5520100000.0,8868.0,1018200000.0
2010,7873700000.0,4184300000.0,2956300000.0,1179900000.0,2408600000.0,1656500000.0,229500000.0,3175600000.0,87100000.0,4610800000.0,1152900000.0,826300000.0,6201100000.0,8868.0,355900000.0
2011,7735000000.0,4098800000.0,2891000000.0,1245100000.0,2459100000.0,1570400000.0,-400000.0,3043700000.0,92900000.0,4726100000.0,1161300000.0,761500000.0,6149800000.0,8868.0,12900000.0
2012,7382500000.0,3928900000.0,2704600000.0,1209600000.0,2623900000.0,1217100000.0,-162200000.0,2999100000.0,104300000.0,4357800000.0,1135400000.0,751900000.0,6149200000.0,8868.0,10700000.0
2013,6492300000.0,3479100000.0,2240500000.0,1107900000.0,2532700000.0,1110100000.0,-69100000.0,2667200000.0,120600000.0,4196700000.0,1005600000.0,676300000.0,5364800000.0,8868.0,-17200000.0
2014,5496800000.0,2964500000.0,2047200000.0,960500000.0,2463900000.0,289800000.0,-330700000.0,2341000000.0,111100000.0,3702900000.0,822200000.0,563500000.0,5191500000.0,8868.0,169900000.0
2015,3879500000.0,2341100000.0,2195100000.0,686900000.0,2159600000.0,-1070300000.0,-333400000.0,1607300000.0,120500000.0,2448100000.0,624000000.0,443000000.0,4935900000.0,8868.0,62900000.0
2016,3418900000.0,1992300000.0,1485700000.0,654400000.0,1875800000.0,-848000000.0,-10700000.0,1568100000.0,136600000.0,2322200000.0,586400000.0,458900000.0,3810400000.0,8868.0,107000000.0
2017,3697900000.0,2233300000.0,1559600000.0,881500000.0,1872200000.0,-725000000.0,91500000.0,1568800000.0,140800000.0,2320300000.0,598200000.0,457200000.0,3944800000.0,8868.0,130000000.0
2018,3010000000.0,1762000000.0,1496500000.0,532700000.0,1581600000.0,-904500000.0,-77600000.0,,134600000.0,2234300000.0,542000000.0,349700000.0,3414700000.0,8868.0,-49600000.0
2019,3086300000.0,1660700000.0,1401100000.0,650600000.0,1590400000.0,-990600000.0,-55000000.0,,127600000.0,2138900000.0,452300000.0,280200000.0,3491600000.0,8868.0,1300000.0
2020,2564300000.0,1315100000.0,2294800000.0,364900000.0,675400000.0,-871500000.0,-362800000.0,3625200000.0,127100000.0,-360500000.0,459100000.0,259100000.0,3431500000.0,8868.0,-122200000.0
2021,2307800000.0,1083400000.0,1421500000.0,251500000.0,676000000.0,-858500000.0,-192100000.0,3404500000.0,,-404200000.0,384100000.0,198700000.0,3162500000.0,8868.0,-58400000.0
2022,2161700000.0,1158300000.0,1540100000.0,367600000.0,214800000.0,-1244700000.0,-428100000.0,2769200000.0,,-832300000.0,332200000.0,183400000.0,3402900000.0,8868.0,-178600000.0
2011,379874000.0,246277000.0,132541000.0,36050000.0,,219912000.0,17304000.0,,97000.0,148605000.0,,104091000.0,159245000.0,9263.0,24158000.0
2012,373409000.0,252523000.0,125544000.0,77367000.0,,224600000.0,-2292000.0,,6000.0,150087000.0,,85733000.0,148257000.0,9263.0,3943000.0
2010,6927700000.0,2305700000.0,1383300000.0,152000000.0,2701600000.0,1658100000.0,468000000.0,7630000000.0,158200000.0,2829800000.0,1083900000.0,,5269600000.0,9389.0,764600000.0
2011,7284600000.0,2321900000.0,1856100000.0,165800000.0,2696700000.0,1219100000.0,444000000.0,2051700000.0,177100000.0,3228300000.0,1072500000.0,840600000.0,5906600000.0,9389.0,836900000.0
2012,7507100000.0,2339400000.0,1685800000.0,174100000.0,3085300000.0,1114600000.0,,2114200000.0,194900000.0,3580800000.0,1044400000.0,864600000.0,6217100000.0,9389.0,790500000.0
2013,7819800000.0,2465700000.0,1927400000.0,416000000.0,3182500000.0,1199900000.0,,1996800000.0,211800000.0,3913800000.0,1028300000.0,798900000.0,6428500000.0,9389.0,795400000.0
2014,7571000000.0,2313500000.0,2006800000.0,191400000.0,2993800000.0,1033100000.0,,2032400000.0,193000000.0,4346900000.0,1016700000.0,793000000.0,6331400000.0,9389.0,838600000.0
2015,9777000000.0,2184000000.0,2141600000.0,224000000.0,5054200000.0,1251300000.0,,1804600000.0,259700000.0,4557500000.0,898400000.0,753900000.0,8515700000.0,9389.0,605200000.0
2016,16173000000.0,3653000000.0,2969000000.0,597000000.0,7310000000.0,3435000000.0,,2523000000.0,,4739000000.0,1413000000.0,1158000000.0,12632000000.0,9389.0,463000000.0
2017,17169000000.0,3758000000.0,4107000000.0,448000000.0,6518000000.0,3941000000.0,,2747000000.0,,4987000000.0,1526000000.0,1343000000.0,13123000000.0,9389.0,802000000.0
2018,16554000000.0,3940000000.0,4095000000.0,721000000.0,6510000000.0,3458000000.0,,,,5341000000.0,1271000000.0,1280000000.0,12992000000.0,9389.0,935000000.0
2019,17360000000.0,4884000000.0,5577000000.0,1798000000.0,6337000000.0,2949000000.0,,,,5803000000.0,1274000000.0,1186000000.0,14341000000.0,9389.0,932000000.0
2020,18252000000.0,4675000000.0,4444000000.0,1366000000.0,,3275000000.0,,,,6192000000.0,1353000000.0,1344000000.0,14915000000.0,9389.0,1003000000.0
2021,19714000000.0,5223000000.0,5953000000.0,563000000.0,,3627000000.0,,,,6843000000.0,1795000000.0,2022000000.0,16029000000.0,9389.0,1291000000.0
2022,19909000000.0,5489000000.0,7008000000.0,548000000.0,,3461000000.0,,,,7309000000.0,2179000000.0,2107000000.0,16382000000.0,9389.0,1214000000.0
2023,19303000000.0,4883000000.0,6185000000.0,695000000.0,,3769000000.0,,,,7763000000.0,1559000000.0,1946000000.0,15466000000.0,9389.0,1273000000.0
2024,17628000000.0,4841000000.0,4847000000.0,885000000.0,,5862000000.0,,,,11527000000.0,1477000000.0,1736000000.0,11698000000.0,9389.0,
2025,19524000000.0,6113000000.0,5487000000.0,1212000000.0,,5421000000.0,,,,12219000000.0,2013000000.0,2057000000.0,14103000000.0,9389.0,
2009,17354000000.0,8271000000.0,4464000000.0,2786000000.0,,7191000000.0,2205000000.0,,,7343000000.0,2557000000.0,,,10456.0,
2010,17489000000.0,7989000000.0,4041000000.0,2685000000.0,,6567000000.0,423000000.0,,115000000.0,7925000000.0,2371000000.0,,,10456.0,
2011,19073000000.0,8650000000.0,4857000000.0,2905000000.0,,6585000000.0,463000000.0,,92000000.0,9429000000.0,2628000000.0,,,10456.0,
2012,20390000000.0,9260000000.0,4759000000.0,3270000000.0,,6938000000.0,494000000.0,,113000000.0,10888000000.0,2803000000.0,,,10456.0,
2013,25869000000.0,10004000000.0,5906000000.0,2733000000.0,,8463000000.0,326000000.0,,155000000.0,11852000000.0,3499000000.0,,,10456.0,
2014,25917000000.0,10351000000.0,6042000000.0,2925000000.0,,8120000000.0,953000000.0,,167000000.0,13227000000.0,3559000000.0,,,10456.0,
2015,20975000000.0,11796000000.0,5750000000.0,2213000000.0,,8846000000.0,205000000.0,,146000000.0,9683000000.0,1604000000.0,,,10456.0,449000000.0
2016,15546000000.0,6574000000.0,2744000000.0,2801000000.0,,8290000000.0,243000000.0,,89000000.0,14200000000.0,1430000000.0,,,10456.0,724000000.0
2017,17111000000.0,7263000000.0,2821000000.0,3394000000.0,,9124000000.0,-71000000.0,,85000000.0,14483000000.0,1475000000.0,,,10456.0,1258000000.0
2018,15641000000.0,5919000000.0,2836000000.0,1832000000.0,,7794000000.0,348000000.0,2841000000.0,93000000.0,15626000000.0,1653000000.0,,7825000000.0,10456.0,1599000000.0
2019,18193000000.0,7503000000.0,3230000000.0,3335000000.0,,7882000000.0,-23000000.0,3039000000.0,111000000.0,15718000000.0,1653000000.0,1896000000.0,10281000000.0,10456.0,1772000000.0
2020,20019000000.0,8411000000.0,3333000000.0,3730000000.0,6233000000.0,8689000000.0,168000000.0,3181000000.0,153000000.0,16328000000.0,1916000000.0,2077000000.0,11293000000.0,10456.0,1616000000.0
2021,33521000000.0,8872000000.0,4236000000.0,2951000000.0,17754000000.0,9077000000.0,1284000000.0,12784000000.0,206000000.0,17065000000.0,2453000000.0,2629000000.0,24400000000.0,10456.0,1710000000.0
2022,28287000000.0,8011000000.0,4745000000.0,1718000000.0,16702000000.0,5833000000.0,-2433000000.0,15113000000.0,415000000.0,14050000000.0,2718000000.0,2659000000.0,22392000000.0,10456.0,-1943000000.0
2023,28276000000.0,9600000000.0,6503000000.0,3194000000.0,13855000000.0,8402000000.0,245000000.0,3885000000.0,512000000.0,16114000000.0,2824000000.0,2690000000.0,19808000000.0,10456.0,390000000.0
2024,25782000000.0,8853000000.0,6511000000.0,1764000000.0,13180000000.0,6964000000.0,-512000000.0,2753000000.0,408000000.0,14929000000.0,2046000000.0,1679000000.0,18758000000.0,10456.0,14000000.0
2025,20055000000.0,6872000000.0,2970000000.0,1966000000.0,9438000000.0,6129000000.0,-957000000.0,11244000000.0,290000000.0,13705000000.0,2232000000.0,1861000000.0,13953000000.0,10456.0,-308000000.0
2010,3062764000.0,1975346000.0,666627000.0,906551000.0,,1536696000.0,185490000.0,,63717000.0,1181687000.0,398100000.0,,1522245000.0,12208.0,284009000.0
2011,3096803000.0,1798155000.0,459115000.0,574231000.0,731698000.0,1743937000.0,59200000.0,,53135000.0,1359910000.0,433510000.0,,1352421000.0,12208.0,295156000.0
2012,3436753000.0,1929932000.0,469920000.0,463388000.0,732414000.0,2010735000.0,42000000.0,,51112000.0,1523688000.0,448370000.0,398739000.0,1425483000.0,12208.0,257200000.0
2013,3388790000.0,1747856000.0,487472000.0,331551000.0,435615000.0,2186722000.0,77790000.0,,61271000.0,1606117000.0,501291000.0,422660000.0,1202068000.0,12208.0,169456000.0
2014,3341278000.0,1716367000.0,446761000.0,413251000.0,,2185155000.0,39000000.0,,22131000.0,1694962000.0,470997000.0,377640000.0,1156123000.0,12208.0,149984000.0
2015,3711542000.0,1777596000.0,441351000.0,457549000.0,,2490503000.0,49500000.0,,21692000.0,1808055000.0,490224000.0,391485000.0,1221039000.0,12208.0,166708000.0
2016,3850504000.0,1844524000.0,471322000.0,456264000.0,,2586759000.0,-20600000.0,,21942000.0,1836180000.0,524961000.0,372348000.0,1263745000.0,12208.0,53194000.0
2017,4273012000.0,1976649000.0,502696000.0,383824000.0,,2930250000.0,82700000.0,,21914000.0,1830439000.0,594804000.0,464847000.0,1342762000.0,12208.0,45900000.0
2018,5611068000.0,2023478000.0,450795000.0,431526000.0,,4020331000.0,-828500000.0,2289400000.0,23962000.0,3722073000.0,583815000.0,392443000.0,1590737000.0,12208.0,-103341000.0
2019,8008859000.0,2180155000.0,905495000.0,660672000.0,,5755057000.0,553500000.0,2311700000.0,23416000.0,5470779000.0,554007000.0,392672000.0,2253802000.0,12208.0,229661000.0
2020,12972618000.0,2139835000.0,631536000.0,662205000.0,,9879940000.0,839200000.0,2545600000.0,21861000.0,9268012000.0,622253000.0,419424000.0,3092678000.0,12208.0,410957000.0
2021,17775795000.0,1989088000.0,680938000.0,470783000.0,,13667134000.0,-1573700000.0,2922500000.0,1551000.0,13507241000.0,572239000.0,423537000.0,4108661000.0,12208.0,489430000.0
2022,13501666000.0,3157976000.0,568708000.0,434215000.0,,9615252000.0,827700000.0,2802200000.0,38114000.0,9898203000.0,719316000.0,494645000.0,3886414000.0,12208.0,482616000.0
2023,12299070000.0,3048330000.0,522799000.0,403815000.0,1199100000.0,8741133000.0,349700000.0,2671300000.0,49439000.0,9260629000.0,780517000.0,489017000.0,3557937000.0,12208.0,337796000.0
2024,9364100000.0,3030300000.0,467800000.0,488100000.0,1200400000.0,6569300000.0,-715800000.0,2566500000.0,48900000.0,7416400000.0,760000000.0,452500000.0,2794800000.0,12208.0,269000000.0
2025,10576500000.0,2906200000.0,517000000.0,529800000.0,1201700000.0,7453600000.0,759900000.0,2583200000.0,49000000.0,8176300000.0,740700000.0,460600000.0,3122900000.0,12208.0,47200000.0
2009,31008000000.0,13958000000.0,6313000000.0,7683000000.0,6130000000.0,14843000000.0,10612000000.0,,,30760000000.0,1413000000.0,,16223000000.0,14272.0,
2010,31076000000.0,13273000000.0,6739000000.0,5033000000.0,5328000000.0,15713000000.0,483000000.0,,145000000.0,31636000000.0,1204000000.0,1985000000.0,15438000000.0,14272.0,
2011,32970000000.0,15318000000.0,7780000000.0,5776000000.0,5376000000.0,15956000000.0,3709000000.0,,145000000.0,33069000000.0,1384000000.0,2250000000.0,17103000000.0,14272.0,
2012,35897000000.0,9521000000.0,8279000000.0,1656000000.0,6568000000.0,13623000000.0,925000000.0,,182000000.0,32733000000.0,1657000000.0,1708000000.0,22259000000.0,14272.0,
2013,38592000000.0,18916000000.0,12440000000.0,3586000000.0,7981000000.0,15154000000.0,726000000.0,,199000000.0,32952000000.0,1498000000.0,1690000000.0,23356000000.0,14272.0,
2014,33749000000.0,14608000000.0,8461000000.0,5571000000.0,7242000000.0,14852000000.0,13000000.0,,203000000.0,32541000000.0,1560000000.0,2100000000.0,18766000000.0,14272.0,
2015,31748000000.0,10415000000.0,8017000000.0,2385000000.0,6550000000.0,14266000000.0,-197000000.0,,184000000.0,31613000000.0,1221000000.0,2948000000.0,17324000000.0,14272.0,
2016,33707000000.0,13704000000.0,8841000000.0,4237000000.0,5716000000.0,16177000000.0,894000000.0,,167000000.0,33513000000.0,1241000000.0,3774000000.0,17360000000.0,14272.0,
2017,33551000000.0,14854000000.0,9563000000.0,5421000000.0,6975000000.0,11741000000.0,-2328000000.0,,196000000.0,31160000000.0,1166000000.0,4347000000.0,21704000000.0,14272.0,
2018,34986000000.0,17160000000.0,10654000000.0,6911000000.0,5646000000.0,14031000000.0,1160000000.0,5973000000.0,183000000.0,34065000000.0,1195000000.0,4636000000.0,20859000000.0,14272.0,
2019,129944000000.0,29354000000.0,18304000000.0,12346000000.0,43387000000.0,51598000000.0,-1056000000.0,7945000000.0,656000000.0,34474000000.0,4293000000.0,6476000000.0,78246000000.0,14272.0,
2020,118481000000.0,30192000000.0,19080000000.0,14546000000.0,48336000000.0,37822000000.0,-10027000000.0,11068000000.0,1420000000.0,21281000000.0,2074000000.0,7219000000.0,80599000000.0,14272.0,
2021,109314000000.0,33262000000.0,21868000000.0,13979000000.0,39605000000.0,35946000000.0,6994000000.0,46385000000.0,1334000000.0,23820000000.0,2095000000.0,7979000000.0,73308000000.0,14272.0,
2022,96820000000.0,27273000000.0,21890000000.0,9123000000.0,35056000000.0,31061000000.0,6327000000.0,46159000000.0,1232000000.0,25503000000.0,2339000000.0,8151000000.0,65702000000.0,14272.0,
2023,95159000000.0,31770000000.0,22262000000.0,11464000000.0,36653000000.0,29430000000.0,8025000000.0,45006000000.0,1166000000.0,28766000000.0,2662000000.0,8882000000.0,65674000000.0,14272.0,
2024,92603000000.0,29780000000.0,23774000000.0,10346000000.0,47603000000.0,16335000000.0,-8948000000.0,48300000000.0,,14912000000.0,2557000000.0,9012000000.0,76215000000.0,14272.0,
2025,90038000000.0,29390000000.0,23417000000.0,10209000000.0,42850000000.0,18473000000.0,7054000000.0,48194000000.0,,16896000000.0,2690000000.0,9592000000.0,71533000000.0,14272.0,
2011,1237265000.0,595312000.0,304462000.0,53790000.0,31931000.0,715361000.0,41470000.0,2292611000.0,5157000.0,586990000.0,435113000.0,43713000.0,519655000.0,18498.0,143870000.0
2012,1333789000.0,682271000.0,276054000.0,59795000.0,45007000.0,808591000.0,38527000.0,2606898000.0,5126000.0,655920000.0,505344000.0,48214000.0,523271000.0,18498.0,167970000.0
2013,1326072000.0,682271000.0,275198000.0,59795000.0,45007000.0,821860000.0,38763000.0,2606898000.0,5126000.0,669189000.0,505344000.0,48214000.0,502285000.0,18498.0,169863000.0
2014,1583087000.0,847658000.0,405916000.0,112867000.0,16003000.0,996807000.0,50396000.0,,3337000.0,820563000.0,598145000.0,55263000.0,584310000.0,18498.0,167266000.0
2016,1541483000.0,800086000.0,323617000.0,133288000.0,97876000.0,955156000.0,44664000.0,,4414000.0,768222000.0,529758000.0,47265000.0,584700000.0,18498.0,151251000.0
2017,1315353000.0,693088000.0,255068000.0,39937000.0,86619000.0,829174000.0,56045000.0,,5420000.0,603902000.0,542625000.0,43292000.0,484649000.0,18498.0,-96249000.0
2018,1181081000.0,731046000.0,276229000.0,167355000.0,56751000.0,737551000.0,-63971000.0,,4115000.0,508555000.0,366667000.0,132390000.0,443530000.0,18498.0,81817000.0
2020,1680478000.0,508183000.0,361935000.0,81418000.0,14393000.0,,35562000.0,,3339000.0,378572000.0,365269000.0,29195000.0,1061135000.0,18498.0,83318000.0
2021,1587368000.0,667595000.0,402933000.0,215091000.0,32986000.0,566759000.0,-56429000.0,,5342000.0,320920000.0,290966000.0,31410000.0,1020609000.0,18498.0,-107249000.0
2022,1562099000.0,709798000.0,431728000.0,320525000.0,15679000.0,602468000.0,114850000.0,,2448000.0,350206000.0,278200000.0,39509000.0,959631000.0,18498.0,155567000.0
2023,1456426000.0,572669000.0,360783000.0,,44858000.0,606966000.0,71915000.0,,2920000.0,346870000.0,458017000.0,40818000.0,849460000.0,18498.0,93241000.0
2024,1329890000.0,507351000.0,319537000.0,,34682000.0,571202000.0,-16827000.0,,7777000.0,296766000.0,378967000.0,53618000.0,758688000.0,18498.0,-13460000.0
2025,1335536000.0,608756000.0,379782000.0,34007000.0,0.0,546970000.0,-18890000.0,,,265887000.0,425224000.0,48865000.0,788566000.0,18498.0,13925000.0
2026,1392978000.0,618516000.0,376342000.0,105405000.0,3379000.0,567044000.0,13269000.0,,,265790000.0,433878000.0,39825000.0,825934000.0,18498.0,17314000.0
2009,2031989000000.0,,,,266318000000.0,165365000000.0,11728000000.0,100434000000.0,15198000000.0,62481000000.0,,,1866624000000.0,19617.0,
2010,2117605000000.0,,,,247669000000.0,176106000000.0,17370000000.0,102694000000.0,12781000000.0,73998000000.0,,,1941499000000.0,19617.0,
2011,2265792000000.0,,,,256775000000.0,183573000000.0,18976000000.0,97234000000.0,13604000000.0,88315000000.0,,,2082219000000.0,19617.0,
2012,2359141000000.0,,,,249024000000.0,204069000000.0,21284000000.0,97031000000.0,11153000000.0,104223000000.0,,,2155072000000.0,19617.0,
2013,2415689000000.0,,,,267889000000.0,211178000000.0,17923000000.0,96606000000.0,9677000000.0,115756000000.0,,,2204511000000.0,19617.0,
2014,2573126000000.0,,,,,232065000000.0,21762000000.0,94205000000.0,7897000000.0,130315000000.0,,,2341061000000.0,19617.0,
2015,2351698000000.0,,,,,247573000000.0,24442000000.0,93543000000.0,7463000000.0,146420000000.0,,,2104125000000.0,19617.0,
2016,2490972000000.0,,,,,254190000000.0,24733000000.0,95668000000.0,9818000000.0,162440000000.0,,,2236782000000.0,19617.0,
2017,2533600000000.0,,,,,255693000000.0,24441000000.0,99624000000.0,14275000000.0,177676000000.0,,,2277907000000.0,19617.0,
2018,2622532000000.0,,,278793000000.0,,256515000000.0,32474000000.0,109029000000.0,22383000000.0,199202000000.0,,,2366017000000.0,19617.0,
2019,2687379000000.0,,,,,261330000000.0,36431000000.0,115627000000.0,26795000000.0,223211000000.0,,,2426049000000.0,19617.0,
2020,3386071000000.0,,,,,279354000000.0,29131000000.0,119543000000.0,9960000000.0,236990000000.0,,,3106717000000.0,19617.0,
2021,3743567000000.0,,,,,294127000000.0,48334000000.0,121649000000.0,5553000000.0,272268000000.0,,,3449440000000.0,19617.0,
2022,3665743000000.0,,,,,292332000000.0,37676000000.0,128695000000.0,26097000000.0,296456000000.0,,,3373411000000.0,19617.0,
2023,3875393000000.0,,,,,327878000000.0,49552000000.0,158104000000.0,81321000000.0,332901000000.0,,,3547515000000.0,19617.0,
2024,4002814000000.0,,,,,344758000000.0,58471000000.0,177556000000.0,,376166000000.0,,,3658056000000.0,19617.0,
2025,4424900000000.0,,,,,362438000000.0,57048000000.0,182447000000.0,,416055000000.0,,,4062462000000.0,19617.0,
2009,48671000000.0,17551000000.0,13721000000.0,7021000000.0,5059000000.0,24799000000.0,6824000000.0,,355000000.0,41537000000.0,2354000000.0,3758000000.0,,21344.0,8231000000.0
2010,72921000000.0,21579000000.0,18508000000.0,8517000000.0,14041000000.0,31003000000.0,11809000000.0,,733000000.0,49278000000.0,2650000000.0,4430000000.0,,21344.0,8449000000.0
2011,79974000000.0,25497000000.0,24283000000.0,12803000000.0,13656000000.0,31635000000.0,8572000000.0,,417000000.0,53550000000.0,3092000000.0,4920000000.0,,21344.0,10154000000.0
2012,86174000000.0,30328000000.0,27821000000.0,8442000000.0,14736000000.0,32790000000.0,9019000000.0,,397000000.0,58045000000.0,3264000000.0,4759000000.0,,21344.0,10779000000.0
2013,90055000000.0,31304000000.0,27811000000.0,10414000000.0,19154000000.0,33173000000.0,8584000000.0,,463000000.0,61660000000.0,3277000000.0,4873000000.0,,21344.0,10228000000.0
2014,92023000000.0,32986000000.0,32374000000.0,8958000000.0,19063000000.0,30320000000.0,7098000000.0,,483000000.0,63408000000.0,3100000000.0,4466000000.0,,21344.0,9708000000.0
2015,90093000000.0,33395000000.0,26930000000.0,7309000000.0,28407000000.0,25554000000.0,7351000000.0,,856000000.0,65018000000.0,2902000000.0,3941000000.0,,21344.0,8728000000.0
2016,87270000000.0,34010000000.0,26532000000.0,8555000000.0,29684000000.0,23062000000.0,6527000000.0,,733000000.0,65502000000.0,2675000000.0,3856000000.0,,21344.0,8626000000.0
2017,87896000000.0,36545000000.0,27194000000.0,6006000000.0,31182000000.0,17072000000.0,1248000000.0,,841000000.0,60430000000.0,2655000000.0,3667000000.0,,21344.0,7501000000.0
2018,83216000000.0,30634000000.0,29223000000.0,8926000000.0,25364000000.0,16981000000.0,6434000000.0,31856000000.0,919000000.0,63234000000.0,2766000000.0,3396000000.0,,21344.0,8700000000.0
2019,86381000000.0,20411000000.0,26973000000.0,6480000000.0,27516000000.0,18981000000.0,8920000000.0,37266000000.0,946000000.0,65855000000.0,3379000000.0,3971000000.0,,21344.0,10086000000.0
2020,87296000000.0,19240000000.0,14601000000.0,6795000000.0,40125000000.0,19299000000.0,7747000000.0,33014000000.0,1437000000.0,66555000000.0,3266000000.0,3144000000.0,,21344.0,8997000000.0
2021,94354000000.0,22545000000.0,19950000000.0,9684000000.0,38116000000.0,22999000000.0,9771000000.0,38655000000.0,1597000000.0,69094000000.0,3414000000.0,3512000000.0,,21344.0,10308000000.0
2022,92763000000.0,22591000000.0,19724000000.0,9519000000.0,36377000000.0,24105000000.0,9542000000.0,43004000000.0,882000000.0,71019000000.0,4233000000.0,3487000000.0,,21344.0,10909000000.0
2023,97703000000.0,26732000000.0,23571000000.0,9366000000.0,35547000000.0,25941000000.0,10714000000.0,45754000000.0,1527000000.0,73782000000.0,4424000000.0,3410000000.0,,21344.0,11311000000.0
2024,100549000000.0,25997000000.0,25249000000.0,10828000000.0,,24856000000.0,10631000000.0,47061000000.0,1656000000.0,76054000000.0,4728000000.0,3569000000.0,,21344.0,9992000000.0
2025,104816000000.0,31044000000.0,21281000000.0,10270000000.0,,32169000000.0,13107000000.0,47941000000.0,1654000000.0,80382000000.0,4425000000.0,3038000000.0,,21344.0,13762000000.0
2009,16455000000.0,8422000000.0,4122000000.0,2784000000.0,3669000000.0,6446000000.0,817000000.0,16128000000.0,252000000.0,5709000000.0,,3849000000.0,,23082.0,
2010,16120000000.0,7557000000.0,4178000000.0,1837000000.0,2409000000.0,7504000000.0,740000000.0,16042000000.0,168000000.0,6296000000.0,,3719000000.0,,23082.0,1217000000.0
2011,11189000000.0,4883000000.0,4536000000.0,1093000000.0,1486000000.0,2779000000.0,-4242000000.0,15877000000.0,176000000.0,1930000000.0,,3257000000.0,,23082.0,-1251000000.0
2012,11251000000.0,5673000000.0,3349000000.0,2054000000.0,2498000000.0,3135000000.0,961000000.0,14993000000.0,183000000.0,2564000000.0,,3199000000.0,,23082.0,900000000.0
2013,11389000000.0,5628000000.0,3462000000.0,2443000000.0,2207000000.0,3913000000.0,674000000.0,12998000000.0,147000000.0,2770000000.0,,2759000000.0,,23082.0,1322000000.0
2014,10201000000.0,4905000000.0,3601000000.0,2098000000.0,1765000000.0,2921000000.0,-8000000.0,12173000000.0,148000000.0,912000000.0,,2369000000.0,,23082.0,1088000000.0
2015,7736000000.0,3412000000.0,2608000000.0,1178000000.0,1934000000.0,2025000000.0,251000000.0,7106000000.0,123000000.0,33000000.0,,1831000000.0,,23082.0,515000000.0
2016,8663000000.0,3247000000.0,2950000000.0,1263000000.0,2225000000.0,1888000000.0,-123000000.0,7607000000.0,117000000.0,-170000000.0,,1643000000.0,6497000000.0,23082.0,357000000.0
2010,11738000000.0,3960100000.0,2036200000.0,953200000.0,,4923900000.0,725800000.0,,160400000.0,4417100000.0,1606500000.0,849600000.0,6809100000.0,23217.0,
2011,11408700000.0,3899300000.0,2125600000.0,972400000.0,2870300000.0,4701500000.0,254900000.0,,177500000.0,4853600000.0,1803400000.0,849400000.0,6700200000.0,23217.0,1648900000.0
2012,11441900000.0,3218800000.0,2225200000.0,103000000.0,2858600000.0,4439500000.0,-86200000.0,,204000000.0,4765100000.0,1869600000.0,924800000.0,6905900000.0,23217.0,1599600000.0
2013,20405300000.0,4379800000.0,3401300000.0,183900000.0,8886900000.0,5264400000.0,192200000.0,,275600000.0,5129500000.0,2394100000.0,1286200000.0,15042300000.0,23217.0,1840700000.0
2014,19366400000.0,4230800000.0,2642400000.0,183100000.0,8767600000.0,5258500000.0,-324200000.0,2200000000.0,,5010600000.0,2292600000.0,1230800000.0,14011200000.0,23217.0,1299000000.0
2015,17542200000.0,3667700000.0,3310200000.0,183100000.0,6888900000.0,4526000000.0,209200000.0,1900000000.0,331900000.0,4331100000.0,2201200000.0,972900000.0,12932200000.0,23217.0,181500000.0
2016,13390600000.0,3576700000.0,2532400000.0,,4917800000.0,3713600000.0,117600000.0,1500000000.0,297800000.0,3218300000.0,1582100000.0,836600000.0,9595800000.0,23217.0,1720800000.0
2017,10096300000.0,2013200000.0,1720500000.0,251400000.0,2769200000.0,3990800000.0,151300000.0,,,4247000000.0,934200000.0,563400000.0,6018500000.0,23217.0,1238300000.0
2018,10389500000.0,1938900000.0,2336200000.0,128000000.0,3231500000.0,3676200000.0,69600000.0,,,4744900000.0,997100000.0,582600000.0,6632900000.0,23217.0,1412500000.0
2019,22213800000.0,2733800000.0,2142600000.0,236600000.0,10655700000.0,7384600000.0,126500000.0,,,5047900000.0,1571700000.0,831700000.0,14750100000.0,23217.0,1641800000.0
2020,22304000000.0,2885900000.0,3287400000.0,553300000.0,8900800000.0,7876100000.0,201400000.0,,,5471200000.0,1377900000.0,860800000.0,14353300000.0,23217.0,1815600000.0
2021,22195600000.0,2702100000.0,3306200000.0,79200000.0,8275200000.0,8551800000.0,1298800000.0,,,6262600000.0,1734000000.0,793900000.0,13564200000.0,23217.0,2141000000.0
2022,22435100000.0,3033700000.0,3518800000.0,83300000.0,8088200000.0,8787700000.0,888200000.0,,,6550700000.0,1939700000.0,867400000.0,13572900000.0,23217.0,1587600000.0
2023,22052600000.0,3385000000.0,4440700000.0,93900000.0,7081300000.0,8736800000.0,683600000.0,,,6599400000.0,2232000000.0,965400000.0,13245300000.0,23217.0,1464200000.0
2024,20862300000.0,3149500000.0,3241800000.0,77700000.0,7492600000.0,8440400000.0,347200000.0,,,6276300000.0,2083000000.0,871800000.0,12351000000.0,23217.0,1175000000.0
2025,20933900000.0,3071000000.0,4317000000.0,68000000.0,6234100000.0,8932700000.0,1152400000.0,,,6759100000.0,2048300000.0,770000000.0,12001200000.0,23217.0,1364600000.0
2026,17274400000.0,2882100000.0,3188000000.0,218000000.0,6456000000.0,,-1916200000.0,,,4171700000.0,1905400000.0,658200000.0,10916800000.0,23217.0,-1628400000.0
2010,2943732000.0,1120077000.0,651890000.0,421420000.0,718215000.0,819532000.0,,4952000000.0,59015000.0,821187000.0,,539849000.0,2124200000.0,23675.0,78170000.0
2011,3100016000.0,1190390000.0,723470000.0,438010000.0,718336000.0,759254000.0,,1318698000.0,55589000.0,884758000.0,,577522000.0,2340762000.0,23675.0,49942000.0
2012,3141464000.0,1151374000.0,707692000.0,429784000.0,719016000.0,838385000.0,,1363877000.0,54777000.0,966939000.0,,567097000.0,2303079000.0,23675.0,37795000.0
2013,3279931000.0,1207781000.0,745951000.0,484502000.0,719155000.0,1138689000.0,,1357801000.0,53339000.0,1043472000.0,,575013000.0,2141242000.0,23675.0,33380000.0
2014,3335618000.0,1261400000.0,742120000.0,432759000.0,719303000.0,1195838000.0,137039000.0,1440727000.0,53456000.0,1151791000.0,,649086000.0,2139780000.0,23675.0,41313000.0
2009,8816000000.0,5003000000.0,2432000000.0,930000000.0,,3773000000.0,428000000.0,,35000000.0,3575000000.0,1341000000.0,,4796000000.0,26172.0,682000000.0
2010,10402000000.0,6289000000.0,3260000000.0,1023000000.0,636000000.0,4670000000.0,1040000000.0,,40000000.0,4445000000.0,1977000000.0,,5406000000.0,26172.0,1602000000.0
2011,11668000000.0,7091000000.0,3657000000.0,1484000000.0,638000000.0,5492000000.0,,,44000000.0,6038000000.0,2141000000.0,,5837000000.0,26172.0,2681000000.0
2012,12548000000.0,7167000000.0,3136000000.0,1369000000.0,653000000.0,6603000000.0,,,32000000.0,7343000000.0,2221000000.0,,5574000000.0,26172.0,2254000000.0
2013,14728000000.0,8639000000.0,3368000000.0,2699000000.0,1630000000.0,7510000000.0,,,41000000.0,8406000000.0,2381000000.0,,6858000000.0,26172.0,2101000000.0
2014,15776000000.0,9055000000.0,4021000000.0,2301000000.0,,7749000000.0,,,64000000.0,9545000000.0,2866000000.0,,7683000000.0,26172.0,2365000000.0
2015,15134000000.0,7947000000.0,3803000000.0,1711000000.0,,7406000000.0,,,65000000.0,10322000000.0,2707000000.0,,7384000000.0,26172.0,2057000000.0
2016,15011000000.0,7707000000.0,4325000000.0,1120000000.0,,6875000000.0,,,69000000.0,11040000000.0,2675000000.0,,7837000000.0,26172.0,1928000000.0
2017,18075000000.0,8928000000.0,5677000000.0,1369000000.0,,7259000000.0,,,81000000.0,11464000000.0,3166000000.0,,9911000000.0,26172.0,2365000000.0
2018,19062000000.0,9818000000.0,6384000000.0,1303000000.0,,7348000000.0,,6126000000.0,114000000.0,12917000000.0,3759000000.0,,10803000000.0,26172.0,2786000000.0
2019,19737000000.0,9387000000.0,6260000000.0,1129000000.0,,7507000000.0,,5578000000.0,109000000.0,14416000000.0,3486000000.0,,11272000000.0,26172.0,2700000000.0
2020,22624000000.0,11897000000.0,6335000000.0,3401000000.0,,8062000000.0,,5830000000.0,100000000.0,15419000000.0,3425000000.0,,13635000000.0,26172.0,2269000000.0
2021,23710000000.0,12309000000.0,7084000000.0,2592000000.0,,8474000000.0,,24021000000.0,111000000.0,16741000000.0,4355000000.0,,14309000000.0,26172.0,2706000000.0
2022,30299000000.0,14451000000.0,11421000000.0,2101000000.0,,8975000000.0,,28074000000.0,199000000.0,18037000000.0,5603000000.0,,20074000000.0,26172.0,2929000000.0
2023,32005000000.0,15198000000.0,12903000000.0,,,8850000000.0,,34065000000.0,375000000.0,17851000000.0,5677000000.0,,22101000000.0,26172.0,1761000000.0
2024,31540000000.0,14752000000.0,11234000000.0,,,10271000000.0,,34102000000.0,370000000.0,20828000000.0,5742000000.0,,20232000000.0,26172.0,3750000000.0
2025,33992000000.0,16925000000.0,9610000000.0,,,12349000000.0,,33670000000.0,329000000.0,22616000000.0,5822000000.0,,20584000000.0,26172.0,4025000000.0
2011,5305000000.0,3049000000.0,1493000000.0,931000000.0,831000000.0,1737000000.0,71000000.0,,79000000.0,-1001000000.0,784000000.0,979000000.0,3467000000.0,26780.0,
2012,5144000000.0,2953000000.0,1310000000.0,1059000000.0,,1843000000.0,88000000.0,,84000000.0,-762000000.0,742000000.0,818000000.0,3196000000.0,26780.0,
2013,5129000000.0,3165000000.0,1268000000.0,1256000000.0,,1309000000.0,42000000.0,,99000000.0,-812000000.0,670000000.0,793000000.0,3716000000.0,26780.0,
2014,4930000000.0,2954000000.0,1261000000.0,1121000000.0,,1080000000.0,109000000.0,,118000000.0,-532000000.0,654000000.0,755000000.0,3750000000.0,26780.0,
2015,4326000000.0,2474000000.0,1091000000.0,791000000.0,,728000000.0,-82000000.0,,113000000.0,-410000000.0,625000000.0,673000000.0,3495000000.0,26780.0,
2016,4860000000.0,2284000000.0,1253000000.0,707000000.0,,1157000000.0,485000000.0,,113000000.0,195000000.0,638000000.0,721000000.0,3618000000.0,26780.0,
2017,5644000000.0,2882000000.0,1702000000.0,603000000.0,,1013000000.0,-104000000.0,,102000000.0,86000000.0,969000000.0,994000000.0,4483000000.0,26780.0,490000000.0
2018,5918000000.0,2907000000.0,1747000000.0,510000000.0,,1345000000.0,100000000.0,1973000000.0,96000000.0,456000000.0,1031000000.0,1065000000.0,4376000000.0,26780.0,579000000.0
2019,7220000000.0,3162000000.0,1845000000.0,508000000.0,,1873000000.0,85000000.0,1987000000.0,122000000.0,622000000.0,1193000000.0,1103000000.0,5085000000.0,26780.0,292000000.0
2020,7376000000.0,3288000000.0,1941000000.0,559000000.0,,1758000000.0,40000000.0,2108000000.0,138000000.0,530000000.0,1149000000.0,1201000000.0,5362000000.0,26780.0,124000000.0
2021,7632000000.0,3586000000.0,2174000000.0,268000000.0,,1922000000.0,197000000.0,8945000000.0,131000000.0,662000000.0,1564000000.0,1321000000.0,5459000000.0,26780.0,395000000.0
2022,7449000000.0,3829000000.0,2479000000.0,425000000.0,,1551000000.0,-242000000.0,10156000000.0,128000000.0,321000000.0,1609000000.0,1374000000.0,5651000000.0,26780.0,86000000.0
2023,7965000000.0,4103000000.0,2602000000.0,529000000.0,,1575000000.0,38000000.0,10555000000.0,154000000.0,317000000.0,1676000000.0,1371000000.0,6137000000.0,26780.0,316000000.0
2024,7485000000.0,3703000000.0,2561000000.0,494000000.0,,1333000000.0,-57000000.0,10284000000.0,161000000.0,204000000.0,1547000000.0,1195000000.0,5900000000.0,26780.0,226000000.0
2025,7808000000.0,3868000000.0,3308000000.0,469000000.0,,840000000.0,-50000000.0,1867000000.0,181000000.0,235000000.0,1015000000.0,987000000.0,6909000000.0,26780.0,139000000.0
2010,53667000000.0,,,2083000000.0,6138000000.0,5793000000.0,96000000.0,,40000000.0,5247000000.0,,,47874000000.0,28412.0,
2011,61008000000.0,,,3556000000.0,4944000000.0,6868000000.0,96000000.0,,37000000.0,5546000000.0,,,54140000000.0,28412.0,
2012,65359000000.0,,,4534000000.0,4720000000.0,6942000000.0,130000000.0,,32000000.0,5931000000.0,,,58417000000.0,28412.0,
2013,65227000000.0,,,6451000000.0,3543000000.0,7153000000.0,117000000.0,,26000000.0,6321000000.0,,,58074000000.0,28412.0,
2014,69190000000.0,,,6071000000.0,2679000000.0,7402000000.0,149000000.0,,23000000.0,6744000000.0,,,61788000000.0,28412.0,
2015,71877000000.0,,,6147000000.0,3058000000.0,7560000000.0,116000000.0,,24000000.0,7084000000.0,,,64317000000.0,28412.0,
2016,72978000000.0,,,7218000000.0,5160000000.0,7796000000.0,164000000.0,,29000000.0,7331000000.0,,,65182000000.0,28412.0,
2017,71567000000.0,,,5845000000.0,4622000000.0,7963000000.0,112000000.0,,33000000.0,7887000000.0,,,63604000000.0,28412.0,
2018,70818000000.0,,,4561000000.0,6463000000.0,7507000000.0,310000000.0,755000000.0,90000000.0,8781000000.0,,,63311000000.0,28412.0,
2019,73402000000.0,,,5818000000.0,7269000000.0,7327000000.0,269000000.0,749000000.0,115000000.0,9538000000.0,,,66075000000.0,28412.0,
2020,88129000000.0,,,15767000000.0,5728000000.0,8050000000.0,215000000.0,758000000.0,20000000.0,9623000000.0,,,80079000000.0,28412.0,
2021,94616000000.0,,,22679000000.0,2796000000.0,7897000000.0,228000000.0,796000000.0,13000000.0,9727000000.0,,,86719000000.0,28412.0,
2022,85406000000.0,,,,3024000000.0,5181000000.0,1151000000.0,788000000.0,206000000.0,11258000000.0,,,80225000000.0,28412.0,
2023,85834000000.0,,,,6206000000.0,6406000000.0,881000000.0,798000000.0,1661000000.0,11727000000.0,,,79428000000.0,28412.0,
2024,79297000000.0,,,,6673000000.0,6543000000.0,698000000.0,772000000.0,,12017000000.0,,,72754000000.0,28412.0,
2010,2519790000.0,1714036000.0,809765000.0,328658000.0,,961155000.0,-20252000.0,,37887000.0,919296000.0,444575000.0,404501000.0,,28823.0,-1802000.0
2011,2517443000.0,1732355000.0,824217000.0,333920000.0,,826986000.0,79755000.0,,34456000.0,991210000.0,440900000.0,414969000.0,,28823.0,155594000.0
2012,2592987000.0,1814857000.0,838855000.0,368792000.0,,809963000.0,-10645000.0,,30330000.0,996834000.0,412996000.0,488373000.0,,28823.0,124712000.0
2013,2183491000.0,1555350000.0,893736000.0,230709000.0,,596764000.0,-41434000.0,,29234000.0,722743000.0,376462000.0,447239000.0,,28823.0,-118260000.0
2014,2342136000.0,1655530000.0,1027723000.0,322017000.0,,531604000.0,29956000.0,,31420000.0,762214000.0,405173000.0,477937000.0,,28823.0,180947000.0
2015,2249300000.0,1643600000.0,955800000.0,313600000.0,,412400000.0,32600000.0,,32500000.0,760300000.0,369300000.0,413900000.0,,28823.0,58600000.0
2016,5270300000.0,2619600000.0,1824500000.0,652700000.0,,591400000.0,-77800000.0,,101400000.0,662700000.0,737700000.0,835900000.0,,28823.0,-159800000.0
2017,5250200000.0,2508400000.0,1799400000.0,535200000.0,,470000000.0,-108300000.0,,117300000.0,399000000.0,737000000.0,830100000.0,,28823.0,-83600000.0
2018,4311900000.0,2203400000.0,1568400000.0,,,-186400000.0,-123600000.0,1289800000.0,154900000.0,-168300000.0,610100000.0,737200000.0,,28823.0,-362900000.0
2019,3790600000.0,1892000000.0,1599600000.0,,,-530300000.0,-122600000.0,1151600000.0,202900000.0,-472300000.0,466500000.0,619300000.0,,28823.0,-26600000.0
2020,3657400000.0,1857300000.0,1649500000.0,,,-827100000.0,-51200000.0,1105900000.0,292700000.0,-742300000.0,498200000.0,646900000.0,,28823.0,24000000.0
2021,3507200000.0,1887300000.0,1749400000.0,,,-845100000.0,-78800000.0,3905200000.0,195300000.0,-822400000.0,544200000.0,595200000.0,,28823.0,137100000.0
2022,3065000000.0,1770900000.0,1604900000.0,,,-1380900000.0,-581400000.0,3460700000.0,199200000.0,-1406700000.0,588100000.0,612200000.0,,28823.0,-211700000.0
2023,4162000000.0,2153900000.0,1421000000.0,550200000.0,,1063800000.0,17800000.0,1628600000.0,68700000.0,17100000.0,589800000.0,721800000.0,3082800000.0,28823.0,92400000.0
2024,3543500000.0,1667900000.0,1266300000.0,296200000.0,,929800000.0,-16500000.0,3751100000.0,,-1100000.0,528100000.0,588500000.0,2605300000.0,28823.0,182100000.0
2025,3854400000.0,1786800000.0,1371500000.0,368900000.0,938500000.0,1099900000.0,94600000.0,3805700000.0,,91900000.0,521000000.0,609400000.0,2749600000.0,28823.0,242000000.0
2011,9688520000.0,2275074000.0,1509902000.0,126126000.0,,4668495000.0,,,204991000.0,1416918000.0,2009206000.0,,,29534.0,508240000.0
2012,10367682000.0,2677113000.0,1738547000.0,140809000.0,,4985330000.0,,,127926000.0,1710732000.0,2397175000.0,,,29534.0,522349000.0
2013,10867524000.0,3205607000.0,1811971000.0,505566000.0,,5402193000.0,,,88984000.0,2125453000.0,2552993000.0,,,29534.0,538122000.0
2014,11224104000.0,3532609000.0,1987740000.0,579823000.0,,5710038000.0,,,88232000.0,2403045000.0,2782521000.0,,,29534.0,566716000.0
2015,11257885000.0,3432410000.0,1995596000.0,157947000.0,,5377876000.0,,,86944000.0,2025545000.0,3074153000.0,,,29534.0,612429000.0
2016,11672298000.0,3677771000.0,2622805000.0,187915000.0,,5406294000.0,,,97821000.0,2015867000.0,3258785000.0,,,29534.0,680618000.0
2017,12516911000.0,4247852000.0,2964878000.0,267441000.0,,6125774000.0,712155000.0,,97036000.0,2698352000.0,3609025000.0,,,29534.0,623446000.0
2018,13204038000.0,4663020000.0,3015857000.0,235487000.0,,6417393000.0,483241000.0,6649809000.0,99871000.0,2941107000.0,4097004000.0,,,29534.0,638503000.0
2019,22825084000.0,5177868000.0,4543560000.0,240320000.0,,6702500000.0,535437000.0,7157642000.0,100574000.0,3162660000.0,4676848000.0,,,29534.0,720875000.0
2020,25862624000.0,6914219000.0,5710783000.0,1376577000.0,4130975000.0,6661238000.0,642743000.0,8414524000.0,150385000.0,3006102000.0,5247477000.0,,,29534.0,872224000.0
2021,26327371000.0,6303843000.0,5979357000.0,344829000.0,4172068000.0,6261986000.0,2399232000.0,34220449000.0,157526000.0,2473999000.0,5614325000.0,,,29534.0,3220675000.0
2022,29083367000.0,7581009000.0,5887768000.0,381576000.0,,5541772000.0,2415989000.0,37844863000.0,211273000.0,1656140000.0,6760733000.0,,,29534.0,3328302000.0
2023,30795591000.0,8010724000.0,6725701000.0,537283000.0,,6749119000.0,1661274000.0,38691609000.0,326781000.0,2799415000.0,6994266000.0,,,29534.0,2446300000.0
2024,31132733000.0,8163925000.0,6868702000.0,932576000.0,,7413707000.0,1125253000.0,40612308000.0,,3405683000.0,6711242000.0,,,29534.0,1714074000.0
2025,30963730000.0,7897803000.0,6961135000.0,1138501000.0,,8511962000.0,1512311000.0,42724369000.0,,4398466000.0,6331861000.0,,22451768000.0,29534.0,2203668000.0
2009,65937000000.0,19560000000.0,13106000000.0,2846000000.0,,20555000000.0,648000000.0,,,16704000000.0,6847000000.0,5656000000.0,,29915.0,
2010,69588000000.0,23781000000.0,13896000000.0,7039000000.0,22400000000.0,21839000000.0,2310000000.0,,,17736000000.0,7087000000.0,4616000000.0,,29915.0,
2011,69224000000.0,23422000000.0,13634000000.0,5444000000.0,21100000000.0,22281000000.0,2742000000.0,,,19087000000.0,7577000000.0,4900000000.0,,29915.0,
2012,69605000000.0,23684000000.0,11493000000.0,4318000000.0,20600000000.0,20877000000.0,1182000000.0,,,18495000000.0,8476000000.0,5074000000.0,,29915.0,
2013,69501000000.0,24977000000.0,11971000000.0,5940000000.0,,26898000000.0,4787000000.0,0.0,,21407000000.0,8303000000.0,4935000000.0,,29915.0,
2014,68796000000.0,24267000000.0,11593000000.0,5654000000.0,,22423000000.0,3772000000.0,0.0,,23045000000.0,8101000000.0,4685000000.0,,29915.0,
2015,68026000000.0,24475000000.0,11215000000.0,8577000000.0,,25374000000.0,7685000000.0,0.0,,28425000000.0,6871000000.0,4078000000.0,,29915.0,
2016,79511000000.0,23659000000.0,12604000000.0,6607000000.0,21091000000.0,25987000000.0,4318000000.0,,,30338000000.0,7363000000.0,4666000000.0,,29915.0,
2017,79940000000.0,27244000000.0,14377000000.0,6188000000.0,20517000000.0,25823000000.0,466000000.0,,,28050000000.0,8376000000.0,7338000000.0,,29915.0,
2018,77378000000.0,25263000000.0,13755000000.0,2669000000.0,19594000000.0,26831000000.0,4499000000.0,,,29808000000.0,9260000000.0,8246000000.0,,29915.0,
2011,1440651000.0,630899000.0,324634000.0,22991000.0,,572262000.0,-28824000.0,,28409000.0,393636000.0,228813000.0,306775000.0,858157000.0,35214.0,172976000.0
2012,1079103000.0,593503000.0,376503000.0,29576000.0,,193527000.0,-63876000.0,,27979000.0,-86606000.0,207091000.0,306463000.0,872429000.0,35214.0,65476000.0
2013,1008192000.0,555389000.0,313731000.0,28328000.0,,261518000.0,60537000.0,,27333000.0,-14664000.0,190216000.0,287925000.0,734349000.0,35214.0,335250000.0
2014,1096898000.0,613783000.0,236818000.0,140500000.0,,324384000.0,11443000.0,,16263000.0,71407000.0,158368000.0,236749000.0,760882000.0,35214.0,
2015,1225351000.0,553290000.0,218230000.0,58380000.0,,316459000.0,50590000.0,,15163000.0,135507000.0,184854000.0,231970000.0,901070000.0,35214.0,
2016,1283769000.0,582017000.0,246027000.0,45582000.0,,247113000.0,-20936000.0,,21547000.0,114690000.0,229847000.0,259687000.0,1028737000.0,35214.0,
2017,1682202000.0,825732000.0,355199000.0,63551000.0,743852000.0,344814000.0,-8686000.0,,27754000.0,171744000.0,324180000.0,354416000.0,1325522000.0,35214.0,
2018,1812460000.0,883284000.0,384817000.0,104301000.0,827050000.0,376631000.0,10976000.0,395474000.0,33371000.0,255978000.0,356998000.0,306882000.0,1426611000.0,35214.0,
2019,1834621000.0,883169000.0,381745000.0,96202000.0,812111000.0,360376000.0,-31257000.0,245857000.0,24302000.0,262016000.0,264622000.0,135804000.0,1464419000.0,35214.0,
2020,1960933000.0,969804000.0,403616000.0,174077000.0,804820000.0,429967000.0,17742000.0,259950000.0,21880000.0,304815000.0,260332000.0,137008000.0,1519998000.0,35214.0,
2021,1290024000.0,539782000.0,304149000.0,71493000.0,261559000.0,538384000.0,148831000.0,1126264000.0,28166000.0,453646000.0,262669000.0,130954000.0,741921000.0,35214.0,
2009,113380000000.0,,,,10507000000.0,13497000000.0,737000000.0,,1314000000.0,6326000000.0,,,99883000000.0,35527.0,
2010,111007000000.0,,,,9558000000.0,14051000000.0,753000000.0,,885000000.0,6719000000.0,,,96927000000.0,35527.0,
2011,116967000000.0,,,,9682000000.0,13201000000.0,1297000000.0,,661000000.0,7554000000.0,,,103716000000.0,35527.0,
2012,121894000000.0,,,,7085000000.0,13716000000.0,1576000000.0,,512000000.0,8768000000.0,,,108130000000.0,35527.0,
2013,130443000000.0,,,,9633000000.0,14589000000.0,1836000000.0,,412000000.0,10156000000.0,,,115817000000.0,35527.0,
2014,138706000000.0,,,,14967000000.0,15626000000.0,1481000000.0,,451000000.0,11141000000.0,,,123041000000.0,35527.0,
2015,141082000000.0,,,,15844000000.0,15839000000.0,1712000000.0,,495000000.0,12358000000.0,,,125212000000.0,35527.0,
2016,142177000000.0,,,,14388000000.0,16205000000.0,1564000000.0,,578000000.0,13441000000.0,,,125945000000.0,35527.0,
2017,142193000000.0,,,,14904000000.0,16365000000.0,2194000000.0,,691000000.0,15122000000.0,,,125808000000.0,35527.0,
2018,146069000000.0,,,,14426000000.0,16250000000.0,2193000000.0,,1043000000.0,16578000000.0,,,129819000000.0,35527.0,
2019,169369000000.0,,,,14970000000.0,21203000000.0,2512000000.0,,1457000000.0,18315000000.0,,,148166000000.0,35527.0,
2020,204680000000.0,,,,14973000000.0,,1427000000.0,,790000000.0,18384000000.0,,,181569000000.0,35527.0,
2021,211116000000.0,,,,11821000000.0,,2770000000.0,,441000000.0,20236000000.0,,,188906000000.0,35527.0,
2022,207452000000.0,,,3466000000.0,13714000000.0,,2446000000.0,,978000000.0,21689000000.0,,,190125000000.0,35527.0,
2023,214574000000.0,,,3142000000.0,16380000000.0,19172000000.0,2349000000.0,,3933000000.0,22997000000.0,,,195402000000.0,35527.0,
2024,212927000000.0,,,3014000000.0,14337000000.0,19645000000.0,2314000000.0,,,24150000000.0,,,193282000000.0,35527.0,
2025,214376000000.0,,,3499000000.0,13589000000.0,21724000000.0,2522000000.0,,,25488000000.0,,,192652000000.0,35527.0,
2012,158205068.0,,,3057736.0,,-14877720.0,-916329.0,27613440.0,7684732.0,-18419410.0,,,160345524.0,36369.0,5020428.0
2013,210266323.0,,,,,-18862151.0,158959.0,39300415.0,-11024267.0,-22553780.0,,,223021586.0,36369.0,10040743.0
2014,208167400.0,,,6500885.0,,-23655051.0,-4668737.0,41059323.0,10702148.0,-27222017.0,,,227608930.0,36369.0,7485799.0
2015,228042843.0,,,9698341.0,,-6745151.0,16853596.0,69539659.0,10226337.0,-10368421.0,,,232155139.0,36369.0,15394626.0
2016,241456360.0,,,5982506.0,221547920.0,-5087374.0,1767926.0,61863512.0,9368956.0,-8600495.0,,,246007869.0,36369.0,10529646.0
2017,244493498.0,,,6250757.0,230797643.0,-2271025.0,2988232.0,75670296.0,10393998.0,-5612263.0,,,245886072.0,36369.0,13679034.0
2018,248040879.0,,,7206445.0,230230866.0,-771420.0,1574605.0,83018962.0,10816099.0,-4037658.0,,,247944444.0,36369.0,11623612.0
2009,781818000000.0,,,72260000000.0,,117291000000.0,11025000000.0,156783000000.0,,126363000000.0,11987000000.0,16458000000.0,656682000000.0,40545.0,
2010,751216000000.0,,,78958000000.0,,118936000000.0,4535000000.0,12814000000.0,,131137000000.0,11526000000.0,18621000000.0,627018000000.0,40545.0,
2011,717242000000.0,,,84501000000.0,,116438000000.0,3730000000.0,147300000000.0,14545000000.0,137786000000.0,13792000000.0,19531000000.0,599108000000.0,40545.0,20571000000.0
2012,685328000000.0,,,,,123026000000.0,4011000000.0,11770000000.0,12508000000.0,144055000000.0,15374000000.0,21500000000.0,556858000000.0,40545.0,22887000000.0
2013,656560000000.0,,,,,130566000000.0,3206000000.0,146045000000.0,,149051000000.0,17325000000.0,21388000000.0,519777000000.0,40545.0,
2015,492692000000.0,,,,,98274000000.0,6301000000.0,117386000000.0,,140020000000.0,22515000000.0,27022000000.0,389582000000.0,40545.0,
2016,365183000000.0,,,,,75828000000.0,3667000000.0,2649000000.0,,139532000000.0,22354000000.0,24076000000.0,284668000000.0,40545.0,
2017,377945000000.0,,,43299000000.0,,64263000000.0,-9642000000.0,122092000000.0,,125682000000.0,21923000000.0,24438000000.0,292561000000.0,40545.0,
2018,309129000000.0,,,,,30981000000.0,761000000.0,121615000000.0,,93109000000.0,19271000000.0,19874000000.0,257266000000.0,40545.0,
2019,266048000000.0,,,,,28316000000.0,728000000.0,95214000000.0,,87732000000.0,14104000000.0,16769000000.0,236187000000.0,40545.0,
2020,253452000000.0,88412000000.0,56069000000.0,,,35552000000.0,5704000000.0,79619000000.0,,92247000000.0,15890000000.0,16691000000.0,216378000000.0,40545.0,
2021,198874000000.0,66348000000.0,51953000000.0,,,40310000000.0,-3843000000.0,20303000000.0,,85110000000.0,15847000000.0,,157262000000.0,40545.0,
2022,187788000000.0,66234000000.0,56947000000.0,,,36366000000.0,2222000000.0,21786000000.0,,84693000000.0,17403000000.0,,150206000000.0,40545.0,
2023,163045000000.0,59799000000.0,50876000000.0,,20862000000.0,27378000000.0,1591000000.0,19423000000.0,,86527000000.0,16528000000.0,,134466000000.0,40545.0,
2024,123140000000.0,37635000000.0,34392000000.0,,19273000000.0,19342000000.0,1899000000.0,10812000000.0,,80488000000.0,9763000000.0,,103576000000.0,40545.0,
2025,130169000000.0,40596000000.0,38980000000.0,,20469000000.0,18677000000.0,8704000000.0,45855000000.0,,87663000000.0,11868000000.0,,111271000000.0,40545.0,
2012,1670731000.0,,,1010000.0,,,,,,,,,280550000.0,40730.0,
2013,1174894000.0,,,14932000.0,,,,,,,,,110400000.0,40730.0,
2019,437723000.0,,,42850000.0,,,,,,,,,431143000.0,40730.0,
2011,5380.0,5380.0,729139.0,5380.0,,-723759.0,-212331.0,,55574.0,-28058711.0,,,729139.0,42284.0,-156757.0
2010,15630000000.0,8045000000.0,5307000000.0,2005000000.0,,644000000.0,-216000000.0,,316000000.0,866000000.0,2977000000.0,2736000000.0,14125000000.0,42582.0,
2011,17629000000.0,9812000000.0,5929000000.0,2772000000.0,4914000000.0,749000000.0,343000000.0,,330000000.0,1187000000.0,3856000000.0,2849000000.0,16005000000.0,42582.0,1368000000.0
2012,16973000000.0,8498000000.0,5322000000.0,2281000000.0,4926000000.0,370000000.0,212000000.0,,357000000.0,1370000000.0,3250000000.0,2563000000.0,15814000000.0,42582.0,1248000000.0
2013,17527000000.0,8644000000.0,5025000000.0,2996000000.0,6173000000.0,1606000000.0,629000000.0,,392000000.0,1958000000.0,2816000000.0,2435000000.0,15082000000.0,42582.0,1580000000.0
2014,18109000000.0,7724000000.0,4736000000.0,2161000000.0,6305000000.0,3610000000.0,2452000000.0,,428000000.0,4343000000.0,2671000000.0,2126000000.0,13682000000.0,42582.0,1712000000.0
2015,16439000000.0,6141000000.0,4957000000.0,1476000000.0,5659000000.0,3920000000.0,307000000.0,,412000000.0,4570000000.0,2464000000.0,2033000000.0,12297000000.0,42582.0,2022000000.0
2016,16511000000.0,5718000000.0,4817000000.0,1132000000.0,5193000000.0,4507000000.0,1264000000.0,,372000000.0,5808000000.0,2627000000.0,1769000000.0,11786000000.0,42582.0,
2017,17064000000.0,6079000000.0,5025000000.0,1043000000.0,5427000000.0,4603000000.0,346000000.0,,335000000.0,6044000000.0,2787000000.0,2025000000.0,12214000000.0,42582.0,
2018,16872000000.0,5925000000.0,4781000000.0,801000000.0,5316000000.0,4864000000.0,693000000.0,15475000000.0,321000000.0,6597000000.0,2856000000.0,2030000000.0,11802000000.0,42582.0,
2019,17185000000.0,5934000000.0,5287000000.0,908000000.0,5066000000.0,4351000000.0,-311000000.0,14745000000.0,340000000.0,6113000000.0,2851000000.0,1941000000.0,12640000000.0,42582.0,
2020,16506000000.0,5620000000.0,5106000000.0,1539000000.0,5334000000.0,3078000000.0,-1254000000.0,12321000000.0,324000000.0,4809000000.0,2153000000.0,1691000000.0,13247000000.0,42582.0,
2021,21402000000.0,7331000000.0,6612000000.0,1088000000.0,6736000000.0,4999000000.0,764000000.0,17478000000.0,387000000.0,5573000000.0,3594000000.0,2387000000.0,16218000000.0,42582.0,
2022,22431000000.0,8665000000.0,7140000000.0,1227000000.0,7240000000.0,5300000000.0,202000000.0,20805000000.0,451000000.0,5775000000.0,4571000000.0,2610000000.0,16965000000.0,42582.0,
2023,21582000000.0,7650000000.0,7147000000.0,902000000.0,7012000000.0,4668000000.0,-689000000.0,20066000000.0,532000000.0,5086000000.0,3698000000.0,2731000000.0,16745000000.0,42582.0,
2024,20964000000.0,7632000000.0,7337000000.0,810000000.0,6963000000.0,4756000000.0,70000000.0,18878000000.0,522000000.0,5156000000.0,3597000000.0,2482000000.0,16058000000.0,42582.0,
2025,18208000000.0,7218000000.0,6782000000.0,801000000.0,5431000000.0,3233000000.0,-1721000000.0,18280000000.0,,3360000000.0,3572000000.0,2341000000.0,14805000000.0,42582.0,
2009,16538000000.0,8638000000.0,2889000000.0,2082000000.0,,8728000000.0,1145000000.0,14675000000.0,-297000000.0,10863000000.0,1598000000.0,2964000000.0,7781000000.0,45012.0,1994000000.0
2010,18297000000.0,8886000000.0,2757000000.0,1398000000.0,3824000000.0,10373000000.0,1835000000.0,17973000000.0,,12371000000.0,1940000000.0,3924000000.0,7910000000.0,45012.0,3009000000.0
2011,23677000000.0,11577000000.0,4121000000.0,2698000000.0,4820000000.0,13198000000.0,2839000000.0,,,14880000000.0,2570000000.0,5084000000.0,10461000000.0,45012.0,4737000000.0
2012,27410000000.0,13086000000.0,4752000000.0,2484000000.0,4820000000.0,15765000000.0,2635000000.0,,,17182000000.0,3186000000.0,5787000000.0,11620000000.0,45012.0,4159000000.0
2013,29223000000.0,13704000000.0,5026000000.0,2356000000.0,7816000000.0,13581000000.0,2125000000.0,,,18842000000.0,3305000000.0,6181000000.0,15608000000.0,45012.0,3138000000.0
2014,32240000000.0,15068000000.0,5883000000.0,2291000000.0,7840000000.0,16267000000.0,3500000000.0,,,21809000000.0,3571000000.0,7564000000.0,15942000000.0,45012.0,5097000000.0
2015,36942000000.0,21609000000.0,5359000000.0,10077000000.0,14687000000.0,15462000000.0,-671000000.0,,,20524000000.0,2417000000.0,5317000000.0,21447000000.0,45012.0,-165000000.0
2016,27000000000.0,11677000000.0,4023000000.0,4009000000.0,12214000000.0,9409000000.0,-5763000000.0,,,14141000000.0,2275000000.0,3922000000.0,17552000000.0,45012.0,-6778000000.0
2017,25085000000.0,10777000000.0,4862000000.0,2337000000.0,10430000000.0,8322000000.0,-463000000.0,,,12668000000.0,2396000000.0,5036000000.0,16736000000.0,45012.0,1362000000.0
2018,25982000000.0,11151000000.0,4802000000.0,2008000000.0,10421000000.0,9522000000.0,1656000000.0,,,13739000000.0,3028000000.0,5234000000.0,16438000000.0,45012.0,2467000000.0
2019,25377000000.0,11212000000.0,4878000000.0,2268000000.0,10316000000.0,8012000000.0,-1131000000.0,,,11989000000.0,3139000000.0,4577000000.0,17352000000.0,45012.0,-448000000.0
2020,20680000000.0,9475000000.0,4421000000.0,2563000000.0,9132000000.0,4974000000.0,-2945000000.0,,,8691000000.0,2349000000.0,3071000000.0,15697000000.0,45012.0,-2436000000.0
2021,22321000000.0,9943000000.0,4306000000.0,3044000000.0,9127000000.0,6713000000.0,1457000000.0,,,9710000000.0,2361000000.0,3666000000.0,15593000000.0,45012.0,1800000000.0
2022,23255000000.0,10952000000.0,5345000000.0,2346000000.0,7928000000.0,7948000000.0,1572000000.0,,,10572000000.0,2923000000.0,4627000000.0,15278000000.0,45012.0,2707000000.0
2023,24683000000.0,11543000000.0,5608000000.0,2264000000.0,,9391000000.0,2638000000.0,,,12536000000.0,3226000000.0,4860000000.0,15250000000.0,45012.0,4083000000.0
2024,25587000000.0,12382000000.0,6050000000.0,2618000000.0,7541000000.0,10506000000.0,2501000000.0,,,14332000000.0,3040000000.0,5117000000.0,15039000000.0,45012.0,3822000000.0
2025,25010000000.0,11398000000.0,5588000000.0,2206000000.0,7158000000.0,10461000000.0,1283000000.0,,,15036000000.0,2976000000.0,4942000000.0,14505000000.0,45012.0,2260000000.0
2009,4161024000.0,522932000.0,301906000.0,141486000.0,420000000.0,,,,13490000.0,2414942000.0,44723000.0,246790000.0,,46765.0,583532000.0
2010,4265370000.0,652804000.0,232638000.0,63020000.0,360000000.0,,,,17158000.0,2547917000.0,43402000.0,457659000.0,,46765.0,451796000.0
2011,5003891000.0,956313000.0,416729000.0,364246000.0,235000000.0,3270047000.0,,,17355000.0,2954210000.0,54407000.0,460540000.0,,46765.0,193102000.0
2012,5721085000.0,895228000.0,381164000.0,96095000.0,195000000.0,3834998000.0,157115000.0,,8653000.0,3505295000.0,78777000.0,,,46765.0,239380000.0
2013,6264827000.0,1258211000.0,452273000.0,447868000.0,80000000.0,4443727000.0,159797000.0,,6129000.0,4102663000.0,88866000.0,,,46765.0,243234000.0
2014,6721861000.0,1277366000.0,507526000.0,360909000.0,40000000.0,4890977000.0,168688000.0,,4654000.0,4525797000.0,106241000.0,,,46765.0,263502000.0
2015,7152012000.0,1439007000.0,351228000.0,717977000.0,492443000.0,4897452000.0,-21214000.0,,15036000.0,4649952000.0,128729000.0,,,46765.0,-16021000.0
2016,6832019000.0,1572686000.0,330120000.0,905561000.0,491847000.0,4560925000.0,-72835000.0,,22913000.0,4289807000.0,124325000.0,286998000.0,2251396000.0,46765.0,-93001000.0
2017,6439988000.0,1235267000.0,344385000.0,521375000.0,492902000.0,4164591000.0,-22532000.0,,19747000.0,3855686000.0,137204000.0,398348000.0,,46765.0,-29677000.0
2018,6214867000.0,1115550000.0,377168000.0,284355000.0,493968000.0,4382735000.0,2453000.0,,24265000.0,4027779000.0,158134000.0,530859000.0,,46765.0,23118000.0
2019,5839515000.0,1115086000.0,410238000.0,347943000.0,479356000.0,4012223000.0,41177000.0,649050000.0,25188000.0,3714307000.0,149653000.0,461774000.0,,46765.0,39021000.0
2020,4829621000.0,963327000.0,219136000.0,487884000.0,480727000.0,3318514000.0,-58963000.0,208267000.0,24474000.0,3010012000.0,104180000.0,150249000.0,,46765.0,-75430000.0
2021,5034128000.0,1586566000.0,866306000.0,917534000.0,541997000.0,2912618000.0,-326150000.0,1218568000.0,23955000.0,2573375000.0,84057000.0,204424000.0,,46765.0,-428549000.0
2022,4355531000.0,1002944000.0,394810000.0,232131000.0,542610000.0,2765472000.0,6953000.0,2058944000.0,19203000.0,2473572000.0,87957000.0,430944000.0,,46765.0,45292000.0
2023,4381956000.0,1006625000.0,418931000.0,257174000.0,545144000.0,2771943000.0,434100000.0,2872421000.0,17283000.0,2707715000.0,94227000.0,403091000.0,,46765.0,561889000.0
2024,5781898000.0,1192069000.0,446949000.0,217341000.0,1782182000.0,2917152000.0,344165000.0,2756607000.0,,2883590000.0,117884000.0,418586000.0,,46765.0,451899000.0
2025,6705738000.0,1465475000.0,814836000.0,196848000.0,2057084000.0,,-163695000.0,3746013000.0,,2619090000.0,324326000.0,752808000.0,,46765.0,3318000.0
2010,17324201000.0,,,2374006000.0,,2498689000.0,-17746000.0,7562534000.0,726539000.0,-991153000.0,87429000.0,,14809010000.0,47129.0,
2011,17667332000.0,,,931208000.0,,2628835000.0,,8298380000.0,650254000.0,-816376000.0,83978000.0,,15038478000.0,47129.0,
2012,23290209000.0,,,533235000.0,,2917509000.0,,2318600000.0,597788000.0,-565597000.0,105728000.0,,20372681000.0,47129.0,
2013,24680800000.0,,,423200000.0,,2884400000.0,,2556400000.0,678900000.0,-1127700000.0,92300000.0,,21796400000.0,47129.0,
2014,24080000000.0,,,490000000.0,,2495000000.0,,2559000000.0,,-956000000.0,67000000.0,,21585000000.0,47129.0,
2015,23353000000.0,,,479000000.0,,1948000000.0,,2413000000.0,,-1045000000.0,51000000.0,,21405000000.0,47129.0,
2009,114799000000.0,52539000000.0,43003000000.0,13279000000.0,,,7660000000.0,114552000000.0,,29936000000.0,6128000000.0,16537000000.0,,47217.0,10136000000.0
2010,124503000000.0,54184000000.0,49403000000.0,10929000000.0,,40449000000.0,8761000000.0,126033000000.0,,32695000000.0,6466000000.0,18481000000.0,,47217.0,11479000000.0
2011,129517000000.0,51021000000.0,50442000000.0,8043000000.0,,38625000000.0,7074000000.0,127245000000.0,,35266000000.0,7490000000.0,18224000000.0,,47217.0,9677000000.0
2012,108768000000.0,50637000000.0,46666000000.0,11301000000.0,,22436000000.0,,120357000000.0,,21521000000.0,6317000000.0,16407000000.0,,47217.0,-11057000000.0
2013,105676000000.0,50364000000.0,45521000000.0,12163000000.0,,27269000000.0,,112298000000.0,738000000.0,25563000000.0,6046000000.0,15876000000.0,,47217.0,7131000000.0
2014,103206000000.0,50145000000.0,43735000000.0,15133000000.0,,26731000000.0,,111454000000.0,621000000.0,29164000000.0,6415000000.0,13832000000.0,,47217.0,7185000000.0
2015,106882000000.0,51787000000.0,42191000000.0,17433000000.0,,27768000000.0,,103355000000.0,567000000.0,32089000000.0,6485000000.0,13363000000.0,,47217.0,5471000000.0
2016,29010000000.0,18468000000.0,18808000000.0,6288000000.0,,-3889000000.0,2496000000.0,48238000000.0,,-3498000000.0,4484000000.0,4114000000.0,,47217.0,3549000000.0
2017,32913000000.0,22318000000.0,22412000000.0,6997000000.0,,,2526000000.0,52056000000.0,,-2386000000.0,5786000000.0,4414000000.0,,47217.0,3519000000.0
2018,34622000000.0,21387000000.0,25131000000.0,5166000000.0,,,5327000000.0,58472000000.0,,-473000000.0,6062000000.0,5113000000.0,,47217.0,4064000000.0
2019,33467000000.0,20177000000.0,25293000000.0,4537000000.0,,,3152000000.0,58756000000.0,,-818000000.0,5734000000.0,6031000000.0,,47217.0,3877000000.0
2020,34681000000.0,20648000000.0,26220000000.0,4864000000.0,,-2228000000.0,2844000000.0,56639000000.0,,-1961000000.0,5963000000.0,5381000000.0,,47217.0,3462000000.0
2021,38610000000.0,22170000000.0,29096000000.0,4299000000.0,6386000000.0,-1650000000.0,6503000000.0,63487000000.0,,-2461000000.0,7930000000.0,5511000000.0,,47217.0,5302000000.0
2022,38494000000.0,19736000000.0,26189000000.0,3145000000.0,10796000000.0,-3025000000.0,3132000000.0,62910000000.0,,-4492000000.0,7614000000.0,4546000000.0,,47217.0,4559000000.0
2023,37004000000.0,17977000000.0,24488000000.0,3107000000.0,9254000000.0,-1069000000.0,3263000000.0,53718000000.0,,-2361000000.0,6862000000.0,4237000000.0,,47217.0,3456000000.0
2024,39909000000.0,20760000000.0,28687000000.0,3238000000.0,8263000000.0,-1323000000.0,2775000000.0,53559000000.0,,-2676000000.0,7720000000.0,5117000000.0,,47217.0,3818000000.0
2025,41769000000.0,22453000000.0,29258000000.0,3690000000.0,8821000000.0,-346000000.0,2529000000.0,55295000000.0,,-2027000000.0,8512000000.0,5692000000.0,,47217.0,3174000000.0
2010,53819642000.0,,,847888000.0,,4980542000.0,312347000.0,,526587000.0,-2814433000.0,,,48839100000.0,49196.0,
2011,54450652000.0,,,,,5418100000.0,126858000.0,,70191000.0,-2389639000.0,,,49032552000.0,49196.0,
2012,56153185000.0,,,,,5790211000.0,167279000.0,,44940000.0,-1917933000.0,,,50362974000.0,49196.0,
2013,59476344000.0,,,1001132000.0,,6099323000.0,157823000.0,,39175000.0,-1470154000.0,,,53377021000.0,49196.0,
2014,66298010000.0,,,1220565000.0,4335962000.0,6328170000.0,163614000.0,,34373000.0,-1052324000.0,,,59969840000.0,49196.0,
2015,71044551000.0,,,847156000.0,7067614000.0,6594606000.0,178309000.0,,47242000.0,-594067000.0,,,64449945000.0,49196.0,
2016,99714097000.0,,,1384770000.0,8309159000.0,10308146000.0,238963000.0,,79877000.0,-226844000.0,,,89405951000.0,49196.0,
2017,104185000000.0,,,1520000000.0,9206000000.0,10814000000.0,432000000.0,,124000000.0,588000000.0,,,93371000000.0,49196.0,
2018,108781000000.0,,,2672000000.0,8625000000.0,11102000000.0,334000000.0,881000000.0,223000000.0,1361000000.0,,,97679000000.0,49196.0,
2019,109002000000.0,,,,9849000000.0,11795000000.0,317000000.0,939000000.0,231000000.0,2088000000.0,,,97207000000.0,49196.0,
2020,123038000000.0,,,,8352000000.0,12993000000.0,817000000.0,884000000.0,423000000.0,1878000000.0,,,110045000000.0,49196.0,
2021,174064000000.0,,,,7108000000.0,19297000000.0,1295000000.0,1113000000.0,89000000.0,2202000000.0,,,154746000000.0,49196.0,
2022,182906000000.0,,,,9686000000.0,17731000000.0,2238000000.0,1318000000.0,696000000.0,3419000000.0,,,165137000000.0,49196.0,
2023,189368000000.0,,,,12394000000.0,19353000000.0,1951000000.0,1400000000.0,3477000000.0,4322000000.0,,,169970000000.0,49196.0,
2024,204230000000.0,,,,16374000000.0,19740000000.0,1940000000.0,1468000000.0,,5204000000.0,,,184448000000.0,49196.0,
2025,225106000000.0,,,,17221000000.0,24342000000.0,2211000000.0,1562000000.0,,6351000000.0,,,200727000000.0,49196.0,
2011,45766614.0,18506211.0,4005827.0,11362688.0,,39159616.0,-3123478.0,32922189.0,5694.0,27934126.0,,99363.0,6606998.0,49534.0,-5736639.0
2012,36081974.0,15738783.0,4357620.0,7575579.0,,28822110.0,-1311082.0,5326290.0,1342.0,17596620.0,,78757.0,7259864.0,49534.0,-8218610.0
2013,29470595.0,9780642.0,2883227.0,6134731.0,,22638512.0,-1401214.0,4099871.0,77.0,11413022.0,,17480.0,6832083.0,49534.0,-9144422.0
2011,85820000.0,41213000.0,23921000.0,0.0,28213000.0,33686000.0,2631000.0,,,-7647000.0,16093000.0,19423000.0,52134000.0,49728.0,2480000.0
2012,87898000.0,45318000.0,25998000.0,2662000.0,21104000.0,40796000.0,1586000.0,,,-953000.0,17697000.0,23193000.0,47102000.0,49728.0,2595000.0
2013,88935000.0,54340000.0,22748000.0,2499000.0,34026000.0,31994000.0,-8667000.0,,,-10483000.0,21904000.0,27945000.0,56941000.0,49728.0,-13149000.0
2014,72996000.0,50450000.0,26404000.0,,28479000.0,17405000.0,1034000.0,,,-25554000.0,22526000.0,22347000.0,55591000.0,49728.0,1259000.0
2015,68262000.0,52527000.0,30661000.0,,28323000.0,8688000.0,161000.0,,,-35740000.0,25753000.0,24923000.0,59574000.0,49728.0,-1660000.0
2016,50626000.0,39194000.0,19422000.0,,16961000.0,13864000.0,176000.0,,,-30954000.0,15384000.0,17140000.0,36762000.0,49728.0,6248000.0
2017,52447000.0,34510000.0,17316000.0,,14023000.0,14429000.0,755000.0,,,-30954000.0,15605000.0,17887000.0,38018000.0,49728.0,1060000.0
2018,90448000.0,61041000.0,40293000.0,,16002000.0,25376000.0,9121000.0,34216000.0,,-30873000.0,34126000.0,25168000.0,65072000.0,49728.0,2719000.0
2019,110832000.0,83385000.0,42470000.0,,28910000.0,31240000.0,1794000.0,43922000.0,,-15275000.0,44267000.0,27618000.0,79592000.0,49728.0,7568000.0
2020,122964000.0,92577000.0,54129000.0,,21476000.0,39155000.0,1927000.0,46446000.0,,-8522000.0,51374000.0,30361000.0,83809000.0,49728.0,10134000.0
2011,1618349808.0,389364457.0,290495964.0,12421250.0,820743747.0,431945594.0,39059510.0,,61965755.0,313879289.0,303166488.0,56841059.0,1186404214.0,50493.0,118516820.0
2012,1642108604.0,426203869.0,306151733.0,4683410.0,785240249.0,457413469.0,13276.0,,60026564.0,341964231.0,329614925.0,61519081.0,1184695135.0,50493.0,123846842.0
2013,1669327737.0,434540068.0,251274007.0,16844007.0,893514238.0,410639275.0,15562000.0,,59142378.0,332315037.0,329691256.0,59929491.0,1258688462.0,50493.0,125574175.0
2014,1656951564.0,413917298.0,250748019.0,8613628.0,924771343.0,382602167.0,17604000.0,,46569864.0,369277929.0,329523604.0,60991062.0,1274349397.0,50493.0,123345157.0
2015,1671383492.0,432296094.0,253243507.0,7505040.0,882691471.0,428978400.0,16236000.0,,47006774.0,415654162.0,338644128.0,66284163.0,1242405092.0,50493.0,139182043.0
2016,1686478299.0,418487439.0,241604637.0,5679509.0,866473465.0,470175610.0,14184000.0,,46330304.0,456851372.0,343881078.0,61735387.0,1216302689.0,50493.0,128601998.0
2017,1733305774.0,445840014.0,245563479.0,23912100.0,865659744.0,511052003.0,19372000.0,,47458033.0,497727765.0,349333013.0,66329164.0,1222253771.0,50493.0,127912744.0
2018,1824910820.0,496743116.0,260138091.0,10537303.0,852739760.0,595413808.0,18439000.0,,47569703.0,582089570.0,372195421.0,70056909.0,1229497012.0,50493.0,124823641.0
2019,1867328368.0,497103371.0,247579389.0,42125105.0,839637691.0,662722606.0,20918000.0,1076091000.0,47410104.0,650664018.0,374129060.0,71951303.0,1204605762.0,50493.0,152193135.0
2020,1899298902.0,470186860.0,323812907.0,6903955.0,586198360.0,819330957.0,57869000.0,1197172000.0,40529096.0,816258015.0,366824438.0,81358357.0,1079967945.0,50493.0,280937086.0
2021,2018343955.0,575440415.0,306097331.0,,571913204.0,983258538.0,249731458.0,4987919603.0,24332143.0,985734959.0,389953456.0,95082014.0,1035085417.0,50493.0,350057605.0
2022,2295510725.0,838131702.0,333777051.0,,554287420.0,1259594425.0,272758928.0,5678835032.0,21508135.0,1246238155.0,457945539.0,97157614.0,1035916300.0,50493.0,376932584.0
2023,2473845733.0,952556345.0,330533149.0,,532631960.0,1458972140.0,210811959.0,5892781732.0,22068290.0,1444788790.0,493859775.0,107570690.0,1014873593.0,50493.0,292304132.0
2024,2527882715.0,925547755.0,320621944.0,,515101562.0,1545749090.0,105541301.0,5639609434.0,21859800.0,1538061740.0,462084658.0,78266383.0,982133625.0,50493.0,147144231.0
2025,2566054643.0,975556927.0,302902593.0,,497289417.0,1615931577.0,83592501.0,5334032609.0,19710406.0,1609384834.0,482979330.0,106355244.0,950123066.0,50493.0,117579855.0
2009,109022000000.0,48935000000.0,36002000000.0,12183000000.0,,22637000000.0,,95758000000.0,402000000.0,80900000000.0,2494000000.0,,86267000000.0,51143.0,
2010,113452000000.0,48116000000.0,40562000000.0,10661000000.0,,23046000000.0,,99870000000.0,368000000.0,92532000000.0,2450000000.0,,90279000000.0,51143.0,
2011,116433000000.0,50928000000.0,42123000000.0,11922000000.0,22857000000.0,20138000000.0,,106916000000.0,411000000.0,104857000000.0,2595000000.0,11179000000.0,96197000000.0,51143.0,
2012,119213000000.0,49433000000.0,43625000000.0,10412000000.0,24088000000.0,18860000000.0,,104507000000.0,459000000.0,117641000000.0,2287000000.0,10667000000.0,100229000000.0,51143.0,
2013,126223000000.0,51350000000.0,40154000000.0,10716000000.0,32856000000.0,22792000000.0,,99751000000.0,402000000.0,130042000000.0,2310000000.0,10465000000.0,103294000000.0,51143.0,
2014,117532000000.0,49422000000.0,39600000000.0,8476000000.0,35073000000.0,11868000000.0,,92793000000.0,484000000.0,137793000000.0,2103000000.0,9090000000.0,105518000000.0,51143.0,
2015,110495000000.0,42504000000.0,34269000000.0,7686000000.0,33428000000.0,14262000000.0,,81741000000.0,468000000.0,146124000000.0,1551000000.0,8333000000.0,96071000000.0,51143.0,
2016,117470000000.0,43888000000.0,36275000000.0,7826000000.0,34655000000.0,18246000000.0,,79919000000.0,630000000.0,152759000000.0,1553000000.0,9182000000.0,99078000000.0,51143.0,
2017,125356000000.0,49735000000.0,37363000000.0,11972000000.0,39837000000.0,17594000000.0,5753000000.0,79139000000.0,615000000.0,153126000000.0,1583000000.0,8928000000.0,107631000000.0,51143.0,
2018,123382000000.0,49146000000.0,38227000000.0,11379000000.0,35605000000.0,16796000000.0,8728000000.0,79591000000.0,723000000.0,159206000000.0,1682000000.0,7432000000.0,106452000000.0,51143.0,
2019,152186000000.0,38420000000.0,37701000000.0,8172000000.0,,20841000000.0,9431000000.0,77147000000.0,1344000000.0,162954000000.0,1619000000.0,7870000000.0,131202000000.0,51143.0,
2020,155971000000.0,39165000000.0,39869000000.0,13212000000.0,54355000000.0,20597000000.0,5590000000.0,73620000000.0,1288000000.0,162717000000.0,1839000000.0,7132000000.0,135244000000.0,51143.0,
2021,132001000000.0,29539000000.0,33619000000.0,6650000000.0,44917000000.0,18901000000.0,5743000000.0,57350000000.0,1155000000.0,154209000000.0,1649000000.0,6754000000.0,113005000000.0,51143.0,
2022,127243000000.0,29118000000.0,31505000000.0,7886000000.0,46189000000.0,21944000000.0,1639000000.0,60530000000.0,1216000000.0,149825000000.0,1552000000.0,6541000000.0,105222000000.0,51143.0,
2023,135241000000.0,32908000000.0,34122000000.0,13068000000.0,50121000000.0,22533000000.0,7502000000.0,61860000000.0,1607000000.0,151276000000.0,1161000000.0,7214000000.0,112628000000.0,51143.0,
2024,137175000000.0,34482000000.0,33142000000.0,13947000000.0,49884000000.0,27307000000.0,6023000000.0,62753000000.0,1712000000.0,151163000000.0,1289000000.0,6804000000.0,109783000000.0,51143.0,
2025,151880000000.0,36944000000.0,38658000000.0,13587000000.0,54836000000.0,32648000000.0,10593000000.0,67535000000.0,1935000000.0,155648000000.0,1220000000.0,8112000000.0,119139000000.0,51143.0,
1215,12585100000.0,7693100000.0,7584300000.0,1502900000.0,1610300000.0,1965500000.0,454600000.0,2196200000.0,85800000.0,1437600000.0,,4361000000.0,10331400000.0,51644.0,-456400000.0
2010,13070800000.0,8453500000.0,7740900000.0,2675700000.0,1583300000.0,2529000000.0,261100000.0,6531900000.0,139700000.0,-63700000.0,,4317600000.0,10212700000.0,51644.0,548700000.0
2011,12876600000.0,8286800000.0,8032600000.0,2302700000.0,1210900000.0,2461700000.0,532300000.0,2072600000.0,136800000.0,405100000.0,,4425400000.0,10135900000.0,51644.0,385300000.0
2012,13493900000.0,8738300000.0,7701700000.0,2574800000.0,2060800000.0,2420600000.0,446700000.0,2063300000.0,133500000.0,738300000.0,,4496600000.0,10810100000.0,51644.0,409900000.0
2013,12905000000.0,8084000000.0,8165300000.0,1636800000.0,1129800000.0,2215200000.0,267900000.0,2122700000.0,122700000.0,864500000.0,,4565400000.0,10405100000.0,51644.0,324400000.0
2014,12747200000.0,7810200000.0,7463300000.0,1660600000.0,1623500000.0,2116300000.0,477100000.0,2207100000.0,84900000.0,1183300000.0,,4376600000.0,10338600000.0,51644.0,-433000000.0
2016,12485200000.0,7438000000.0,7706000000.0,1097600000.0,1280700000.0,2017100000.0,608500000.0,2264500000.0,90600000.0,1804300000.0,,4389700000.0,10175700000.0,51644.0,-485100000.0
2017,12695200000.0,7464100000.0,7678200000.0,790900000.0,1285600000.0,2201000000.0,579000000.0,2341000000.0,90800000.0,2093600000.0,,4585000000.0,10207300000.0,51644.0,518300000.0
2018,15620300000.0,8182900000.0,8123900000.0,673400000.0,3660200000.0,2393200000.0,618900000.0,2856000000.0,123000000.0,2400100000.0,,5126600000.0,13019600000.0,51644.0,459100000.0
2019,17751900000.0,8770700000.0,9420400000.0,1192200000.0,2771900000.0,2775900000.0,656000000.0,2901800000.0,199300000.0,2689900000.0,,5209200000.0,14761600000.0,51644.0,491300000.0
2020,18042700000.0,9367600000.0,9580500000.0,2509000000.0,2915800000.0,2895000000.0,351100000.0,2550000000.0,192200000.0,2636900000.0,,4646400000.0,15005700000.0,51644.0,223400000.0
2021,19909200000.0,11231800000.0,10890000000.0,3270000000.0,2908600000.0,3526000000.0,952800000.0,10240700000.0,173100000.0,3154300000.0,,5177700000.0,16304400000.0,51644.0,1436200000.0
2022,18845000000.0,10325200000.0,9983200000.0,2545300000.0,2870700000.0,3647900000.0,938000000.0,10927800000.0,174700000.0,3632100000.0,,5316000000.0,15100700000.0,51644.0,1381200000.0
2023,19267300000.0,10950400000.0,10330900000.0,2386100000.0,2917500000.0,3942600000.0,1098400000.0,10889300000.0,225600000.0,4254500000.0,,5768800000.0,15221200000.0,51644.0,1482600000.0
2024,18325800000.0,10606000000.0,9758000000.0,2187100000.0,2920500000.0,3797400000.0,689500000.0,10691700000.0,229900000.0,4440200000.0,,5649700000.0,14415700000.0,51644.0,1203200000.0
2009,19209000000.0,5864000000.0,4923000000.0,798000000.0,,5406000000.0,1884000000.0,,275000000.0,10329000000.0,2033000000.0,,,55785.0,2825000000.0
2010,19864000000.0,6328000000.0,5338000000.0,876000000.0,,5917000000.0,492000000.0,,243000000.0,11086000000.0,2373000000.0,2472000000.0,,55785.0,699000000.0
2011,19373000000.0,6283000000.0,5397000000.0,764000000.0,,5249000000.0,401000000.0,,277000000.0,8244000000.0,2356000000.0,2602000000.0,,55785.0,611000000.0
2012,19873000000.0,6589000000.0,6091000000.0,1106000000.0,,4985000000.0,1750000000.0,,284000000.0,8823000000.0,2348000000.0,2642000000.0,,55785.0,2686000000.0
2013,18919000000.0,6550000000.0,5848000000.0,1054000000.0,5386000000.0,4856000000.0,2142000000.0,,283000000.0,9714000000.0,2233000000.0,2545000000.0,,55785.0,3208000000.0
2014,15526000000.0,5559000000.0,6226000000.0,789000000.0,5630000000.0,729000000.0,1526000000.0,,284000000.0,8470000000.0,1892000000.0,2223000000.0,,55785.0,2521000000.0
2015,14842000000.0,5426000000.0,6349000000.0,619000000.0,6106000000.0,-174000000.0,1013000000.0,,295000000.0,4994000000.0,1909000000.0,2281000000.0,,55785.0,1613000000.0
2016,14602000000.0,5115000000.0,5846000000.0,923000000.0,6439000000.0,-102000000.0,2166000000.0,,319000000.0,5831000000.0,1679000000.0,2176000000.0,,55785.0,3317000000.0
2017,15151000000.0,5211000000.0,5858000000.0,616000000.0,,629000000.0,2278000000.0,,318000000.0,6730000000.0,1790000000.0,2315000000.0,,55785.0,3299000000.0
2018,14518000000.0,5041000000.0,6536000000.0,539000000.0,,-287000000.0,1410000000.0,,263000000.0,5947000000.0,1813000000.0,2164000000.0,,55785.0,2229000000.0
2019,15283000000.0,5057000000.0,6919000000.0,442000000.0,,-33000000.0,2157000000.0,18450000000.0,261000000.0,6686000000.0,1790000000.0,2263000000.0,,55785.0,2991000000.0
2020,17523000000.0,5174000000.0,6443000000.0,303000000.0,,626000000.0,2352000000.0,19140000000.0,252000000.0,7567000000.0,1903000000.0,2235000000.0,,55785.0,3244000000.0
2021,17837000000.0,5565000000.0,6749000000.0,270000000.0,,514000000.0,1814000000.0,19440000000.0,256000000.0,7858000000.0,2239000000.0,2207000000.0,,55785.0,2561000000.0
2022,17970000000.0,5729000000.0,7334000000.0,427000000.0,,547000000.0,1934000000.0,20175000000.0,282000000.0,8201000000.0,2269000000.0,2280000000.0,,55785.0,2681000000.0
2023,17344000000.0,5703000000.0,6930000000.0,1093000000.0,,915000000.0,1764000000.0,20431000000.0,293000000.0,8368000000.0,1955000000.0,2135000000.0,,55785.0,2344000000.0
2024,16546000000.0,5580000000.0,7004000000.0,1021000000.0,,840000000.0,2545000000.0,20058000000.0,270000000.0,9257000000.0,1822000000.0,2009000000.0,,55785.0,3210000000.0
2025,17098000000.0,5310000000.0,7125000000.0,688000000.0,,1502000000.0,499000000.0,4080000000.0,256000000.0,9611000000.0,1475000000.0,1892000000.0,,55785.0,2351000000.0
2012,28748909.0,16123283.0,8568017.0,50027.0,,17095239.0,,37865767.0,,14433286.0,9396350.0,5326537.0,11653670.0,56701.0,3886761.0
2013,35226657.0,25183012.0,10566688.0,859636.0,,21389674.0,,35764579.0,,18089152.0,10501172.0,12185162.0,13836983.0,56701.0,7642391.0
2014,24389958.0,15948729.0,6493228.0,1899411.0,,15239867.0,-5553554.0,23840882.0,,11206711.0,7054932.0,3160887.0,9150091.0,56701.0,-10004732.0
2015,22427013.0,13605577.0,3747281.0,1000266.0,,16353019.0,482613.0,24230056.0,,11689324.0,7182440.0,2823980.0,6073994.0,56701.0,512801.0
2016,24120471.0,13726338.0,3568308.0,735393.0,,18186194.0,1389000.0,26001346.0,6075.0,13078324.0,8595485.0,3530854.0,5934277.0,56701.0,
2017,23423653.0,12948376.0,3392505.0,432283.0,,17572312.0,-963636.0,24054281.0,964.0,12114688.0,8345343.0,3931541.0,5851341.0,56701.0,
2018,19675585.0,12169108.0,2608062.0,1081533.0,,14517812.0,-3386060.0,23515441.0,5218.0,8728628.0,6138679.0,4709745.0,5157773.0,56701.0,
2019,23235282.0,12914422.0,2997799.0,2228282.0,,15072101.0,434114.0,,,8848684.0,6851448.0,3655143.0,8163181.0,56701.0,404433.0
2020,22580406.0,12137536.0,2615090.0,3999409.0,,15156098.0,-465597.0,,,8236345.0,5538794.0,2317064.0,7424308.0,56701.0,-484042.0
2021,26324145.0,15548516.0,2052124.0,6950215.0,,19575101.0,493594.0,,,8729939.0,5901512.0,2240785.0,6749044.0,56701.0,-390492.0
2022,29955096.0,19874630.0,2126973.0,9208170.0,,22697489.0,1268409.0,,,9998348.0,8631362.0,1846620.0,7257607.0,56701.0,902023.0
2023,38370805.0,28380967.0,2011817.0,3091062.0,,31460895.0,8302380.0,,,18300728.0,6423441.0,1379517.0,6909910.0,56701.0,-24901052.0
2024,37199479.0,21917161.0,1297658.0,2837081.0,,31147176.0,-950911.0,,,17696200.0,4473680.0,1208319.0,6052303.0,56701.0,-1872159.0
2025,37184609.0,22604105.0,1939651.0,2807797.0,,30610035.0,-874831.0,,,16821369.0,4885067.0,1135672.0,6574574.0,56701.0,-1737123.0
2011,502009000.0,328106000.0,97149000.0,124929000.0,74525000.0,293270000.0,83842000.0,,6658000.0,153888000.0,59506000.0,87351000.0,,60714.0,136443000.0
2012,576612000.0,284747000.0,117083000.0,98020000.0,,354497000.0,11560000.0,,4237000.0,212192000.0,64973000.0,82801000.0,,60714.0,95655000.0
2013,1083097000.0,353839000.0,133893000.0,143750000.0,,411715000.0,37343000.0,,13986000.0,266854000.0,55872000.0,80570000.0,,60714.0,105308000.0
2014,1137005000.0,418882000.0,155257000.0,186811000.0,,434048000.0,657000.0,,21599000.0,286188000.0,56586000.0,88074000.0,,60714.0,53362000.0
2015,1361827000.0,332697000.0,191920000.0,127314000.0,,421580000.0,-8068000.0,,7381000.0,248150000.0,53237000.0,92602000.0,,60714.0,-50752000.0
2016,1270420000.0,181146000.0,120246000.0,60017000.0,,492513000.0,-21533000.0,,30945000.0,314301000.0,22939000.0,51299000.0,,60714.0,-90223000.0
2017,1189182000.0,163740000.0,109296000.0,33619000.0,400253000.0,438196000.0,914000.0,,37267000.0,256214000.0,21856000.0,59570000.0,,60714.0,-34091000.0
2018,1148333000.0,166413000.0,125813000.0,26048000.0,412681000.0,342197000.0,-13045000.0,94730000.0,11056000.0,153773000.0,29209000.0,66692000.0,,60714.0,-23025000.0
2019,1088489000.0,130873000.0,103300000.0,22791000.0,449634000.0,247327000.0,-27714000.0,73896000.0,46389000.0,57632000.0,23311000.0,39942000.0,,60714.0,-39091000.0
2020,1053302000.0,129580000.0,107295000.0,16264000.0,467389000.0,149643000.0,-21692000.0,88903000.0,80000.0,-41487000.0,19573000.0,42551000.0,,60714.0,-15535000.0
2021,1132840000.0,243136000.0,104929000.0,82144000.0,518190000.0,460490000.0,42082000.0,190228000.0,80000.0,-31255000.0,16583000.0,86428000.0,,60714.0,101048000.0
2022,1439819000.0,566599000.0,142308000.0,63769000.0,702733000.0,515873000.0,65870000.0,233654000.0,46827000.0,199092000.0,30883000.0,74795000.0,,60714.0,308378000.0
2023,1298184000.0,436742000.0,118529000.0,98500000.0,575874000.0,518331000.0,27923000.0,593709000.0,41136000.0,227015000.0,28128000.0,40385000.0,,60714.0,51777000.0
2024,1187188000.0,309714000.0,135634000.0,20230000.0,476163000.0,491640000.0,-19353000.0,522400000.0,34452000.0,207662000.0,24901000.0,38760000.0,,60714.0,-5505000.0
2025,1173539000.0,293294000.0,105511000.0,19511000.0,440295000.0,519973000.0,24613000.0,615208000.0,30657000.0,232275000.0,18310000.0,57208000.0,,60714.0,57274000.0
2009,4780555000.0,2554619000.0,1060874000.0,1116997000.0,700000000.0,2530989000.0,528704000.0,,71843000.0,2339506000.0,355663000.0,749335000.0,,63276.0,731168000.0
2010,5417733000.0,3226610000.0,1350282000.0,1281123000.0,950000000.0,2628584000.0,325184000.0,,64839000.0,2720645000.0,463838000.0,1146106000.0,,63276.0,428608000.0
2011,5671638000.0,3443707000.0,1038928000.0,1369113000.0,1500000000.0,2610603000.0,370577000.0,,75332000.0,3167996000.0,487000000.0,1246687000.0,,63276.0,497506000.0
2012,6526785000.0,3556805000.0,1716012000.0,1335711000.0,1100000000.0,3067044000.0,306480000.0,,88835000.0,3515181000.0,465057000.0,1226833000.0,,63276.0,373479000.0
2013,6439626000.0,3377993000.0,1047440000.0,1039216000.0,1600000000.0,3251559000.0,369249000.0,,78505000.0,3918122000.0,568843000.0,1260105000.0,,63276.0,479307000.0
2014,6722046000.0,3185951000.0,1088949000.0,971650000.0,2100000000.0,2949071000.0,149931000.0,,79271000.0,3896261000.0,562047000.0,1093180000.0,,63276.0,237009000.0
2015,6552689000.0,3196863000.0,1645572000.0,892814000.0,1800000000.0,2633254000.0,215160000.0,,85270000.0,3745815000.0,587521000.0,1145099000.0,,63276.0,294053000.0
2016,6493794000.0,2940064000.0,1505573000.0,869531000.0,2134271000.0,2407782000.0,173845000.0,,95118000.0,3545359000.0,613798000.0,1115217000.0,,63276.0,262643000.0
2017,6238503000.0,3111588000.0,1623803000.0,1079221000.0,2873119000.0,1257455000.0,-281283000.0,,105214000.0,2179358000.0,600704000.0,1128610000.0,,63276.0,-252820000.0
2018,5238225000.0,2347200000.0,1260030000.0,594481000.0,2851723000.0,656803000.0,9639000.0,1524281000.0,181886000.0,1616595000.0,542889000.0,970083000.0,,63276.0,105591000.0
2019,5325226000.0,2247974000.0,1276907000.0,630028000.0,2846751000.0,491714000.0,175000.0,1473705000.0,201044000.0,1413181000.0,495504000.0,936359000.0,,63276.0,67580000.0
2020,5521089000.0,2482890000.0,1355379000.0,762181000.0,2854664000.0,596343000.0,126628000.0,4583660000.0,198332000.0,1539809000.0,514673000.0,1033966000.0,,63276.0,380885000.0
2021,6393894000.0,2874529000.0,1598253000.0,731362000.0,2570992000.0,1568849000.0,902987000.0,5457741000.0,253937000.0,2456597000.0,777184000.0,1072684000.0,,63276.0,729562000.0
2022,6177661000.0,2729035000.0,1187748000.0,761235000.0,2325644000.0,2056269000.0,393913000.0,5434687000.0,132818000.0,2847709000.0,894064000.0,860221000.0,,63276.0,675515000.0
2023,6435822000.0,3122347000.0,1342480000.0,1261363000.0,2329986000.0,2149213000.0,214352000.0,5441219000.0,123786000.0,3062061000.0,571609000.0,1081827000.0,,63276.0,561659000.0
2024,6544084000.0,3126917000.0,1315723000.0,1387908000.0,2334351000.0,2264125000.0,541817000.0,5379546000.0,,3603878000.0,501732000.0,1003178000.0,,63276.0,694282000.0
2025,6640382000.0,3130789000.0,1458182000.0,1242927000.0,2331675000.0,2233048000.0,397584000.0,5347623000.0,,4001462000.0,563142000.0,1097604000.0,,63276.0,546424000.0
2009,61641000000.0,17537000000.0,12300000000.0,1086000000.0,8756000000.0,35768000000.0,3696000000.0,98729000000.0,,16355000000.0,10343000000.0,5457000000.0,,64803.0,6438000000.0
2010,62169000000.0,17706000000.0,11070000000.0,1427000000.0,8652000000.0,37700000000.0,1026000000.0,24771000000.0,539000000.0,19303000000.0,10695000000.0,4925000000.0,,64803.0,1770000000.0
2011,64543000000.0,18594000000.0,11956000000.0,1413000000.0,9208000000.0,,,28317000000.0,588000000.0,22090000000.0,10046000000.0,6047000000.0,,64803.0,1957000000.0
2012,65912000000.0,19852000000.0,13790000000.0,1375000000.0,9133000000.0,,,31394000000.0,561000000.0,25049000000.0,10759000000.0,6473000000.0,,64803.0,2302000000.0
2013,71526000000.0,25325000000.0,15425000000.0,4089000000.0,12841000000.0,,,32830000000.0,517000000.0,28493000000.0,11045000000.0,8729000000.0,,64803.0,2217000000.0
2014,74252000000.0,25983000000.0,19027000000.0,2481000000.0,11695000000.0,37958000000.0,,37055000000.0,615000000.0,31849000000.0,11930000000.0,9687000000.0,,64803.0,2321000000.0
2015,93657000000.0,30378000000.0,23169000000.0,2459000000.0,26267000000.0,37196000000.0,,41145000000.0,859000000.0,35506000000.0,14001000000.0,11888000000.0,,64803.0,2729000000.0
2016,94462000000.0,31042000000.0,26250000000.0,3371000000.0,25615000000.0,36830000000.0,1707000000.0,45971000000.0,1078000000.0,38983000000.0,14760000000.0,12164000000.0,,64803.0,2995000000.0
2017,95131000000.0,31229000000.0,30648000000.0,1696000000.0,22181000000.0,37691000000.0,3287000000.0,48385000000.0,1062000000.0,43556000000.0,15296000000.0,13181000000.0,,64803.0,3108000000.0
2018,196456000000.0,45243000000.0,44009000000.0,4059000000.0,71444000000.0,58225000000.0,-419000000.0,54424000000.0,2619000000.0,40911000000.0,16450000000.0,17631000000.0,137913000000.0,64803.0,824000000.0
2019,222449000000.0,50302000000.0,53303000000.0,5683000000.0,71348000000.0,63864000000.0,1747000000.0,66889000000.0,3035000000.0,45108000000.0,17516000000.0,19617000000.0,158279000000.0,64803.0,3037000000.0
2020,230715000000.0,56369000000.0,62017000000.0,7854000000.0,,69389000000.0,7179000000.0,268706000000.0,2907000000.0,49640000000.0,18496000000.0,21742000000.0,161014000000.0,64803.0,13911000000.0
2021,232999000000.0,60008000000.0,67807000000.0,9408000000.0,,75075000000.0,7910000000.0,292111000000.0,2503000000.0,54906000000.0,17760000000.0,24431000000.0,157618000000.0,64803.0,13193000000.0
2022,228275000000.0,65682000000.0,69736000000.0,12945000000.0,,71015000000.0,4149000000.0,322467000000.0,2287000000.0,56145000000.0,19090000000.0,27276000000.0,156960000000.0,64803.0,7746000000.0
2023,249728000000.0,67858000000.0,79189000000.0,8196000000.0,,76461000000.0,8344000000.0,357776000000.0,2658000000.0,61604000000.0,18025000000.0,35227000000.0,173092000000.0,64803.0,13743000000.0
2024,253215000000.0,68645000000.0,84609000000.0,8586000000.0,,75560000000.0,4614000000.0,372809000000.0,,62837000000.0,18107000000.0,36469000000.0,177485000000.0,64803.0,8516000000.0
2025,253538000000.0,74714000000.0,88692000000.0,8453000000.0,,75214000000.0,1768000000.0,402067000000.0,,61196000000.0,19246000000.0,39779000000.0,178156000000.0,64803.0,4660000000.0
2011,555788000000.0,,,13731000000.0,107118000000.0,49293000000.0,-1748000000.0,,8785000000.0,8236000000.0,,,506495000000.0,65100.0,
2012,602928000000.0,,,12911000000.0,92249000000.0,64400000000.0,1976000000.0,7255000000.0,1605000000.0,8800000000.0,,,538528000000.0,65100.0,
2009,27250000000.0,10795000000.0,4897000000.0,3040000000.0,5097000000.0,12764000000.0,3193000000.0,,,23753000000.0,2639000000.0,3250000000.0,13948000000.0,66740.0,4814000000.0
2010,30156000000.0,12215000000.0,6089000000.0,3377000000.0,4183000000.0,15663000000.0,928000000.0,,,25995000000.0,3155000000.0,3615000000.0,14139000000.0,66740.0,5918000000.0
2011,31616000000.0,12240000000.0,5441000000.0,2219000000.0,4484000000.0,15420000000.0,,,,28348000000.0,3416000000.0,3867000000.0,15754000000.0,66740.0,6178000000.0
2012,33876000000.0,13630000000.0,6200000000.0,2883000000.0,4916000000.0,17575000000.0,991000000.0,,,30679000000.0,3837000000.0,4061000000.0,15836000000.0,66740.0,6483000000.0
2013,33550000000.0,12733000000.0,7498000000.0,2581000000.0,4326000000.0,17502000000.0,1103000000.0,,,32416000000.0,3864000000.0,4253000000.0,15602000000.0,66740.0,6666000000.0
2014,31269000000.0,11765000000.0,5998000000.0,1897000000.0,6731000000.0,13109000000.0,1179000000.0,,,34317000000.0,3706000000.0,4238000000.0,18127000000.0,66740.0,7135000000.0
2015,32718000000.0,10986000000.0,7118000000.0,1798000000.0,8753000000.0,11708000000.0,1038000000.0,,,36575000000.0,3518000000.0,4154000000.0,20971000000.0,66740.0,6946000000.0
2016,32906000000.0,11726000000.0,6219000000.0,2398000000.0,10678000000.0,10298000000.0,1155000000.0,,,37907000000.0,3385000000.0,4392000000.0,22563000000.0,66740.0,7223000000.0
2017,37987000000.0,14277000000.0,7687000000.0,,12096000000.0,11563000000.0,523000000.0,,322000000.0,39115000000.0,4034000000.0,4911000000.0,26365000000.0,66740.0,7820000000.0
2018,36500000000.0,13709000000.0,7244000000.0,,13411000000.0,9796000000.0,1347000000.0,32765000000.0,350000000.0,40636000000.0,4366000000.0,5020000000.0,26652000000.0,66740.0,7207000000.0
2019,44659000000.0,12971000000.0,9222000000.0,,17518000000.0,10063000000.0,969000000.0,32136000000.0,448000000.0,42135000000.0,4134000000.0,4791000000.0,34533000000.0,66740.0,6174000000.0
2020,47344000000.0,14982000000.0,7948000000.0,,17989000000.0,12867000000.0,1389000000.0,32184000000.0,529000000.0,43761000000.0,4239000000.0,4705000000.0,34413000000.0,66740.0,7161000000.0
2021,47072000000.0,15403000000.0,9035000000.0,,16056000000.0,15046000000.0,5921000000.0,35355000000.0,488000000.0,45821000000.0,4985000000.0,4660000000.0,31955000000.0,66740.0,7369000000.0
2022,46455000000.0,14688000000.0,9523000000.0,,14001000000.0,14722000000.0,5777000000.0,34229000000.0,462000000.0,47950000000.0,5372000000.0,4532000000.0,31685000000.0,66740.0,6539000000.0
2023,50580000000.0,16379000000.0,15297000000.0,,13088000000.0,4807000000.0,-6995000000.0,32681000000.0,942000000.0,37479000000.0,4822000000.0,4750000000.0,45712000000.0,66740.0,-9128000000.0
2024,39868000000.0,15884000000.0,11256000000.0,,11125000000.0,3842000000.0,728000000.0,6010000000.0,,36797000000.0,3698000000.0,3194000000.0,35974000000.0,66740.0,4822000000.0
2025,37733000000.0,16387000000.0,9595000000.0,,10932000000.0,4702000000.0,3250000000.0,24948000000.0,,38258000000.0,3661000000.0,3533000000.0,32986000000.0,66740.0,4629000000.0
2010,2712134000.0,1292279000.0,479474000.0,112421000.0,,1120956000.0,108094000.0,,38742000.0,880733000.0,460857000.0,619861000.0,1591178000.0,67887.0,
2011,2842967000.0,1380446000.0,546390000.0,113679000.0,714757000.0,1191891000.0,38161000.0,,35666000.0,1016754000.0,502373000.0,655805000.0,1651076000.0,67887.0,246420000.0
2012,3105907000.0,1548908000.0,663876000.0,148841000.0,670662000.0,1304790000.0,41797000.0,,34312000.0,1169216000.0,538262000.0,744551000.0,1801117000.0,67887.0,273425000.0
2013,3237095000.0,1647375000.0,723230000.0,157090000.0,600687000.0,1535765000.0,15625000.0,,26962000.0,1289713000.0,551674000.0,811376000.0,1701330000.0,67887.0,227544000.0
2014,3208452000.0,1664064000.0,722804000.0,231292000.0,765114000.0,1347415000.0,40254000.0,,12513000.0,1447911000.0,517056000.0,780874000.0,1861037000.0,67887.0,275717000.0
2015,3086471000.0,1627495000.0,605505000.0,309853000.0,,994532000.0,28194000.0,,28967000.0,1579794000.0,493360000.0,698419000.0,2091939000.0,67887.0,245513000.0
2016,3041859000.0,1620147000.0,589232000.0,325128000.0,,988411000.0,33143000.0,,34605000.0,1706539000.0,479040000.0,688388000.0,2047797000.0,67887.0,238242000.0
2017,3090592000.0,1626439000.0,629434000.0,368073000.0,,1214304000.0,38602000.0,,34551000.0,1847819000.0,489127000.0,727740000.0,1876288000.0,67887.0,250152000.0
2018,2964048000.0,1476421000.0,680624000.0,125584000.0,,1224986000.0,40560000.0,700866000.0,36238000.0,1973514000.0,512522000.0,793911000.0,1739062000.0,67887.0,257852000.0
2019,3114237000.0,1628973000.0,727658000.0,89702000.0,,1322481000.0,45855000.0,765207000.0,39269000.0,2133328000.0,534974000.0,957287000.0,1791756000.0,67887.0,321142000.0
2020,3225831000.0,1613487000.0,710554000.0,84583000.0,929982000.0,1243083000.0,-77977000.0,706895000.0,38897000.0,2112734000.0,623043000.0,855535000.0,1982748000.0,67887.0,216362000.0
2021,3433169000.0,1718780000.0,869361000.0,99599000.0,823355000.0,1400144000.0,157220000.0,2851993000.0,33892000.0,2237848000.0,613095000.0,945929000.0,2033025000.0,67887.0,270959000.0
2022,3431841000.0,1758310000.0,838436000.0,103895000.0,836872000.0,1436813000.0,155177000.0,3035783000.0,36757000.0,2360055000.0,588466000.0,990262000.0,1995028000.0,67887.0,282848000.0
2023,3808036000.0,1985332000.0,965473000.0,68959000.0,863092000.0,1636087000.0,170998000.0,3319122000.0,63578000.0,2496979000.0,724002000.0,,2171949000.0,67887.0,342917000.0
2024,4093626000.0,2140749000.0,999027000.0,61694000.0,874139000.0,1860633000.0,207220000.0,3609160000.0,62112000.0,2668723000.0,863702000.0,,2232993000.0,67887.0,395341000.0
2025,4426055000.0,2369980000.0,1119068000.0,62013000.0,944123000.0,1992555000.0,235028000.0,3860624000.0,72075000.0,2834548000.0,914302000.0,,2433500000.0,67887.0,449606000.0
2009,25603000000.0,16032000000.0,8261000000.0,2869000000.0,3365000000.0,9775000000.0,-51000000.0,22044000000.0,,3827000000.0,1308000000.0,3495000000.0,,68505.0,-148000000.0
2010,25577000000.0,17154000000.0,8710000000.0,4208000000.0,2194000000.0,10885000000.0,633000000.0,5663000000.0,220000000.0,4460000000.0,1364000000.0,3268000000.0,,68505.0,378000000.0
2011,13929000000.0,8768000000.0,3815000000.0,1881000000.0,1130000000.0,5214000000.0,184000000.0,2300000000.0,132000000.0,1016000000.0,512000000.0,1866000000.0,,68505.0,276000000.0
2012,12679000000.0,7401000000.0,3335000000.0,1468000000.0,1859000000.0,3265000000.0,336000000.0,2441000000.0,108000000.0,1625000000.0,513000000.0,1881000000.0,,68505.0,423000000.0
2013,11851000000.0,7020000000.0,3220000000.0,3225000000.0,2457000000.0,3659000000.0,343000000.0,2504000000.0,132000000.0,2425000000.0,522000000.0,1920000000.0,,68505.0,413000000.0
2014,10423000000.0,6879000000.0,2250000000.0,3954000000.0,3396000000.0,2735000000.0,201000000.0,1824000000.0,147000000.0,3410000000.0,345000000.0,1409000000.0,,68505.0,-1458000000.0
2015,8387000000.0,4582000000.0,2193000000.0,1980000000.0,4386000000.0,-106000000.0,279000000.0,1682000000.0,186000000.0,1716000000.0,296000000.0,1362000000.0,,68505.0,390000000.0
2016,8463000000.0,3468000000.0,2668000000.0,1030000000.0,4392000000.0,-964000000.0,243000000.0,1883000000.0,225000000.0,1148000000.0,273000000.0,1410000000.0,,68505.0,403000000.0
2017,8208000000.0,3950000000.0,2931000000.0,1205000000.0,4419000000.0,-1742000000.0,-575000000.0,1957000000.0,215000000.0,467000000.0,327000000.0,1523000000.0,,68505.0,511000000.0
2018,9409000000.0,4272000000.0,3096000000.0,1246000000.0,5289000000.0,-1293000000.0,423000000.0,,240000000.0,1051000000.0,356000000.0,1293000000.0,,68505.0,516000000.0
2019,10642000000.0,4178000000.0,3439000000.0,1001000000.0,5113000000.0,-700000000.0,244000000.0,,237000000.0,1239000000.0,447000000.0,1412000000.0,,68505.0,590000000.0
2020,10876000000.0,4327000000.0,3489000000.0,1254000000.0,5163000000.0,-558000000.0,412000000.0,,233000000.0,1127000000.0,508000000.0,1390000000.0,,68505.0,555000000.0
2021,12189000000.0,5412000000.0,4063000000.0,1874000000.0,5688000000.0,-40000000.0,1245000000.0,,215000000.0,1350000000.0,788000000.0,1386000000.0,,68505.0,1667000000.0
2022,12814000000.0,5255000000.0,4560000000.0,1325000000.0,6013000000.0,116000000.0,1363000000.0,,240000000.0,1343000000.0,1055000000.0,1518000000.0,,68505.0,1661000000.0
2023,13336000000.0,5725000000.0,5736000000.0,1705000000.0,4705000000.0,724000000.0,1709000000.0,,249000000.0,1640000000.0,827000000.0,1710000000.0,,68505.0,2294000000.0
2024,14595000000.0,6479000000.0,5055000000.0,2102000000.0,5675000000.0,1703000000.0,1577000000.0,,295000000.0,2300000000.0,766000000.0,1952000000.0,,68505.0,2688000000.0
2025,19389000000.0,6300000000.0,6078000000.0,1165000000.0,8413000000.0,2410000000.0,2154000000.0,,360000000.0,2549000000.0,983000000.0,2200000000.0,,68505.0,2988000000.0
2010,8500000000.0,2311000000.0,1725000000.0,405000000.0,,1766000000.0,1119000000.0,,424000000.0,-1522000000.0,156000000.0,1143000000.0,6681000000.0,70318.0,634000000.0
2011,8462000000.0,2357000000.0,1815000000.0,113000000.0,,1423000000.0,,,375000000.0,-1440000000.0,161000000.0,1278000000.0,6954000000.0,70318.0,650000000.0
2012,9044000000.0,2681000000.0,1763000000.0,364000000.0,,1143000000.0,,,412000000.0,-1288000000.0,153000000.0,1345000000.0,7810000000.0,70318.0,749000000.0
2013,16130000000.0,3710000000.0,2928000000.0,113000000.0,,755000000.0,,,474000000.0,-1422000000.0,262000000.0,2038000000.0,15005000000.0,70318.0,663000000.0
2014,18141000000.0,4717000000.0,3577000000.0,193000000.0,,651000000.0,,,754000000.0,-1410000000.0,276000000.0,2404000000.0,16955000000.0,70318.0,925000000.0
2015,23682000000.0,5171000000.0,4308000000.0,356000000.0,,691000000.0,,,912000000.0,-1550000000.0,309000000.0,2704000000.0,20458000000.0,70318.0,1056000000.0
2016,24701000000.0,5257000000.0,4034000000.0,716000000.0,,417000000.0,,,979000000.0,-1742000000.0,326000000.0,2897000000.0,21226000000.0,70318.0,1219000000.0
2017,23385000000.0,5573000000.0,4332000000.0,611000000.0,,-147000000.0,,,1028000000.0,-2390000000.0,289000000.0,2616000000.0,20980000000.0,70318.0,1113000000.0
2018,22409000000.0,4636000000.0,3857000000.0,411000000.0,,-119000000.0,,4619000000.0,1004000000.0,-2236000000.0,305000000.0,2595000000.0,20302000000.0,70318.0,1647000000.0
2019,23351000000.0,5081000000.0,4205000000.0,262000000.0,,-371000000.0,,4806000000.0,985000000.0,-2467000000.0,310000000.0,2743000000.0,21362000000.0,70318.0,1513000000.0
2020,27106000000.0,7147000000.0,4847000000.0,2446000000.0,,28000000.0,,,1003000000.0,-2128000000.0,368000000.0,2690000000.0,24217000000.0,70318.0,1989000000.0
2021,27579000000.0,7075000000.0,5109000000.0,2364000000.0,,1028000000.0,,,923000000.0,-1214000000.0,384000000.0,2770000000.0,23322000000.0,70318.0,2871000000.0
2022,27156000000.0,5981000000.0,4476000000.0,858000000.0,,1142000000.0,,,890000000.0,-803000000.0,405000000.0,2943000000.0,22548000000.0,70318.0,2333000000.0
2023,28312000000.0,7167000000.0,4760000000.0,1228000000.0,,1608000000.0,,,901000000.0,-192000000.0,411000000.0,2914000000.0,22804000000.0,70318.0,2510000000.0
2024,28936000000.0,7682000000.0,4310000000.0,3019000000.0,,4171000000.0,,,,3008000000.0,346000000.0,2536000000.0,20389000000.0,70318.0,5956000000.0
2025,29677000000.0,7849000000.0,4463000000.0,2883000000.0,,4220000000.0,,,,4415000000.0,348000000.0,2565000000.0,20704000000.0,70318.0,3508000000.0
2009,2223299000000.0,,,121339000000.0,438521000000.0,231444000000.0,6276000000.0,119643000000.0,30807000000.0,71233000000.0,,,1991855000000.0,70858.0,
2010,2264909000000.0,,,108427000000.0,448431000000.0,228248000000.0,-2238000000.0,110220000000.0,23974000000.0,60849000000.0,,,2036661000000.0,70858.0,
2011,2129046000000.0,,,120102000000.0,372265000000.0,230101000000.0,1446000000.0,93454000000.0,21620000000.0,60520000000.0,,,1898945000000.0,70858.0,
2012,2209974000000.0,,,110752000000.0,275585000000.0,236956000000.0,4188000000.0,83334000000.0,16744000000.0,62843000000.0,,,1973018000000.0,70858.0,
2013,2102273000000.0,,,131322000000.0,249674000000.0,232685000000.0,11431000000.0,88942000000.0,12755000000.0,72497000000.0,,,1869588000000.0,70858.0,
2014,2104534000000.0,,,138589000000.0,243139000000.0,243471000000.0,4833000000.0,84247000000.0,10934000000.0,75024000000.0,,,1861063000000.0,70858.0,
2015,2144316000000.0,,,159353000000.0,236764000000.0,256205000000.0,15888000000.0,82507000000.0,10549000000.0,88564000000.0,,,1888111000000.0,70858.0,
2016,2187702000000.0,,,147738000000.0,216823000000.0,266840000000.0,17906000000.0,83701000000.0,9961000000.0,101870000000.0,,,1920862000000.0,70858.0,
2017,2281234000000.0,,,157434000000.0,227402000000.0,267146000000.0,18232000000.0,87352000000.0,12912000000.0,113816000000.0,,,2014088000000.0,70858.0,
2018,2354507000000.0,,,177404000000.0,229340000000.0,265325000000.0,28147000000.0,91247000000.0,19337000000.0,136314000000.0,,,2089182000000.0,70858.0,
2019,2434079000000.0,,,161560000000.0,240856000000.0,264810000000.0,27430000000.0,91244000000.0,22345000000.0,156319000000.0,,,2169269000000.0,70858.0,
2020,2819627000000.0,,,,262934000000.0,272924000000.0,17894000000.0,85528000000.0,8225000000.0,164088000000.0,,,2546703000000.0,70858.0,
2021,3169495000000.0,,,,280117000000.0,270066000000.0,31978000000.0,89113000000.0,4738000000.0,188064000000.0,,,2899429000000.0,70858.0,
2022,3051375000000.0,,,,275982000000.0,273197000000.0,27528000000.0,94950000000.0,20103000000.0,207003000000.0,,,2778178000000.0,70858.0,
2023,3180151000000.0,,,,302204000000.0,291646000000.0,26515000000.0,98581000000.0,73331000000.0,224672000000.0,,,2888505000000.0,70858.0,
2024,3261519000000.0,,,,283279000000.0,295559000000.0,27132000000.0,101887000000.0,,242349000000.0,,,2965960000000.0,70858.0,
2025,3411738000000.0,,,,317816000000.0,303243000000.0,30509000000.0,113097000000.0,,261693000000.0,,,3108495000000.0,70858.0,
2010,3037669000.0,303054000.0,303969000.0,6234000.0,6578000.0,,,1110720000.0,,87984000.0,50701000.0,143304000.0,2217322000.0,73088.0,162617000.0
2011,3210438000.0,290199000.0,475954000.0,5928000.0,905049000.0,859112000.0,34116000.0,283209000.0,,128631000.0,59532000.0,147151000.0,2351326000.0,73088.0,49332000.0
2012,3485533000.0,303128000.0,449265000.0,9822000.0,1055074000.0,934032000.0,58697000.0,280773000.0,,172791000.0,54161000.0,143695000.0,2551501000.0,73088.0,89024000.0
2013,3715260000.0,320956000.0,463588000.0,16557000.0,1155097000.0,1030670000.0,26093000.0,319090000.0,,209091000.0,55609000.0,174913000.0,2684590000.0,73088.0,49962000.0
2014,4973943000.0,350885000.0,614582000.0,20362000.0,1662099000.0,1477783000.0,37169000.0,312947000.0,,264758000.0,55094000.0,163479000.0,3496160000.0,73088.0,50584000.0
2015,5278640000.0,286660000.0,571200000.0,11980000.0,1782128000.0,1600174000.0,45013000.0,324989000.0,,325909000.0,53458000.0,154410000.0,3678466000.0,73088.0,72332000.0
2016,5499321000.0,280195000.0,613832000.0,5079000.0,1793338000.0,1676227000.0,44131000.0,330590000.0,,396919000.0,49206000.0,159556000.0,3823094000.0,73088.0,64156000.0
2017,5420917000.0,296359000.0,632238000.0,8473000.0,1793416000.0,1798915000.0,47894000.0,344548000.0,,458352000.0,52432000.0,182282000.0,3622002000.0,73088.0,71030000.0
2018,5644376000.0,277685000.0,347009000.0,7860000.0,2102345000.0,1942382000.0,66492000.0,308816000.0,,548253000.0,50815000.0,162373000.0,3701994000.0,73088.0,64742000.0
2019,5910702000.0,301727000.0,334267000.0,5145000.0,2233281000.0,2039094000.0,59982000.0,328135000.0,,635246000.0,53925000.0,167405000.0,3871608000.0,73088.0,84651000.0
2020,6389449000.0,308680000.0,466423000.0,5811000.0,2315261000.0,2079095000.0,53551000.0,313445000.0,,670111000.0,61010000.0,168229000.0,4310354000.0,73088.0,66496000.0
2021,6780443000.0,437795000.0,379642000.0,2820000.0,2541478000.0,2339713000.0,51336000.0,347341000.0,,728468000.0,80614000.0,198671000.0,4440730000.0,73088.0,79990000.0
2022,7317783000.0,538824000.0,620845000.0,8489000.0,2474357000.0,2665183000.0,66743000.0,425283000.0,,771414000.0,107359000.0,244952000.0,4652600000.0,73088.0,83228000.0
2010,2662614000.0,628761000.0,167304000.0,116361000.0,698482000.0,1511701000.0,132315000.0,1232808000.0,,951660000.0,196207000.0,,,73887.0,
2011,2740363000.0,736473000.0,199205000.0,261550000.0,742870000.0,1513102000.0,14242000.0,358371000.0,,993435000.0,157825000.0,286220000.0,,73887.0,
2012,2950692000.0,675758000.0,239825000.0,215623000.0,764946000.0,1601066000.0,40380000.0,391642000.0,,1094803000.0,153969000.0,262781000.0,,73887.0,
2013,3398257000.0,721607000.0,457825000.0,204341000.0,827095000.0,1747935000.0,30318000.0,440925000.0,,1245220000.0,137463000.0,297443000.0,,73887.0,
2015,3230720000.0,637851000.0,435006000.0,104146000.0,845692000.0,1611530000.0,15077000.0,450355000.0,,1284442000.0,147169000.0,258618000.0,,73887.0,
2016,3271862000.0,593096000.0,392690000.0,104310000.0,1078173000.0,1499208000.0,-25255000.0,381719000.0,,1172273000.0,142503000.0,249317000.0,,73887.0,
2017,3113847000.0,507871000.0,416354000.0,96656000.0,1150956000.0,1289207000.0,-78040000.0,336194000.0,,991906000.0,124911000.0,206915000.0,,73887.0,
2018,3165002000.0,834399000.0,1786584000.0,380223000.0,11096000.0,1170891000.0,-100901000.0,358442000.0,,788834000.0,129614000.0,246980000.0,,73887.0,
2019,2652599000.0,565513000.0,1668851000.0,178055000.0,8223000.0,805219000.0,-75336000.0,323793000.0,,455598000.0,121308000.0,216791000.0,,73887.0,
2010,4241103000.0,594877000.0,173785000.0,253649000.0,1941583000.0,,-134243000.0,1045610000.0,67044000.0,2279822000.0,14950000.0,160993000.0,2430960000.0,75208.0,-79295000.0
2011,4034349000.0,342147000.0,140101000.0,54877000.0,2050902000.0,,-192916000.0,257746000.0,79898000.0,2040031000.0,19219000.0,168313000.0,2479104000.0,75208.0,-39929000.0
2012,4043535000.0,771427000.0,454972000.0,507342000.0,0.0,534246000.0,-480114000.0,1137134000.0,93421000.0,1024480000.0,15532000.0,179259000.0,3509289000.0,75208.0,-379233000.0
2013,3644494000.0,817313000.0,377840000.0,601927000.0,,-60247000.0,-447281000.0,273102000.0,28000.0,386250000.0,16884000.0,147964000.0,3704741000.0,75208.0,-376619000.0
2014,3436491000.0,707668000.0,109286000.0,389226000.0,1656353000.0,1286087000.0,26530000.0,216928000.0,28746000.0,-141025000.0,7987000.0,101513000.0,2150404000.0,75208.0,47476000.0
2015,3274952000.0,623931000.0,154285000.0,502836000.0,1267766000.0,1580488000.0,9267000.0,243725000.0,26644000.0,-1282000.0,3926000.0,81612000.0,1694464000.0,75208.0,61495000.0
2016,1030497000.0,238316000.0,57528000.0,191089000.0,525082000.0,254332000.0,-275475000.0,114776000.0,9765000.0,-321736000.0,,23456000.0,776165000.0,75208.0,7821000.0
2017,931887000.0,207295000.0,62531000.0,165994000.0,420776000.0,313238000.0,53645000.0,92815000.0,9125000.0,-265758000.0,,24209000.0,618649000.0,75208.0,164000.0
2018,827730000.0,112380000.0,57918000.0,80417000.0,322295000.0,329468000.0,-5176000.0,89230000.0,7489000.0,-252014000.0,,16096000.0,498262000.0,75208.0,3913000.0
2019,1175467000.0,57509000.0,161544000.0,41503000.0,336535000.0,341545000.0,8675000.0,355547000.0,25633000.0,-243339000.0,,9247000.0,833922000.0,75208.0,29852000.0
2020,1231737000.0,88676000.0,181624000.0,69697000.0,390198000.0,379811000.0,30004000.0,418692000.0,24045000.0,-213335000.0,,13123000.0,851926000.0,75208.0,58613000.0
2021,1115729000.0,108931000.0,176136000.0,83172000.0,422515000.0,338614000.0,-46252000.0,359062000.0,29203000.0,-259587000.0,,14586000.0,777115000.0,75208.0,-29100000.0
2022,1139063000.0,108346000.0,145927000.0,78732000.0,399630000.0,339685000.0,26564000.0,466800000.0,33060000.0,-233023000.0,,19698000.0,799378000.0,75208.0,63191000.0
2023,1078884000.0,114588000.0,169488000.0,76257000.0,357406000.0,354053000.0,62454000.0,451871000.0,31216000.0,-174825000.0,,17362000.0,724831000.0,75208.0,96923000.0
2009,14569000000.0,,,1912000000.0,,5103700000.0,111900000.0,,,4640500000.0,,,,75362.0,
2010,14234100000.0,,,2040800000.0,,5357800000.0,457600000.0,10292900000.0,,4846100000.0,,,,75362.0,
2011,17172700000.0,,,2106700000.0,,5364400000.0,1042300000.0,16355200000.0,,5174500000.0,,,,75362.0,
2012,18627800000.0,,,1272400000.0,,5846900000.0,1111600000.0,17050500000.0,,5596400000.0,,,,75362.0,
2013,20725500000.0,,,1750100000.0,,6634300000.0,1171300000.0,17123800000.0,,6165100000.0,,,,75362.0,
2014,20618800000.0,,,1737600000.0,,6753200000.0,1358800000.0,18997000000.0,,6863800000.0,,,,75362.0,
2015,21109800000.0,,,2016400000.0,,6940400000.0,1604000000.0,19115100000.0,,7536800000.0,,,,75362.0,
2016,20638900000.0,,,1915700000.0,,6777600000.0,288800000.0,17033300000.0,,7484900000.0,,,,75362.0,
2017,23440200000.0,,,2364700000.0,,8050500000.0,589200000.0,19456400000.0,,8369100000.0,,,,75362.0,
2018,25482400000.0,,,3435900000.0,,8592900000.0,578100000.0,23495700000.0,,9275400000.0,,,,75362.0,
2019,28361100000.0,,,,,9706100000.0,531300000.0,25599700000.0,,10398500000.0,,,,75362.0,
2020,28260000000.0,,,,,10390000000.0,405800000.0,18728500000.0,,11005200000.0,,,,75362.0,
2021,29301700000.0,,,,,11437400000.0,1852100000.0,23522300000.0,,11869200000.0,,,,75362.0,
2022,33275500000.0,,,,,13167100000.0,3011600000.0,28819700000.0,,13402400000.0,,,,75362.0,
2023,40823400000.0,,,,,15878800000.0,4600800000.0,35127400000.0,,15780300000.0,,,,75362.0,
2024,43418900000.0,,,,,17506900000.0,4162000000.0,33663800000.0,,17751000000.0,,,,75362.0,
2025,44336200000.0,,,,,19264000000.0,2375800000.0,28444800000.0,,18696100000.0,,,,75362.0,
2011,1216246000.0,367613000.0,285810000.0,97869000.0,337000000.0,544606000.0,-50451000.0,686646000.0,22594000.0,-111944000.0,29947000.0,,,76321.0,-42639000.0
2012,1255733000.0,353034000.0,151866000.0,87886000.0,469205000.0,591404000.0,-20098000.0,157187000.0,33542000.0,-74631000.0,28860000.0,,,76321.0,-8317000.0
2013,1534756000.0,519283000.0,207152000.0,148689000.0,628781000.0,631696000.0,10172000.0,243321000.0,47820000.0,-47616000.0,41781000.0,,,76321.0,28516000.0
2014,1520659000.0,469779000.0,178665000.0,108456000.0,605000000.0,662431000.0,7753000.0,243213000.0,44265000.0,-24165000.0,47943000.0,,854445000.0,76321.0,27714000.0
2015,1376904000.0,366741000.0,136121000.0,134294000.0,585000000.0,568512000.0,-35646000.0,148748000.0,45155000.0,-119238000.0,34937000.0,,808392000.0,76321.0,-20718000.0
2016,1103551000.0,286318000.0,102921000.0,119691000.0,576326000.0,339135000.0,-48929000.0,94025000.0,45812000.0,-350052000.0,32354000.0,,764416000.0,76321.0,-30190000.0
2017,990279000.0,317836000.0,103676000.0,141549000.0,577971000.0,296121000.0,-28693000.0,116334000.0,44226000.0,-468753000.0,31415000.0,,694158000.0,76321.0,-14221000.0
2018,828414000.0,266904000.0,88448000.0,48602000.0,0.0,126916000.0,-43073000.0,480821000.0,42565000.0,-634450000.0,36245000.0,,100502000.0,76321.0,-31661000.0
2019,682848000.0,320534000.0,118116000.0,104951000.0,177937000.0,353901000.0,-2121000.0,472395000.0,20902000.0,6509000.0,23267000.0,,328947000.0,76321.0,5459000.0
2009,212949000000.0,61670000000.0,37225000000.0,1978000000.0,43193000000.0,90014000000.0,8635000000.0,,,40426000000.0,12403000000.0,14645000000.0,122503000000.0,78003.0,
2010,195014000000.0,60468000000.0,28609000000.0,1735000000.0,38410000000.0,87813000000.0,8257000000.0,,1799000000.0,42716000000.0,8405000000.0,14612000000.0,106749000000.0,78003.0,
2011,188002000000.0,57728000000.0,28069000000.0,3539000000.0,34931000000.0,82190000000.0,10009000000.0,,1681000000.0,46210000000.0,7769000000.0,13608000000.0,105381000000.0,78003.0,
2012,185798000000.0,61415000000.0,28619000000.0,10389000000.0,31036000000.0,81260000000.0,14570000000.0,,1524000000.0,54240000000.0,7063000000.0,12378000000.0,104120000000.0,78003.0,
2013,172101000000.0,56244000000.0,23366000000.0,2183000000.0,30462000000.0,76307000000.0,22003000000.0,,1414000000.0,69732000000.0,6166000000.0,9357000000.0,95481000000.0,78003.0,
2014,169274000000.0,57702000000.0,21631000000.0,3343000000.0,31541000000.0,71301000000.0,9135000000.0,,1360000000.0,72176000000.0,5663000000.0,8669000000.0,97652000000.0,78003.0,
2015,167460000000.0,43804000000.0,29399000000.0,3641000000.0,28818000000.0,64720000000.0,6960000000.0,,1199000000.0,71993000000.0,7513000000.0,8176000000.0,102463000000.0,78003.0,
2016,171615000000.0,38949000000.0,31115000000.0,2595000000.0,31398000000.0,59544000000.0,7215000000.0,,1186000000.0,71774000000.0,6783000000.0,8225000000.0,111776000000.0,78003.0,
2017,171797000000.0,41141000000.0,30427000000.0,1342000000.0,33538000000.0,71308000000.0,21308000000.0,,1270000000.0,85291000000.0,7578000000.0,8221000000.0,100141000000.0,78003.0,
2018,159422000000.0,49926000000.0,31858000000.0,1139000000.0,32909000000.0,63407000000.0,11153000000.0,,1316000000.0,89554000000.0,7508000000.0,8025000000.0,95664000000.0,78003.0,
2019,167489000000.0,32803000000.0,37304000000.0,1305000000.0,35955000000.0,63143000000.0,16273000000.0,,1574000000.0,97670000000.0,8283000000.0,8724000000.0,104042000000.0,78003.0,
2020,154229000000.0,35067000000.0,25920000000.0,1784000000.0,37133000000.0,63238000000.0,9616000000.0,,1449000000.0,96770000000.0,8046000000.0,7930000000.0,90756000000.0,78003.0,
2021,181476000000.0,59693000000.0,42671000000.0,1944000000.0,36195000000.0,77201000000.0,21979000000.0,,1291000000.0,103394000000.0,9059000000.0,11479000000.0,104013000000.0,78003.0,
2022,197205000000.0,51259000000.0,42138000000.0,416000000.0,32884000000.0,95661000000.0,31372000000.0,100330000000.0,1238000000.0,125656000000.0,8981000000.0,10952000000.0,101288000000.0,78003.0,
2023,226501000000.0,43333000000.0,47794000000.0,2853000000.0,61538000000.0,89014000000.0,2119000000.0,58496000000.0,2209000000.0,118353000000.0,10189000000.0,11177000000.0,137213000000.0,78003.0,
2024,213396000000.0,50358000000.0,42995000000.0,1043000000.0,57405000000.0,88203000000.0,8031000000.0,63627000000.0,3091000000.0,116725000000.0,10851000000.0,11463000000.0,124899000000.0,78003.0,
2025,208160000000.0,42898000000.0,36984000000.0,1142000000.0,61641000000.0,86476000000.0,7771000000.0,62579000000.0,2671000000.0,114610000000.0,10654000000.0,11874000000.0,121385000000.0,78003.0,
2009,14240000000.0,5981000000.0,3577000000.0,1057000000.0,3074000000.0,3753000000.0,336000000.0,,193000000.0,8139000000.0,1548000000.0,,10318000000.0,79879.0,
2010,14975000000.0,7058000000.0,3625000000.0,1341000000.0,4043000000.0,3638000000.0,205000000.0,,189000000.0,8548000000.0,1573000000.0,2447000000.0,11142000000.0,79879.0,
2011,14382000000.0,6694000000.0,3702000000.0,1457000000.0,3574000000.0,3249000000.0,216000000.0,14885000000.0,210000000.0,9288000000.0,1607000000.0,2512000000.0,10936000000.0,79879.0,2027000000.0
2012,15878000000.0,7715000000.0,4461000000.0,1306000000.0,3368000000.0,4063000000.0,227000000.0,15200000000.0,210000000.0,9871000000.0,1687000000.0,2568000000.0,11556000000.0,79879.0,2262000000.0
2013,15863000000.0,7214000000.0,4135000000.0,1116000000.0,3372000000.0,4932000000.0,254000000.0,15108000000.0,196000000.0,12757000000.0,1824000000.0,2449000000.0,10665000000.0,79879.0,2190000000.0
2014,17583000000.0,6850000000.0,4876000000.0,686000000.0,3544000000.0,5180000000.0,83000000.0,,187000000.0,14498000000.0,1825000000.0,2366000000.0,12318000000.0,79879.0,2237000000.0
2015,17076000000.0,6554000000.0,4656000000.0,1311000000.0,4042000000.0,4983000000.0,314000000.0,,126000000.0,15521000000.0,1705000000.0,2413000000.0,12007000000.0,79879.0,2424000000.0
2016,15769000000.0,6452000000.0,4240000000.0,1820000000.0,3787000000.0,4826000000.0,344000000.0,,125000000.0,15984000000.0,1546000000.0,2324000000.0,10856000000.0,79879.0,2409000000.0
2017,16538000000.0,6477000000.0,3895000000.0,1436000000.0,4134000000.0,5557000000.0,151000000.0,3776000000.0,27000000.0,17140000000.0,1730000000.0,2559000000.0,10866000000.0,79879.0,2293000000.0
2018,16015000000.0,5961000000.0,4373000000.0,902000000.0,4365000000.0,4630000000.0,258000000.0,,118000000.0,18131000000.0,1783000000.0,2505000000.0,11283000000.0,79879.0,2118000000.0
2019,17708000000.0,6170000000.0,4375000000.0,1216000000.0,4539000000.0,5284000000.0,292000000.0,,132000000.0,18906000000.0,1710000000.0,2479000000.0,12305000000.0,79879.0,2271000000.0
2020,19556000000.0,6798000000.0,4831000000.0,1826000000.0,5171000000.0,5689000000.0,272000000.0,,138000000.0,19469000000.0,1735000000.0,2412000000.0,13741000000.0,79879.0,2109000000.0
2021,21351000000.0,6774000000.0,4766000000.0,1005000000.0,6572000000.0,6286000000.0,1439000000.0,,121000000.0,20372000000.0,2171000000.0,2687000000.0,14940000000.0,79879.0,2171000000.0
2022,20744000000.0,7173000000.0,4721000000.0,1099000000.0,6503000000.0,6592000000.0,1026000000.0,,167000000.0,20828000000.0,2272000000.0,2824000000.0,14035000000.0,79879.0,2042000000.0
2023,21647000000.0,7431000000.0,5054000000.0,1514000000.0,5748000000.0,7832000000.0,1270000000.0,,247000000.0,21500000000.0,2127000000.0,2881000000.0,13624000000.0,79879.0,2675000000.0
2024,19433000000.0,6557000000.0,5014000000.0,1270000000.0,4876000000.0,6785000000.0,1116000000.0,,,21994000000.0,1846000000.0,2477000000.0,12471000000.0,79879.0,
2025,22098000000.0,7959000000.0,4900000000.0,2163000000.0,6602000000.0,7941000000.0,1576000000.0,,,22942000000.0,1996000000.0,2783000000.0,14001000000.0,79879.0,
2010,7555850000.0,4411365000.0,2420323000.0,91116000.0,6034525000.0,,,,547581000.0,-7514796000.0,3158145000.0,966457000.0,9767217000.0,84129.0,
2011,7364291000.0,4504586000.0,2570319000.0,162285000.0,6141773000.0,-2586756000.0,-161250000.0,,137739000.0,-7883367000.0,3138455000.0,1013233000.0,9951047000.0,84129.0,
2012,7078719000.0,4409047000.0,2578270000.0,129452000.0,5904370000.0,-2459434000.0,123087000.0,,127408000.0,-7765262000.0,3154742000.0,929476000.0,9538153000.0,84129.0,
2013,6944871000.0,4285125000.0,2507452000.0,146406000.0,5632798000.0,-2113702000.0,55377000.0,,101992000.0,-7515848000.0,2993948000.0,949062000.0,9058573000.0,84129.0,
2015,8863252000.0,4221758000.0,2485000000.0,115899000.0,5483415000.0,57056000.0,1835032000.0,,98442000.0,-5406675000.0,2882980000.0,980904000.0,8806196000.0,84129.0,
2016,11277010000.0,4550727000.0,2996895000.0,124471000.0,6914393000.0,581428000.0,65617000.0,,103678000.0,-5241210000.0,2697104000.0,1601008000.0,10695582000.0,84129.0,
2017,11593752000.0,5065288000.0,3005248000.0,245410000.0,7263288000.0,614070000.0,-21142000.0,,115181000.0,-5237157000.0,2837211000.0,1771126000.0,10979682000.0,84129.0,
2018,8989327000.0,4735291000.0,3464065000.0,447334000.0,3340099000.0,1601010000.0,767072000.0,,50603000.0,-4282471000.0,1799539000.0,1869100000.0,7388317000.0,84129.0,
2019,7591367000.0,4101719000.0,2443135000.0,144353000.0,3454585000.0,1186690000.0,-272979000.0,,52695000.0,-4713244000.0,1871941000.0,1788712000.0,6404677000.0,84129.0,
2020,9452369000.0,3700641000.0,2766463000.0,218180000.0,3077268000.0,674527000.0,-324721000.0,5727242000.0,53429000.0,-5222194000.0,1921604000.0,1286785000.0,8777842000.0,84129.0,
2021,9335404000.0,3595174000.0,2602946000.0,160902000.0,3063087000.0,615154000.0,-18495000.0,5916856000.0,49999000.0,-5313103000.0,1864890000.0,1462441000.0,8720250000.0,84129.0,
2022,8529003000.0,3449355000.0,2933088000.0,39721000.0,2732986000.0,99033000.0,-538478000.0,24568255000.0,191601000.0,-5851581000.0,1959389000.0,1343496000.0,8429970000.0,84129.0,
2023,7527362000.0,3301047000.0,2713237000.0,157151000.0,2925258000.0,-594233000.0,-719188000.0,24091899000.0,224399000.0,-6553974000.0,1900744000.0,1149958000.0,8121595000.0,84129.0,
2010,619014000.0,151021000.0,246441000.0,20913000.0,,,,,,155463000.0,11899000.0,,321044000.0,84839.0,
2011,645650000.0,175822000.0,225851000.0,46275000.0,,323997000.0,,,,189282000.0,11125000.0,61687000.0,321653000.0,84839.0,
2012,692506000.0,205992000.0,228416000.0,65082000.0,,354956000.0,,,,220752000.0,11847000.0,68920000.0,337550000.0,84839.0,
2013,739217000.0,274442000.0,235792000.0,118216000.0,,438255000.0,,,,270397000.0,12251000.0,72849000.0,300962000.0,84839.0,
2014,808162000.0,283958000.0,252679000.0,108372000.0,,462676000.0,,,,319803000.0,14078000.0,77854000.0,345486000.0,84839.0,
2015,852431000.0,313879000.0,252986000.0,134574000.0,,524029000.0,,,,306892000.0,12801000.0,79864000.0,328402000.0,84839.0,
2016,916538000.0,290171000.0,276991000.0,142785000.0,,568545000.0,,,,343376000.0,13724000.0,88490000.0,347993000.0,84839.0,
2017,1033663000.0,262795000.0,294569000.0,107050000.0,,653924000.0,,,,400483000.0,14983000.0,97802000.0,379739000.0,84839.0,
2018,1094124000.0,286021000.0,299029000.0,115485000.0,,711908000.0,,444623000.0,,370292000.0,15788000.0,104016000.0,382216000.0,84839.0,
2019,1744376000.0,309787000.0,410035000.0,94276000.0,291500000.0,815750000.0,,505985000.0,,420015000.0,19476000.0,122766000.0,928626000.0,84839.0,
2020,1845900000.0,314777000.0,472511000.0,98477000.0,203000000.0,941360000.0,,2161220000.0,,358888000.0,30843000.0,126337000.0,904540000.0,84839.0,
2021,1980870000.0,352380000.0,491162000.0,105301000.0,,1082048000.0,350687000.0,,,500919000.0,28926000.0,139579000.0,898822000.0,84839.0,439989000.0
2022,2122028000.0,348619000.0,493784000.0,95346000.0,,1267197000.0,368599000.0,,,687069000.0,29745000.0,155759000.0,854831000.0,84839.0,493388000.0
2023,2595460000.0,406639000.0,576689000.0,103825000.0,,1155567000.0,434957000.0,,,566402000.0,33383000.0,178214000.0,1439893000.0,84839.0,583226000.0
2024,2819695000.0,442623000.0,645162000.0,89630000.0,,1330593000.0,466379000.0,,,734650000.0,39531000.0,196081000.0,1489102000.0,84839.0,657224000.0
2025,3140523000.0,472682000.0,785525000.0,100004000.0,486147000.0,1374321000.0,526705000.0,,,738915000.0,42982000.0,202518000.0,1766202000.0,84839.0,726068000.0
2010,15139400000.0,4815600000.0,2742200000.0,1745400000.0,3018100000.0,7017000000.0,198200000.0,,110000000.0,2301800000.0,1272000000.0,,,93556.0,
2011,15949000000.0,4322700000.0,3268500000.0,906900000.0,2925800000.0,7003600000.0,674600000.0,,140300000.0,2707300000.0,1438600000.0,,,93556.0,1486900000.0
2012,15844000000.0,4098300000.0,3073400000.0,716000000.0,3526500000.0,6667100000.0,883800000.0,,144200000.0,3299500000.0,1316600000.0,,,93556.0,1436500000.0
2013,16535100000.0,3968700000.0,3221000000.0,496200000.0,3799400000.0,6799200000.0,56100000.0,,160400000.0,3484900000.0,1485200000.0,,,93556.0,1472200000.0
2014,15849100000.0,3948800000.0,2832000000.0,496600000.0,3839800000.0,6429100000.0,145800000.0,,177200000.0,3926300000.0,1562700000.0,,,93556.0,1684200000.0
2015,15172300000.0,3662100000.0,2802600000.0,465400000.0,3836600000.0,5811600000.0,265500000.0,,180400000.0,4491700000.0,1526400000.0,,,93556.0,1749600000.0
2016,15634900000.0,4788500000.0,2807500000.0,1131800000.0,3815300000.0,6367000000.0,965300000.0,,194500000.0,5127300000.0,1478000000.0,,,93556.0,1840500000.0
2017,19408000000.0,4569400000.0,4001600000.0,288700000.0,3819800000.0,7836200000.0,-106800000.0,3634700000.0,277900000.0,6219000000.0,2373500000.0,,,93556.0,1882200000.0
2019,20596600000.0,4456600000.0,4405700000.0,297700000.0,3176400000.0,9136300000.0,199100000.0,3714200000.0,284300000.0,6772800000.0,2255000000.0,,,93556.0,1994000000.0
2020,23566300000.0,6036000000.0,4558300000.0,1381000000.0,4245400000.0,11059600000.0,1233800000.0,4407600000.0,223100000.0,7542200000.0,2737400000.0,,,93556.0,2176000000.0
2021,28180000000.0,8526400000.0,8767400000.0,142300000.0,4353600000.0,11590500000.0,1689200000.0,4068300000.0,185400000.0,8742400000.0,5446800000.0,,,93556.0,
2022,24963300000.0,7974700000.0,6569200000.0,395600000.0,5352900000.0,9712100000.0,1062500000.0,3986800000.0,338500000.0,9333300000.0,5861100000.0,,,93556.0,
2023,23663800000.0,7017300000.0,5883200000.0,449400000.0,6101000000.0,9056100000.0,-310500000.0,15781100000.0,559400000.0,8540200000.0,4738600000.0,,,93556.0,
2024,21848900000.0,6377700000.0,4916900000.0,290500000.0,5602600000.0,8719900000.0,294300000.0,15365700000.0,498600000.0,8343300000.0,4536400000.0,,,93556.0,
2025,21243700000.0,5979000000.0,5245700000.0,280100000.0,4703300000.0,9054600000.0,401900000.0,15130400000.0,516300000.0,8244600000.0,4157100000.0,,,93556.0,
2009,5713800000.0,3914600000.0,1554700000.0,,1892700000.0,1650200000.0,-398400000.0,,119400000.0,958200000.0,1418500000.0,610000000.0,4039400000.0,97216.0,-459900000.0
2010,5516400000.0,3968900000.0,1674200000.0,,1339500000.0,2083200000.0,358500000.0,,145400000.0,1316700000.0,1448700000.0,782500000.0,3405000000.0,97216.0,-73800000.0
2011,7050700000.0,4013500000.0,1891700000.0,774100000.0,2223400000.0,1906400000.0,45200000.0,6504600000.0,134900000.0,1361900000.0,1758100000.0,1178100000.0,4866200000.0,97216.0,81200000.0
2012,6746200000.0,3797400000.0,1708800000.0,678000000.0,,2007700000.0,105800000.0,7348400000.0,164600000.0,1467700000.0,1715600000.0,1077700000.0,4468000000.0,97216.0,398600000.0
2013,5928000000.0,3356200000.0,1643100000.0,478200000.0,,2005900000.0,319000000.0,7308900000.0,119100000.0,1984900000.0,1460900000.0,1086400000.0,3888900000.0,97216.0,423100000.0
2015,5637100000.0,3144200000.0,1458600000.0,466500000.0,,1877400000.0,145900000.0,6543100000.0,104600000.0,2104600000.0,1445700000.0,939200000.0,3725100000.0,97216.0,355200000.0
2016,5006800000.0,2700500000.0,1407000000.0,428500000.0,,1484700000.0,-176100000.0,4443100000.0,102000000.0,1897900000.0,853800000.0,512500000.0,3485600000.0,97216.0,-147800000.0
2017,3462500000.0,2383000000.0,1035500000.0,626500000.0,,1222000000.0,128700000.0,4363400000.0,67500000.0,1995900000.0,969600000.0,579900000.0,2240000000.0,97216.0,173600000.0
2018,3485900000.0,2423000000.0,1214700000.0,368000000.0,,860500000.0,113700000.0,5125000000.0,73100000.0,749000000.0,1212000000.0,659900000.0,2624900000.0,97216.0,293300000.0
2019,3195600000.0,2019700000.0,872400000.0,535100000.0,,932300000.0,54400000.0,4353100000.0,87900000.0,771400000.0,847700000.0,401900000.0,2263300000.0,97216.0,335000000.0
2020,3031800000.0,1878600000.0,723300000.0,665000000.0,,,-10600000.0,3076400000.0,65900000.0,750300000.0,610400000.0,381200000.0,2110300000.0,97216.0,68400000.0
2021,2863500000.0,1767800000.0,909900000.0,266900000.0,,,220900000.0,3886800000.0,51500000.0,936900000.0,813500000.0,507700000.0,1753900000.0,97216.0,328000000.0
2022,3118100000.0,1962000000.0,998600000.0,304100000.0,,,300000000.0,4417700000.0,49100000.0,1200600000.0,988400000.0,547500000.0,1936900000.0,97216.0,420000000.0
2023,3615500000.0,2245200000.0,1119200000.0,370700000.0,,,518000000.0,5151500000.0,63300000.0,1674800000.0,1186000000.0,547800000.0,1943200000.0,97216.0,636500000.0
2024,5730000000.0,2320000000.0,1073000000.0,388000000.0,,,335000000.0,5127000000.0,89000000.0,1964000000.0,1147000000.0,643000000.0,3898000000.0,97216.0,526000000.0
2025,6139000000.0,2725000000.0,1187000000.0,772000000.0,,,221000000.0,5421000000.0,177000000.0,2139000000.0,1109000000.0,712000000.0,4044000000.0,97216.0,475000000.0
2010,2632393000.0,957095000.0,343665000.0,455198000.0,,1466782000.0,145640000.0,2004366000.0,,1520845000.0,220250000.0,230203000.0,,97854.0,220763000.0
2011,2823721000.0,1143933000.0,346887000.0,552256000.0,,1602287000.0,190153000.0,2297531000.0,,1710998000.0,236409000.0,284855000.0,,97854.0,289794000.0
2010,3748116000.0,579147000.0,183589000.0,245720000.0,700000000.0,2513944000.0,105616000.0,1055388000.0,10769000.0,2436736000.0,,272467000.0,,98222.0,139336000.0
2011,4061618000.0,694100000.0,238929000.0,320710000.0,950000000.0,2526357000.0,33642000.0,289395000.0,22308000.0,2437836000.0,,309468000.0,,98222.0,46383000.0
2012,4168055000.0,508090000.0,266629000.0,40569000.0,1000000000.0,2561756000.0,46591000.0,328333000.0,29745000.0,2453973000.0,,393438000.0,,98222.0,58574000.0
2013,4885829000.0,820209000.0,401681000.0,60359000.0,1505358000.0,2679384000.0,43417000.0,367833000.0,43814000.0,2544255000.0,,252421000.0,,98222.0,61063000.0
2014,4756162000.0,868815000.0,482234000.0,78568000.0,1524295000.0,2474488000.0,-9076000.0,324762000.0,50029000.0,2330223000.0,,303096000.0,,98222.0,25672000.0
2015,4990547000.0,1323314000.0,2459128000.0,678438000.0,1524295000.0,2299520000.0,-81787000.0,184174000.0,53752000.0,2135075000.0,,228113000.0,,98222.0,-56569000.0
2016,4190699000.0,1141287000.0,2328713000.0,706404000.0,,1634918000.0,-94855000.0,160749000.0,,1475329000.0,,123262000.0,,98222.0,-69340000.0
2018,1827739000.0,683302000.0,158355000.0,371791000.0,430436000.0,1143836000.0,-90509000.0,110234000.0,,-210783000.0,,111266000.0,,98222.0,-70077000.0
2019,1579528000.0,537296000.0,185677000.0,218290000.0,279044000.0,1014799000.0,-59853000.0,118776000.0,,-352526000.0,,,,98222.0,-50039000.0
2020,1251177000.0,388649000.0,183179000.0,149933000.0,164934000.0,822115000.0,-196242000.0,,,-548931000.0,,,,98222.0,-186802000.0
2021,1095780000.0,342672000.0,157942000.0,149037000.0,167885000.0,701303000.0,-128969000.0,,,-677900000.0,,,,98222.0,-95016000.0
2022,1297656000.0,377908000.0,194787000.0,164192000.0,169036000.0,865968000.0,-21749000.0,,,-699649000.0,,,,98222.0,26708000.0
2023,2062774000.0,591135000.0,328731000.0,274437000.0,631361000.0,1039239000.0,97185000.0,,,-637838000.0,,,,98222.0,182215000.0
2024,2074904000.0,698662000.0,331613000.0,324918000.0,571710000.0,1114111000.0,180656000.0,,,-548831000.0,,,,98222.0,311348000.0
2025,2386911000.0,914135000.0,315237000.0,578761000.0,649048000.0,1365388000.0,334661000.0,,,-305157000.0,,,,98222.0,282596000.0
2011,1523469000.0,,,82883000.0,22300000.0,117969000.0,7089000.0,,12506000.0,84240000.0,,,1397255000.0,99771.0,
2013,1550020000.0,,,291198000.0,,88710000.0,-1673000.0,,2083000.0,54958000.0,,,1457944000.0,99771.0,
2014,1446206000.0,,,247398000.0,,81003000.0,-5992000.0,,7356000.0,47084000.0,,,1363184000.0,99771.0,
2015,1398985000.0,,,188875000.0,,76300000.0,1914000.0,,5876000.0,44232000.0,,,1319995000.0,99771.0,
2016,1425626000.0,,,119335000.0,,134107000.0,16113000.0,,5367000.0,55391000.0,,,1288327000.0,99771.0,
2017,1287533000.0,,,35434000.0,,99585000.0,-5790000.0,,4429000.0,54587000.0,,,1181987000.0,99771.0,
2010,39598000000.0,12045000000.0,12645000000.0,8069000000.0,11434000000.0,1727000000.0,253000000.0,23229000000.0,798000000.0,-5703000000.0,,1613000000.0,,100517.0,976000000.0
2011,37988000000.0,10997000000.0,11394000000.0,6246000000.0,10496000000.0,1806000000.0,-138000000.0,8928000000.0,949000000.0,-4863000000.0,,1358000000.0,,100517.0,45000000.0
2012,37628000000.0,10049000000.0,12818000000.0,4770000000.0,10440000000.0,481000000.0,-620000000.0,8702000000.0,835000000.0,-5586000000.0,,1338000000.0,,100517.0,-465000000.0
2013,36812000000.0,8702000000.0,12107000000.0,3220000000.0,10171000000.0,2984000000.0,140000000.0,9329000000.0,783000000.0,-5015000000.0,,1503000000.0,,100517.0,235000000.0
2014,37353000000.0,8138000000.0,12508000000.0,2002000000.0,10121000000.0,2396000000.0,28000000.0,9313000000.0,735000000.0,-3883000000.0,,1146000000.0,,100517.0,625000000.0
2015,40861000000.0,7828000000.0,12414000000.0,3006000000.0,9673000000.0,8966000000.0,823000000.0,9036000000.0,669000000.0,3457000000.0,7000000.0,1128000000.0,,100517.0,1081000000.0
2016,40140000000.0,7309000000.0,12286000000.0,2179000000.0,9918000000.0,8659000000.0,397000000.0,9052000000.0,614000000.0,3427000000.0,7000000.0,1176000000.0,,100517.0,1005000000.0
2017,42326000000.0,7113000000.0,12676000000.0,1482000000.0,11703000000.0,8806000000.0,580000000.0,9438000000.0,643000000.0,4621000000.0,7000000.0,1340000000.0,,100517.0,729000000.0
2018,44792000000.0,7194000000.0,13212000000.0,1694000000.0,12215000000.0,9995000000.0,462000000.0,,729000000.0,6668000000.0,,1346000000.0,,100517.0,652000000.0
2019,52611000000.0,8194000000.0,14938000000.0,2762000000.0,13145000000.0,11531000000.0,641000000.0,,670000000.0,9716000000.0,,1364000000.0,,100517.0,861000000.0
2020,59548000000.0,14800000000.0,12725000000.0,11269000000.0,24836000000.0,5960000000.0,-1897000000.0,,,2626000000.0,,1295000000.0,,100517.0,-2135000000.0
2021,68175000000.0,21834000000.0,18304000000.0,18283000000.0,30361000000.0,5029000000.0,-1964000000.0,,,625000000.0,,1663000000.0,,100517.0,-1022000000.0
2022,67358000000.0,20058000000.0,19992000000.0,7166000000.0,28283000000.0,6896000000.0,737000000.0,,,1265000000.0,,1801000000.0,,100517.0,2337000000.0
2023,71104000000.0,18487000000.0,22203000000.0,6058000000.0,25057000000.0,9324000000.0,2618000000.0,,,3831000000.0,,1898000000.0,,100517.0,4211000000.0
2024,74083000000.0,18883000000.0,23314000000.0,8769000000.0,21680000000.0,12675000000.0,3149000000.0,,,6880000000.0,,2163000000.0,,100517.0,5096000000.0
2025,76448000000.0,16857000000.0,26133000000.0,5942000000.0,17170000000.0,15282000000.0,3353000000.0,,,10092000000.0,,2391000000.0,,100517.0,4713000000.0
2011,1937959000.0,704673000.0,383325000.0,45261000.0,555705000.0,800070000.0,56836000.0,,51586000.0,-19079000.0,238279000.0,266555000.0,1137889000.0,101063.0,33740000.0
2012,1697762000.0,680476000.0,480332000.0,51026000.0,540517000.0,370402000.0,-332629000.0,,45299000.0,-424096000.0,220041000.0,285151000.0,1327360000.0,101063.0,-204893000.0
2013,1659138000.0,629195000.0,408578000.0,54017000.0,,374438000.0,-31478000.0,,61144000.0,-439911000.0,210564000.0,252068000.0,1284700000.0,101063.0,-17022000.0
2014,1612038000.0,583064000.0,378944000.0,48160000.0,,323334000.0,-37813000.0,,61896000.0,-502447000.0,197307000.0,217420000.0,1288704000.0,101063.0,-8479000.0
2009,55762000000.0,23194000000.0,17913000000.0,,,20066000000.0,3829000000.0,52920000000.0,705000000.0,27396000000.0,,8469000000.0,34374000000.0,101829.0,6465000000.0
2010,58493000000.0,23510000000.0,17732000000.0,,10173000000.0,21385000000.0,1199000000.0,,,30191000000.0,7766000000.0,8925000000.0,35844000000.0,101829.0,7186000000.0
2011,61452000000.0,25758000000.0,18616000000.0,,9630000000.0,21880000000.0,1325000000.0,,,33487000000.0,7797000000.0,9546000000.0,38274000000.0,101829.0,8099000000.0
2012,89409000000.0,29610000000.0,23786000000.0,,,25914000000.0,2057000000.0,,,36776000000.0,9537000000.0,11099000000.0,62102000000.0,101829.0,7684000000.0
2013,90594000000.0,29442000000.0,22800000000.0,,19853000000.0,31866000000.0,1463000000.0,,,40539000000.0,10330000000.0,11458000000.0,57264000000.0,101829.0,9209000000.0
2014,91289000000.0,29758000000.0,22895000000.0,,19668000000.0,31213000000.0,1473000000.0,,,44611000000.0,9865000000.0,11317000000.0,58585000000.0,101829.0,9769000000.0
2015,87484000000.0,26706000000.0,22618000000.0,7075000000.0,19499000000.0,27358000000.0,3278000000.0,,,49956000000.0,8135000000.0,10653000000.0,58518000000.0,101829.0,7291000000.0
2016,89706000000.0,28550000000.0,21906000000.0,7157000000.0,23300000000.0,27579000000.0,1013000000.0,,1039000000.0,52873000000.0,8704000000.0,11481000000.0,60241000000.0,101829.0,8172000000.0
2017,96920000000.0,32858000000.0,24391000000.0,8985000000.0,27093000000.0,29610000000.0,397000000.0,,909000000.0,55242000000.0,9881000000.0,12595000000.0,65368000000.0,101829.0,8672000000.0
2018,134211000000.0,35503000000.0,31368000000.0,6152000000.0,44068000000.0,38446000000.0,686000000.0,18044000000.0,1038000000.0,57823000000.0,10083000000.0,14271000000.0,93492000000.0,101829.0,8553000000.0
2019,139716000000.0,37497000000.0,34586000000.0,7378000000.0,41284000000.0,41774000000.0,1143000000.0,19551000000.0,1611000000.0,61594000000.0,10950000000.0,13524000000.0,93492000000.0,101829.0,8966000000.0
2020,162153000000.0,43376000000.0,35848000000.0,8802000000.0,31576000000.0,72163000000.0,135000000.0,16419000000.0,1366000000.0,49423000000.0,9411000000.0,9254000000.0,88269000000.0,101829.0,-1889000000.0
2021,161404000000.0,42050000000.0,35449000000.0,7832000000.0,31351000000.0,73068000000.0,3864000000.0,64388000000.0,1322000000.0,50265000000.0,9178000000.0,9661000000.0,86705000000.0,101829.0,4958000000.0
2022,158864000000.0,42443000000.0,39114000000.0,6220000000.0,31289000000.0,72632000000.0,5197000000.0,67074000000.0,1276000000.0,52269000000.0,10617000000.0,9108000000.0,84650000000.0,101829.0,5414000000.0
2023,161869000000.0,48417000000.0,46761000000.0,6587000000.0,43638000000.0,59798000000.0,3195000000.0,68920000000.0,1505000000.0,52154000000.0,11777000000.0,10838000000.0,100424000000.0,101829.0,3561000000.0
2024,162861000000.0,51133000000.0,51499000000.0,5578000000.0,41078000000.0,60156000000.0,4774000000.0,80738000000.0,1862000000.0,53589000000.0,12768000000.0,10976000000.0,100903000000.0,101829.0,6538000000.0
2025,171079000000.0,60332000000.0,58784000000.0,7435000000.0,,65245000000.0,6732000000.0,,,56718000000.0,13364000000.0,14701000000.0,103941000000.0,101829.0,9300000000.0
2010,2227867000.0,1578234000.0,512351000.0,141007000.0,320193000.0,1185606000.0,156565000.0,,23058000.0,825751000.0,,335575000.0,1028462000.0,102037.0,254600000.0
2011,2266919000.0,1690629000.0,392708000.0,261699000.0,392500000.0,1183451000.0,25755000.0,,22835000.0,854654000.0,,390790000.0,1060929000.0,102037.0,180304000.0
2012,2306155000.0,1745973000.0,622597000.0,367864000.0,181250000.0,1258571000.0,26102000.0,,22013000.0,918509000.0,,401747000.0,1018498000.0,102037.0,223009000.0
2013,2270907000.0,1673247000.0,454977000.0,163532000.0,240000000.0,1378230000.0,26671000.0,,20307000.0,993093000.0,,468015000.0,860015000.0,102037.0,246151000.0
2015,2198473000.0,1634610000.0,270913000.0,248783000.0,370000000.0,1362725000.0,45827000.0,,17120000.0,1020155000.0,,434362000.0,801379000.0,102037.0,167874000.0
2016,2232797000.0,1638546000.0,246270000.0,319447000.0,370000000.0,1414222000.0,47964000.0,,15669000.0,1066064000.0,,428659000.0,779735000.0,102037.0,181647000.0
2017,2123405000.0,1561399000.0,267996000.0,283993000.0,368733000.0,1286489000.0,32869000.0,,16284000.0,1034841000.0,,439288000.0,796827000.0,102037.0,178351000.0
2018,2168632000.0,1589043000.0,267720000.0,234128000.0,369086000.0,1342429000.0,30518000.0,,15621000.0,1080934000.0,,377119000.0,783330000.0,102037.0,171487000.0
2019,2133184000.0,1588145000.0,253748000.0,297556000.0,368503000.0,1337087000.0,31361000.0,2213126000.0,17510000.0,1106178000.0,,368110000.0,753306000.0,102037.0,161169000.0
2020,2120921000.0,1479617000.0,267399000.0,107430000.0,368764000.0,1246665000.0,15565000.0,1891877000.0,19854000.0,1076760000.0,,340711000.0,831637000.0,102037.0,126367000.0
2021,2341924000.0,1555358000.0,293157000.0,197221000.0,518172000.0,1307299000.0,87410000.0,1965463000.0,24954000.0,1087663000.0,,367482000.0,993499000.0,102037.0,147810000.0
2022,2586345000.0,1748011000.0,518724000.0,81648000.0,518547000.0,1340543000.0,86577000.0,2091150000.0,27747000.0,1094192000.0,,385437000.0,1201576000.0,102037.0,160315000.0
2023,2639182000.0,1802890000.0,441987000.0,64690000.0,616809000.0,1397088000.0,124052000.0,2549818000.0,49300000.0,1136898000.0,,402073000.0,1202230000.0,102037.0,181072000.0
2024,2937239000.0,2102541000.0,711358000.0,55593000.0,617364000.0,1437207000.0,119598000.0,2721644000.0,66273000.0,1173196000.0,,525262000.0,1458316000.0,102037.0,222009000.0
2025,2989552000.0,2156097000.0,750161000.0,260115000.0,617918000.0,1458556000.0,95047000.0,2922924000.0,79636000.0,1186981000.0,,625876000.0,1489014000.0,102037.0,232797000.0
2026,2766767000.0,1971697000.0,564241000.0,62178000.0,616727000.0,1415400000.0,32637000.0,2885078000.0,74040000.0,1136989000.0,,563864000.0,1305643000.0,102037.0,168451000.0
2012,557572000.0,469396000.0,378961000.0,26483000.0,9033000.0,143117000.0,-2012000.0,,726000.0,113795000.0,,334947000.0,414455000.0,103872.0,-499000.0
2013,500312000.0,410414000.0,355741000.0,11114000.0,8127000.0,110241000.0,1620000.0,,1062000.0,83007000.0,,293305000.0,390071000.0,103872.0,2798000.0
2014,424332000.0,358428000.0,305292000.0,9105000.0,7216000.0,91394000.0,2061000.0,,795000.0,64119000.0,,248101000.0,332938000.0,103872.0,6064000.0
2015,326826000.0,279941000.0,135807000.0,10188000.0,106313000.0,64491000.0,-244000.0,,811000.0,38034000.0,,198385000.0,262335000.0,103872.0,1710000.0
2016,316465000.0,260565000.0,126479000.0,6386000.0,95000000.0,48965000.0,2787000.0,341578000.0,830000.0,21000000.0,,193866000.0,267500000.0,103872.0,4746000.0
2017,284809000.0,244837000.0,162956000.0,37077000.0,0.0,83994000.0,38081000.0,288483000.0,1025000.0,45843000.0,,173818000.0,200815000.0,103872.0,43851000.0
2018,236696000.0,204496000.0,100325000.0,24763000.0,49068000.0,50499000.0,-32685000.0,264805000.0,681000.0,9738000.0,,157445000.0,186197000.0,103872.0,-2116000.0
2019,218004000.0,184668000.0,95316000.0,28672000.0,53894000.0,36189000.0,-749000.0,,789000.0,-10917000.0,,135950000.0,181815000.0,103872.0,933000.0
2020,241845000.0,188260000.0,86504000.0,38550000.0,59154000.0,27874000.0,-12517000.0,,439000.0,-29793000.0,,121916000.0,213971000.0,103872.0,-11462000.0
2021,260104000.0,213542000.0,114314000.0,71373000.0,59307000.0,31093000.0,1326000.0,,423000.0,-32208000.0,,127211000.0,229011000.0,103872.0,2327000.0
2009,170706000000.0,48331000000.0,55561000000.0,7907000000.0,33231000000.0,70749000000.0,14335000000.0,408214000000.0,,66638000000.0,33160000000.0,4144000000.0,,104169.0,23950000000.0
2010,180663000000.0,51893000000.0,58484000000.0,7395000000.0,40692000000.0,68542000000.0,6056000000.0,421849000000.0,,63967000000.0,36318000000.0,5089000000.0,,104169.0,25542000000.0
2011,193406000000.0,54975000000.0,62300000000.0,6600000000.0,44070000000.0,71315000000.0,5163000000.0,446950000000.0,,68691000000.0,40714000000.0,5937000000.0,,104169.0,26558000000.0
2012,203105000000.0,59940000000.0,71818000000.0,7781000000.0,38394000000.0,76343000000.0,5606000000.0,127919000000.0,,72978000000.0,43803000000.0,6768000000.0,,104169.0,27801000000.0
2013,204751000000.0,61185000000.0,69345000000.0,7281000000.0,41771000000.0,76255000000.0,4431000000.0,129706000000.0,,76566000000.0,44858000000.0,6677000000.0,,104169.0,26872000000.0
2015,203706000000.0,63278000000.0,65272000000.0,9135000000.0,41086000000.0,81394000000.0,4966000000.0,131565000000.0,,85777000000.0,45141000000.0,6778000000.0,,104169.0,27147000000.0
2016,199581000000.0,60239000000.0,64619000000.0,8705000000.0,38214000000.0,80546000000.0,4574000000.0,129667000000.0,,90021000000.0,44469000000.0,5624000000.0,,104169.0,24105000000.0
2017,198825000000.0,57689000000.0,66928000000.0,6867000000.0,36015000000.0,77798000000.0,3757000000.0,130936000000.0,,89354000000.0,43046000000.0,5835000000.0,,104169.0,22764000000.0
2018,204522000000.0,59664000000.0,78521000000.0,6756000000.0,30045000000.0,77869000000.0,2175000000.0,136267000000.0,,85107000000.0,43783000000.0,5614000000.0,,104169.0,20437000000.0
2019,219295000000.0,61897000000.0,77477000000.0,7722000000.0,43520000000.0,72496000000.0,3687000000.0,138793000000.0,,80785000000.0,44269000000.0,6283000000.0,,104169.0,21957000000.0
2020,236495000000.0,61806000000.0,77790000000.0,9465000000.0,43714000000.0,74669000000.0,4141000000.0,141671000000.0,,83943000000.0,44435000000.0,6284000000.0,,104169.0,20568000000.0
2021,252496000000.0,90067000000.0,92645000000.0,17741000000.0,41194000000.0,80925000000.0,13510000000.0,559151000000.0,,88763000000.0,44949000000.0,6516000000.0,,104169.0,22548000000.0
2022,244860000000.0,81070000000.0,87379000000.0,14760000000.0,34864000000.0,83253000000.0,13673000000.0,572754000000.0,,86904000000.0,56511000000.0,8280000000.0,,104169.0,25942000000.0
2023,243197000000.0,75655000000.0,92198000000.0,8625000000.0,34649000000.0,76693000000.0,11680000000.0,611289000000.0,,83135000000.0,56576000000.0,7933000000.0,,104169.0,20428000000.0
2024,252399000000.0,76877000000.0,92415000000.0,9867000000.0,36132000000.0,83861000000.0,15511000000.0,648125000000.0,,89814000000.0,54892000000.0,8796000000.0,,104169.0,27012000000.0
2025,260823000000.0,79458000000.0,96584000000.0,9037000000.0,33401000000.0,91013000000.0,19436000000.0,680985000000.0,,98313000000.0,56435000000.0,9975000000.0,,104169.0,29348000000.0
2026,284668000000.0,84874000000.0,107469000000.0,10727000000.0,34624000000.0,99617000000.0,21893000000.0,713163000000.0,,104774000000.0,58851000000.0,11172000000.0,,104169.0,29825000000.0
2011,735003099.0,,,10768176.0,279250000.0,418875013.0,37626000.0,148921000.0,3230000.0,355980694.0,,,316128086.0,108385.0,
2012,809324965.0,,,11625365.0,400250000.0,366396259.0,37900000.0,161844000.0,4998000.0,277024787.0,,,442928706.0,108385.0,
2013,850027561.0,,,19569683.0,505500000.0,307355321.0,38977000.0,161927000.0,5692000.0,193095944.0,,,542672240.0,108385.0,
2014,866130719.0,,,38338935.0,501150000.0,315567719.0,48515000.0,167398000.0,5673000.0,188605305.0,,,550563000.0,108385.0,
2015,806218863.0,,,12377024.0,374685000.0,391901581.0,29826000.0,144143000.0,6959000.0,276000862.0,,,414317282.0,108385.0,
2016,800588775.0,,,15200410.0,295136200.0,461063577.0,31851000.0,144571000.0,5125000.0,344605347.0,,,339525198.0,108385.0,
2017,840987037.0,,,32086304.0,244900000.0,541107852.0,29143000.0,151858000.0,5052000.0,391275705.0,,,299879185.0,108385.0,
2018,854988073.0,,,9335433.0,251940000.0,552116625.0,37940000.0,156997000.0,4914000.0,353990976.0,,,302871448.0,108385.0,
2019,1030086435.0,,,11618922.0,451100000.0,411963067.0,23303000.0,163018000.0,8035000.0,184748490.0,,,618123368.0,108385.0,
2021,954269164.0,,,15746454.0,405007500.0,404927441.0,44884000.0,146280000.0,6940000.0,149336767.0,,,549341723.0,108385.0,
2022,1218296589.0,,,19236322.0,696972746.0,373024428.0,18382000.0,166329000.0,11044000.0,92117343.0,,,845272161.0,108385.0,
2023,1117318141.0,,,16508935.0,598770824.0,385226737.0,25643000.0,160837000.0,12185000.0,97154898.0,,,732091404.0,108385.0,
2024,1056351043.0,,,11839460.0,498419132.0,424427216.0,35058000.0,159265000.0,11757000.0,137994264.0,,,631923827.0,108385.0,
2025,1007627647.0,,,9730296.0,447857475.0,439480464.0,44278000.0,165272000.0,11190000.0,173053986.0,,,568147183.0,108385.0,
2026,1054120644.0,,,6071077.0,587228801.0,351005291.0,35290000.0,175907000.0,12684000.0,71562880.0,,,703115353.0,108385.0,
2009,24032000000.0,9731000000.0,4461000000.0,3799000000.0,8276000000.0,7191000000.0,516000000.0,15179000000.0,,5674000000.0,900000000.0,,16841000000.0,108772.0,
2010,30600000000.0,8639000000.0,6417000000.0,1211000000.0,7237000000.0,12006000000.0,606000000.0,21633000000.0,,6016000000.0,991000000.0,2826000000.0,18092000000.0,108772.0,
2011,30116000000.0,7912000000.0,6381000000.0,902000000.0,7088000000.0,11876000000.0,1295000000.0,22626000000.0,478000000.0,7046000000.0,1021000000.0,2600000000.0,17742000000.0,108772.0,
2012,30015000000.0,8273000000.0,5910000000.0,1246000000.0,,11521000000.0,1195000000.0,22390000000.0,428000000.0,7991000000.0,1011000000.0,2866000000.0,18002000000.0,108772.0,
2013,29036000000.0,8511000000.0,5686000000.0,1764000000.0,,12300000000.0,,21435000000.0,406000000.0,8839000000.0,998000000.0,2929000000.0,16268000000.0,108772.0,3000000.0
2014,27658000000.0,8874000000.0,6076000000.0,1411000000.0,,10634000000.0,969000000.0,19540000000.0,377000000.0,9491000000.0,934000000.0,2652000000.0,16600000000.0,108772.0,73000000.0
2015,24817000000.0,6685000000.0,5254000000.0,1368000000.0,,9074000000.0,474000000.0,18045000000.0,353000000.0,9686000000.0,942000000.0,2319000000.0,15351000000.0,108772.0,104000000.0
2016,18145000000.0,6992000000.0,4654000000.0,2223000000.0,,4803000000.0,-477000000.0,10771000000.0,309000000.0,5039000000.0,841000000.0,961000000.0,13090000000.0,108772.0,-1343000000.0
2017,15946000000.0,5230000000.0,2741000000.0,1293000000.0,,5256000000.0,195000000.0,10265000000.0,252000000.0,4856000000.0,915000000.0,1357000000.0,10439000000.0,108772.0,-9000000.0
2018,14874000000.0,4695000000.0,3251000000.0,1084000000.0,,5005000000.0,361000000.0,9830000000.0,244000000.0,5072000000.0,818000000.0,1276000000.0,9621000000.0,108772.0,
2009,94682000000.0,39541000000.0,21731000000.0,15810000000.0,8223000000.0,50588000000.0,,,451000000.0,70306000000.0,5180000000.0,9646000000.0,44094000000.0,200406.0,
2010,102908000000.0,47307000000.0,23072000000.0,19355000000.0,9156000000.0,56579000000.0,1942000000.0,,455000000.0,77773000000.0,5378000000.0,9774000000.0,46329000000.0,200406.0,
2011,113644000000.0,54316000000.0,22811000000.0,24542000000.0,12969000000.0,57080000000.0,218000000.0,,571000000.0,81251000000.0,6285000000.0,10581000000.0,56564000000.0,200406.0,13765000000.0
2012,121347000000.0,46116000000.0,24262000000.0,14911000000.0,11489000000.0,64826000000.0,2567000000.0,,532000000.0,85992000000.0,7495000000.0,11309000000.0,56521000000.0,200406.0,14955000000.0
2013,132683000000.0,56407000000.0,25675000000.0,20927000000.0,13328000000.0,74053000000.0,3519000000.0,,482000000.0,89493000000.0,7878000000.0,11713000000.0,58630000000.0,200406.0,16412000000.0
2014,131119000000.0,59311000000.0,25085000000.0,14523000000.0,15122000000.0,69752000000.0,2521000000.0,,533000000.0,97245000000.0,8184000000.0,10985000000.0,61367000000.0,200406.0,21590000000.0
2015,133411000000.0,60210000000.0,27747000000.0,13732000000.0,12857000000.0,71150000000.0,3215000000.0,,552000000.0,103879000000.0,8053000000.0,10734000000.0,62261000000.0,200406.0,
2016,141208000000.0,65032000000.0,26287000000.0,18972000000.0,22442000000.0,70418000000.0,3814000000.0,,726000000.0,110551000000.0,8144000000.0,11699000000.0,70790000000.0,200406.0,
2017,157303000000.0,43088000000.0,30537000000.0,17824000000.0,30675000000.0,60160000000.0,-10713000000.0,,934000000.0,101793000000.0,8765000000.0,13490000000.0,97143000000.0,200406.0,
2018,152954000000.0,46033000000.0,31230000000.0,18107000000.0,27684000000.0,59752000000.0,3042000000.0,20394000000.0,1005000000.0,106216000000.0,8599000000.0,14098000000.0,93202000000.0,200406.0,
2019,157728000000.0,45274000000.0,35964000000.0,17305000000.0,26494000000.0,59471000000.0,4010000000.0,20747000000.0,318000000.0,110659000000.0,9020000000.0,14481000000.0,98257000000.0,200406.0,
2020,174894000000.0,51237000000.0,42493000000.0,13985000000.0,32635000000.0,63278000000.0,14714000000.0,82584000000.0,201000000.0,113890000000.0,9344000000.0,13576000000.0,111616000000.0,200406.0,
2021,182018000000.0,60979000000.0,45226000000.0,14487000000.0,29985000000.0,74023000000.0,20878000000.0,93775000000.0,183000000.0,123060000000.0,10387000000.0,15283000000.0,107995000000.0,200406.0,
2022,187378000000.0,55294000000.0,55802000000.0,14127000000.0,26888000000.0,76804000000.0,17941000000.0,94943000000.0,276000000.0,128345000000.0,12483000000.0,16160000000.0,110574000000.0,200406.0,
2023,167558000000.0,53495000000.0,46282000000.0,21859000000.0,25881000000.0,68774000000.0,4049000000.0,21395000000.0,772000000.0,153843000000.0,11181000000.0,14873000000.0,98784000000.0,200406.0,
2024,180104000000.0,55893000000.0,50321000000.0,24105000000.0,30651000000.0,71490000000.0,14066000000.0,88821000000.0,,155791000000.0,12444000000.0,14842000000.0,108614000000.0,200406.0,
2025,199210000000.0,55624000000.0,54126000000.0,19709000000.0,39438000000.0,81544000000.0,26804000000.0,94193000000.0,,168978000000.0,14191000000.0,17178000000.0,117666000000.0,200406.0,
2009,11129100000.0,4255800000.0,2615600000.0,,,3878300000.0,,10904500000.0,99500000.0,4736800000.0,802300000.0,1796700000.0,7250800000.0,216228.0,909400000.0
2010,12438000000.0,4394000000.0,2745000000.0,,1314000000.0,4505000000.0,,10995000000.0,100000000.0,5409000000.0,856000000.0,1944000000.0,7933000000.0,216228.0,900000000.0
2011,3671000000.0,1762000000.0,834000000.0,,4000000.0,694000000.0,,2119000000.0,76000000.0,852000000.0,254000000.0,396000000.0,2977000000.0,216228.0,-247000000.0
2012,3386100000.0,1540400000.0,805300000.0,544500000.0,8500000.0,703200000.0,,2227800000.0,100000.0,898800000.0,304200000.0,440300000.0,2682900000.0,216228.0,151500000.0
2013,3740200000.0,1665500000.0,832600000.0,507300000.0,7600000.0,1201000000.0,488500000.0,2496900000.0,6300000.0,1320300000.0,315900000.0,496700000.0,2533300000.0,216228.0,183600000.0
2014,3631500000.0,1636200000.0,775400000.0,584000000.0,6000000.0,1214900000.0,488500000.0,2654600000.0,4000000.0,1445100000.0,302300000.0,500100000.0,2411200000.0,216228.0,266400000.0
2015,3723600000.0,1497700000.0,953100000.0,415700000.0,2300000.0,1362100000.0,351800000.0,2485600000.0,,1696700000.0,292700000.0,584900000.0,2358200000.0,216228.0,380100000.0
2016,3601700000.0,1401800000.0,866200000.0,460700000.0,1800000.0,1426400000.0,186100000.0,2405400000.0,,1789200000.0,295200000.0,523900000.0,2173300000.0,216228.0,258900000.0
2017,3700200000.0,1478700000.0,899400000.0,389800000.0,8200000.0,1596100000.0,113500000.0,2585300000.0,,1856100000.0,311900000.0,629600000.0,2102400000.0,216228.0,309700000.0
2018,3846800000.0,1645100000.0,872100000.0,561200000.0,8800000.0,1822400000.0,333700000.0,2745100000.0,,2110300000.0,380500000.0,540000000.0,2021900000.0,216228.0,397300000.0
2019,4107700000.0,1736800000.0,849700000.0,612100000.0,,2074900000.0,325100000.0,2846400000.0,,2372400000.0,392900000.0,578400000.0,2029900000.0,216228.0,411400000.0
2020,4277600000.0,1917300000.0,871000000.0,859800000.0,13000000.0,2126400000.0,72500000.0,2477800000.0,,2319300000.0,360500000.0,507500000.0,2149700000.0,216228.0,226500000.0
2021,3565400000.0,1722100000.0,928300000.0,647500000.0,9900000.0,2225800000.0,316300000.0,2765000000.0,,2461600000.0,430900000.0,555100000.0,1334700000.0,216228.0,504300000.0
2022,3780300000.0,1836800000.0,1185500000.0,561200000.0,7700000.0,2248100000.0,367000000.0,2987700000.0,,2509700000.0,533900000.0,628800000.0,1522900000.0,216228.0,468000000.0
2023,3932600000.0,1857700000.0,1037800000.0,489200000.0,5700000.0,2528200000.0,410500000.0,3283000000.0,,2778000000.0,575400000.0,675200000.0,1393500000.0,216228.0,528200000.0
2024,4710700000.0,1864700000.0,1333200000.0,439300000.0,232600000.0,2762600000.0,518300000.0,3630700000.0,,3099400000.0,591200000.0,703000000.0,1941100000.0,216228.0,676000000.0
2025,6310400000.0,3354300000.0,1298300000.0,1742900000.0,521500000.0,4084400000.0,488000000.0,3938500000.0,,2987100000.0,671900000.0,756100000.0,2219100000.0,216228.0,684500000.0
2011,823363000.0,650314000.0,245388000.0,287868000.0,9500000.0,493643000.0,115213000.0,,3087000.0,462751000.0,322482000.0,16282000.0,,278130.0,78267000.0
2012,857215000.0,658934000.0,248127000.0,231556000.0,9500000.0,537131000.0,61704000.0,,,574206000.0,356053000.0,22309000.0,,278130.0,100435000.0
2013,803623000.0,576506000.0,265969000.0,126695000.0,9500000.0,449432000.0,42592000.0,,,660040000.0,377650000.0,24614000.0,,278130.0,70130000.0
2015,910204000.0,654163000.0,288813000.0,100064000.0,204746000.0,337267000.0,33089000.0,,,713575000.0,478843000.0,29405000.0,,278130.0,53142000.0
2016,819191000.0,574894000.0,246687000.0,,200255000.0,284757000.0,18675000.0,,,729537000.0,405859000.0,22639000.0,,278130.0,33608000.0
2017,772319000.0,553762000.0,237129000.0,,197906000.0,277570000.0,15054000.0,,,726232000.0,347440000.0,22149000.0,,278130.0,27882000.0
2019,656290000.0,473527000.0,269465000.0,54878000.0,245624000.0,89529000.0,-68801000.0,412506000.0,,534419000.0,347584000.0,21189000.0,,278130.0,-65335000.0
2009,112089700000.0,28428600000.0,15750700000.0,9311400000.0,16074900000.0,59058000000.0,12901300000.0,27428300000.0,,41404900000.0,8055300000.0,,,310158.0,
2010,105781000000.0,29064000000.0,15641000000.0,10900000000.0,15482000000.0,54376000000.0,861000000.0,45987000000.0,715000000.0,37536000000.0,5868000000.0,,,310158.0,
2011,105128000000.0,33181000000.0,16245000000.0,13531000000.0,15525000000.0,54517000000.0,6272000000.0,,749000000.0,38990000000.0,6254000000.0,8261000000.0,,310158.0,
2012,106132000000.0,34857000000.0,18348000000.0,13451000000.0,16254000000.0,53020000000.0,6168000000.0,,714000000.0,39985000000.0,6535000000.0,7672000000.0,,310158.0,
2013,105645000000.0,35685000000.0,17868000000.0,15621000000.0,20539000000.0,49765000000.0,4404000000.0,,801000000.0,39257000000.0,6226000000.0,7184000000.0,,310158.0,
2014,98335000000.0,33173000000.0,18766000000.0,7441000000.0,18699000000.0,48647000000.0,11920000000.0,,732000000.0,46021000000.0,5571000000.0,6626000000.0,,310158.0,
2015,101779000000.0,29764000000.0,19203000000.0,8524000000.0,23929000000.0,44676000000.0,4442000000.0,,672000000.0,45348000000.0,4700000000.0,6484000000.0,,310158.0,
2016,95377000000.0,30614000000.0,17204000000.0,6515000000.0,24274000000.0,40088000000.0,3920000000.0,,693000000.0,44133000000.0,4866000000.0,7018000000.0,,310158.0,
2017,87872000000.0,24766000000.0,18614000000.0,6092000000.0,21353000000.0,34336000000.0,2394000000.0,,754000000.0,41350000000.0,5096000000.0,6873000000.0,,310158.0,
2018,82637000000.0,25875000000.0,22206000000.0,7965000000.0,19806000000.0,26701000000.0,6220000000.0,42294000000.0,772000000.0,42579000000.0,5440000000.0,7071000000.0,,310158.0,
2019,84397000000.0,27483000000.0,22220000000.0,9676000000.0,22736000000.0,25907000000.0,9843000000.0,46840000000.0,893000000.0,46602000000.0,5978000000.0,6778000000.0,,310158.0,
2020,91588000000.0,27764000000.0,27327000000.0,8062000000.0,25360000000.0,25317000000.0,7067000000.0,47994000000.0,831000000.0,47362000000.0,6310000000.0,7851000000.0,,310158.0,
2021,105694000000.0,30266000000.0,23872000000.0,8096000000.0,30690000000.0,38184000000.0,13049000000.0,48704000000.0,806000000.0,53696000000.0,5953000000.0,9230000000.0,,310158.0,
2022,109160000000.0,35722000000.0,24239000000.0,12694000000.0,28745000000.0,45991000000.0,14519000000.0,59283000000.0,962000000.0,61081000000.0,5911000000.0,9450000000.0,,310158.0,
2023,106675000000.0,32168000000.0,25694000000.0,6841000000.0,33683000000.0,37581000000.0,365000000.0,60115000000.0,1146000000.0,53895000000.0,6358000000.0,10349000000.0,,310158.0,
2024,117106000000.0,38782000000.0,28420000000.0,13242000000.0,34462000000.0,46313000000.0,17117000000.0,64168000000.0,,63069000000.0,6109000000.0,10278000000.0,,310158.0,
2025,136866000000.0,43516000000.0,28327000000.0,14565000000.0,46750000000.0,52606000000.0,18254000000.0,65011000000.0,,73075000000.0,6658000000.0,11775000000.0,,310158.0,
2009,9071300000.0,5851200000.0,1441000000.0,658700000.0,,6595100000.0,1107400000.0,,,5397400000.0,943000000.0,1147100000.0,,310764.0,1594400000.0
2010,10895100000.0,7631400000.0,1605000000.0,1757600000.0,996500000.0,7173600000.0,295000000.0,,,6016900000.0,1056800000.0,1251900000.0,,310764.0,1751400000.0
2011,12405000000.0,7211000000.0,1828000000.0,905000000.0,1751000000.0,7683000000.0,401000000.0,,,6479000000.0,1283000000.0,1417000000.0,,310764.0,1686000000.0
2012,13206000000.0,8148000000.0,1876000000.0,1395000000.0,1746000000.0,8597000000.0,270000000.0,,,7332000000.0,1265000000.0,1430000000.0,,310764.0,1741000000.0
2013,15743000000.0,8335000000.0,2657000000.0,1339000000.0,2739000000.0,9047000000.0,386000000.0,,,7617000000.0,1422000000.0,1518000000.0,,310764.0,1256000000.0
2014,17713000000.0,9673000000.0,4464000000.0,1795000000.0,3246000000.0,8595000000.0,260000000.0,,,7559000000.0,1588000000.0,1572000000.0,,310764.0,1246000000.0
2015,16247000000.0,7944000000.0,3503000000.0,3379000000.0,3253000000.0,8511000000.0,522000000.0,,,7792000000.0,1639000000.0,1662000000.0,,310764.0,1861000000.0
2016,20435000000.0,7861000000.0,3148000000.0,3316000000.0,6686000000.0,9550000000.0,510000000.0,,,8842000000.0,2030000000.0,1967000000.0,10885000000.0,310764.0,2166000000.0
2017,22197000000.0,7993000000.0,3485000000.0,2542000000.0,6590000000.0,9966000000.0,-249000000.0,,,8986000000.0,2465000000.0,2198000000.0,12217000000.0,310764.0,2290000000.0
2018,27229000000.0,9733000000.0,4807000000.0,3616000000.0,8486000000.0,11730000000.0,2068000000.0,3796000000.0,,10765000000.0,2955000000.0,2332000000.0,15499000000.0,310764.0,2537000000.0
2019,30167000000.0,11360000000.0,4400000000.0,4337000000.0,10231000000.0,,725000000.0,4131000000.0,,11748000000.0,3282000000.0,2893000000.0,17360000000.0,310764.0,2713000000.0
2020,34330000000.0,9707000000.0,5041000000.0,2943000000.0,13230000000.0,,568000000.0,4262000000.0,,12462000000.0,3494000000.0,2701000000.0,21246000000.0,310764.0,2223000000.0
2021,34631000000.0,10017000000.0,4549000000.0,2944000000.0,12472000000.0,,662000000.0,4701000000.0,,13480000000.0,3314000000.0,3022000000.0,19754000000.0,310764.0,2584000000.0
2022,36884000000.0,10275000000.0,6303000000.0,1844000000.0,11857000000.0,,563000000.0,5202000000.0,,14765000000.0,3995000000.0,3565000000.0,20268000000.0,310764.0,2841000000.0
2023,39912000000.0,12518000000.0,7921000000.0,2971000000.0,10901000000.0,,1143000000.0,5815000000.0,,16771000000.0,4843000000.0,3765000000.0,21319000000.0,310764.0,3888000000.0
2024,42971000000.0,14847000000.0,7616000000.0,3652000000.0,12188000000.0,,546000000.0,6436000000.0,,18528000000.0,4774000000.0,3987000000.0,22337000000.0,310764.0,3689000000.0
2025,47844000000.0,14755000000.0,7794000000.0,4011000000.0,14859000000.0,,849000000.0,7171000000.0,,20472000000.0,5310000000.0,4039000000.0,25424000000.0,310764.0,4889000000.0
2009,41132600000.0,,,4651700000.0,17391700000.0,,,23112400000.0,1042400000.0,10980500000.0,2397300000.0,,36313900000.0,315189.0,
2010,43266800000.0,,,3790600000.0,16814500000.0,6290300000.0,457000000.0,7202000000.0,811400000.0,12353100000.0,3063000000.0,,36963400000.0,315189.0,3408000000.0
2011,48207400000.0,,,3647200000.0,16959900000.0,6800300000.0,670000000.0,8612000000.0,759400000.0,14519400000.0,4370600000.0,,41392500000.0,315189.0,4564000000.0
2012,56265800000.0,,,4652200000.0,22453100000.0,6842100000.0,688000000.0,9792000000.0,782800000.0,16875200000.0,5170000000.0,,49403800000.0,315189.0,5109000000.0
2013,59521300000.0,,,3504000000.0,21577700000.0,10265800000.0,807000000.0,9451000000.0,741300000.0,19645600000.0,4934700000.0,,49253600000.0,315189.0,5928000000.0
2014,61336400000.0,,,3787000000.0,24380700000.0,9062600000.0,649000000.0,8965000000.0,664000000.0,22004400000.0,4209700000.0,,52270900000.0,315189.0,5218000000.0
2015,57947600000.0,,,4162200000.0,23832800000.0,6743400000.0,351000000.0,6715000000.0,680000000.0,23144800000.0,3817000000.0,,51190000000.0,315189.0,3140000000.0
2016,57981400000.0,,,4335800000.0,,6520000000.0,285000000.0,6520000000.0,763700000.0,23911300000.0,3340500000.0,,51436600000.0,315189.0,2589000000.0
2017,65786300000.0,,,9334900000.0,25891300000.0,9557300000.0,510000000.0,8018000000.0,899500000.0,25301300000.0,3904100000.0,,56211800000.0,315189.0,3543000000.0
2018,70108000000.0,,,3904000000.0,27237400000.0,11287800000.0,785000000.0,9416000000.0,1203600000.0,27553000000.0,6148900000.0,,58802800000.0,315189.0,4476000000.0
2019,73011000000.0,,,3857000000.0,30229000000.0,11413000000.0,721000000.0,9896000000.0,1466000000.0,29852000000.0,5975000000.0,,61580000000.0,315189.0,4415000000.0
2020,75091000000.0,,,7066000000.0,32734000000.0,12937000000.0,757000000.0,9731000000.0,1247000000.0,31646000000.0,4999000000.0,,62147000000.0,315189.0,4305000000.0
2021,84114000000.0,,,8017000000.0,32888000000.0,18431000000.0,5963000000.0,44024000000.0,993000000.0,36449000000.0,6781000000.0,,65680000000.0,315189.0,8012000000.0
2022,90030000000.0,,,4774000000.0,,20262000000.0,7131000000.0,52577000000.0,1062000000.0,42247000000.0,8495000000.0,,69673000000.0,315189.0,9508000000.0
2023,104087000000.0,,,7458000000.0,,21785000000.0,10166000000.0,61251000000.0,2453000000.0,50931000000.0,8160000000.0,,82201000000.0,315189.0,12958000000.0
2024,107320000000.0,,,7324000000.0,,22836000000.0,7100000000.0,51716000000.0,3348000000.0,56402000000.0,7093000000.0,,84395000000.0,315189.0,9039000000.0
2025,105996000000.0,,,8276000000.0,,25950000000.0,5027000000.0,45684000000.0,3170000000.0,59676000000.0,7406000000.0,,79989000000.0,315189.0,
2009,22958000000.0,13989000000.0,12640000000.0,217000000.0,1998000000.0,5379000000.0,747000000.0,7595000000.0,122000000.0,7335000000.0,,2052000000.0,17527000000.0,315293.0,1021000000.0
2010,28982000000.0,14519000000.0,12949000000.0,346000000.0,4014000000.0,8251000000.0,231000000.0,2909000000.0,182000000.0,7861000000.0,,2701000000.0,20676000000.0,315293.0,422000000.0
2011,29552000000.0,15505000000.0,13760000000.0,272000000.0,4155000000.0,8078000000.0,,2994000000.0,245000000.0,8594000000.0,,3183000000.0,21432000000.0,315293.0,435000000.0
2012,30486000000.0,16382000000.0,15350000000.0,291000000.0,3713000000.0,7762000000.0,,3115000000.0,228000000.0,5933000000.0,,3101000000.0,22681000000.0,315293.0,461000000.0
2013,30251000000.0,16330000000.0,15411000000.0,477000000.0,3686000000.0,8145000000.0,,3209000000.0,210000000.0,5731000000.0,,2896000000.0,22056000000.0,315293.0,515000000.0
2014,29772000000.0,15823000000.0,15014000000.0,374000000.0,4799000000.0,6571000000.0,,3299000000.0,255000000.0,4605000000.0,,2815000000.0,23141000000.0,315293.0,635000000.0
2015,27164000000.0,13972000000.0,13086000000.0,384000000.0,5175000000.0,6106000000.0,,3288000000.0,273000000.0,4117000000.0,,2734000000.0,21001000000.0,315293.0,717000000.0
2016,26615000000.0,13146000000.0,12495000000.0,431000000.0,5869000000.0,5475000000.0,,3262000000.0,282000000.0,3807000000.0,,2589000000.0,21083000000.0,315293.0,568000000.0
2017,26088000000.0,13677000000.0,12755000000.0,756000000.0,5667000000.0,4583000000.0,,2909000000.0,282000000.0,2302000000.0,,2478000000.0,21440000000.0,315293.0,489000000.0
2018,26422000000.0,14372000000.0,13296000000.0,656000000.0,5993000000.0,4151000000.0,,2770000000.0,278000000.0,2093000000.0,,2760000000.0,22203000000.0,315293.0,499000000.0
2019,29405000000.0,16476000000.0,15571000000.0,790000000.0,6627000000.0,3375000000.0,,,307000000.0,1254000000.0,,3112000000.0,25956000000.0,315293.0,524000000.0
2020,32114000000.0,18684000000.0,17433000000.0,884000000.0,7281000000.0,3495000000.0,,,334000000.0,1042000000.0,,3070000000.0,28531000000.0,315293.0,2781000000.0
2021,31917000000.0,19032000000.0,19073000000.0,544000000.0,8228000000.0,1061000000.0,1255000000.0,,322000000.0,-1694000000.0,,3094000000.0,30759000000.0,315293.0,2090000000.0
2022,32704000000.0,20723000000.0,20306000000.0,690000000.0,9825000000.0,-529000000.0,2589000000.0,,406000000.0,-2772000000.0,,3035000000.0,33133000000.0,315293.0,3669000000.0
2023,33959000000.0,21704000000.0,21651000000.0,778000000.0,9995000000.0,-826000000.0,2564000000.0,,484000000.0,-3399000000.0,,3254000000.0,34701000000.0,315293.0,3785000000.0
2024,48965000000.0,23432000000.0,22995000000.0,1085000000.0,16265000000.0,6121000000.0,2654000000.0,,,-2309000000.0,,3803000000.0,42535000000.0,315293.0,3835000000.0
2025,50784000000.0,25774000000.0,23226000000.0,1195000000.0,14660000000.0,9352000000.0,3695000000.0,,,-245000000.0,,4209000000.0,41236000000.0,315293.0,4344000000.0
2011,14796000.0,10109000.0,6020000.0,8799000.0,3077000.0,5699000.0,-30707000.0,7230000.0,,-127443000.0,,1190000.0,9097000.0,317788.0,-16971000.0
2012,12485000.0,3992000.0,9655000.0,1149000.0,,737000.0,-14161000.0,6025000.0,,-141604000.0,,1995000.0,11748000.0,317788.0,-12380000.0
2013,45095000.0,27481000.0,11906000.0,21805000.0,1252000.0,32951000.0,-18704000.0,24404000.0,,-160308000.0,,5102000.0,12144000.0,317788.0,-15524000.0
2014,122571000.0,20192000.0,23952000.0,7069000.0,7090000.0,91529000.0,-24647000.0,28252000.0,,-184955000.0,,12174000.0,31042000.0,317788.0,-23737000.0
2015,122068000.0,29674000.0,38982000.0,11231000.0,0.0,82271000.0,-28032000.0,23032000.0,,-212987000.0,,17519000.0,39797000.0,317788.0,-5376000.0
2016,107580000.0,23665000.0,30774000.0,6149000.0,9685000.0,62045000.0,-24264000.0,22397000.0,,-237251000.0,,16554000.0,45535000.0,317788.0,-3854000.0
2017,86607000.0,39755000.0,46406000.0,12720000.0,3873000.0,27672000.0,-52857000.0,20961000.0,,-290108000.0,,17050000.0,58935000.0,317788.0,-1339000.0
2018,82861000.0,37123000.0,38308000.0,10894000.0,0.0,36358000.0,-6010000.0,27192000.0,,-296118000.0,,22707000.0,46503000.0,317788.0,1934000.0
2019,184011000.0,58447000.0,82809000.0,21534000.0,18505000.0,77454000.0,13900000.0,,107000.0,-282218000.0,,33135000.0,106557000.0,317788.0,2925000.0
2021,260369000.0,97385000.0,111149000.0,30778000.0,0.0,145112000.0,54884000.0,,1043000.0,-227334000.0,,61985000.0,115257000.0,317788.0,15954000.0
2022,1458509000.0,410871000.0,385263000.0,126768000.0,520785000.0,514571000.0,35546000.0,,,-191788000.0,,263139000.0,942294000.0,317788.0,92241000.0
2023,1266556000.0,266066000.0,220920000.0,75058000.0,410522000.0,605196000.0,16673000.0,,,-175115000.0,,178189000.0,659301000.0,317788.0,46165000.0
2024,865540000.0,242341000.0,236024000.0,33605000.0,383490000.0,213932000.0,-420228000.0,,,-595343000.0,,191015000.0,651608000.0,317788.0,-374438000.0
2025,812854000.0,242779000.0,222526000.0,39393000.0,408687000.0,153958000.0,-92099000.0,,,-687442000.0,,181770000.0,658896000.0,317788.0,-54075000.0
2026,841654000.0,311870000.0,268299000.0,37719000.0,353932000.0,192161000.0,-37732000.0,,,-725174000.0,,251240000.0,649493000.0,317788.0,34042000.0
2010,1892936000.0,414020000.0,281635000.0,56628000.0,,949086000.0,73495000.0,,41959000.0,210653000.0,23516000.0,261818000.0,,318996.0,
2011,2599120000.0,600563000.0,289503000.0,35443000.0,773573000.0,1184356000.0,39348000.0,,42543000.0,312114000.0,33986000.0,421215000.0,,318996.0,242128000.0
2012,2761588000.0,589794000.0,305096000.0,45949000.0,848110000.0,1253828000.0,13485000.0,,53566000.0,319736000.0,38622000.0,404390000.0,,318996.0,206946000.0
2013,2587470000.0,506153000.0,232344000.0,28306000.0,763981000.0,1251093000.0,-12518000.0,,55204000.0,297968000.0,32335000.0,348966000.0,,318996.0,30164000.0
2014,2333498000.0,433795000.0,241858000.0,27304000.0,748426000.0,,-52304000.0,0.0,54227000.0,119340000.0,30171000.0,289466000.0,,318996.0,-203875000.0
2015,1327798000.0,420426000.0,154483000.0,204354000.0,961700000.0,,-917701000.0,0.0,73847000.0,-798361000.0,29395000.0,115992000.0,,318996.0,-1027309000.0
2016,657981000.0,234570000.0,116795000.0,90505000.0,245477000.0,,-10244000.0,,1364000.0,-10244000.0,22269000.0,71327000.0,,318996.0,-8848000.0
2017,529121000.0,186803000.0,103776000.0,73065000.0,243103000.0,,-120589000.0,,31797000.0,-130833000.0,20942000.0,69319000.0,,318996.0,-96180000.0
2018,443174000.0,158498000.0,103464000.0,50311000.0,241079000.0,,-88796000.0,0.0,34163000.0,-219629000.0,15861000.0,74253000.0,,318996.0,-58966000.0
2019,347870000.0,101592000.0,102334000.0,14426000.0,240007000.0,,-97418000.0,0.0,35523000.0,-317047000.0,13565000.0,51091000.0,,318996.0,-67886000.0
2011,156936000.0,95777000.0,49576000.0,29289000.0,68000.0,103331000.0,849000.0,,,-163021000.0,27232000.0,36131000.0,53605000.0,319815.0,1783000.0
2012,176472000.0,107007000.0,49033000.0,28739000.0,83000.0,124933000.0,2867000.0,,,-158134000.0,41620000.0,33420000.0,51539000.0,319815.0,9696000.0
2013,190087000.0,107566000.0,44251000.0,30647000.0,100000.0,140210000.0,-2814000.0,,,-151794000.0,44736000.0,29869000.0,49877000.0,319815.0,8556000.0
2014,186600000.0,115712000.0,53722000.0,24732000.0,20000.0,126953000.0,-2118000.0,,,-158066000.0,44856000.0,43698000.0,59647000.0,319815.0,-1737000.0
2015,172013000.0,109602000.0,43765000.0,24382000.0,49000.0,119176000.0,-2167000.0,,,-180399000.0,39055000.0,43172000.0,52837000.0,319815.0,-17005000.0
2016,140874000.0,82455000.0,29340000.0,25359000.0,43000.0,100822000.0,-12169000.0,,,-204104000.0,32248000.0,20441000.0,40052000.0,319815.0,-25886000.0
2017,205379000.0,116976000.0,48530000.0,50122000.0,35124000.0,106101000.0,-8752000.0,,,-247233000.0,32228000.0,31643000.0,99278000.0,319815.0,-37896000.0
2018,163731000.0,114456000.0,28376000.0,58028000.0,37969000.0,90591000.0,-36548000.0,90459000.0,,-283503000.0,33645000.0,19966000.0,73140000.0,319815.0,-40717000.0
2012,10420400000.0,1711300000.0,510500000.0,492400000.0,5792200000.0,2682100000.0,-458800000.0,2838100000.0,479800000.0,-3069600000.0,543200000.0,491600000.0,7738300000.0,351346.0,-93400000.0
2011,631503000.0,365308000.0,269630000.0,2378000.0,17066000.0,299132000.0,5296000.0,1082076000.0,8839000.0,100508000.0,240852000.0,94177000.0,316555000.0,351834.0,28097000.0
2012,707310000.0,407492000.0,279520000.0,6840000.0,51273000.0,326151000.0,24224000.0,1091064000.0,9333000.0,124732000.0,255738000.0,113314000.0,363775000.0,351834.0,44778000.0
2013,705935000.0,419729000.0,287156000.0,8537000.0,42654000.0,325304000.0,-8524000.0,1181929000.0,7860000.0,116208000.0,274286000.0,109917000.0,363323000.0,351834.0,28481000.0
2015,1219203000.0,597055000.0,379669000.0,2274000.0,321222000.0,421039000.0,-22471000.0,1145134000.0,15669000.0,106838000.0,371223000.0,117412000.0,793024000.0,351834.0,9147000.0
2016,1129558000.0,549697000.0,392038000.0,1251000.0,229008000.0,366682000.0,-51188000.0,1346731000.0,43275000.0,53838000.0,368482000.0,157369000.0,680961000.0,351834.0,-31086000.0
2017,982173000.0,528577000.0,410052000.0,3228000.0,225805000.0,240346000.0,-135320000.0,1279593000.0,32504000.0,-89291000.0,354978000.0,125152000.0,660059000.0,351834.0,-137893000.0
2018,896738000.0,533421000.0,446346000.0,3280000.0,227023000.0,130335000.0,-109205000.0,1260852000.0,34406000.0,-206151000.0,361957000.0,132131000.0,683597000.0,351834.0,-80115000.0
2019,923359000.0,489954000.0,405664000.0,1498000.0,242204000.0,128021000.0,-758000.0,1190022000.0,34677000.0,-214931000.0,323546000.0,121445000.0,710926000.0,351834.0,37294000.0
2021,585615000.0,249323000.0,136451000.0,251000.0,66245000.0,218029000.0,73061000.0,205556000.0,30042000.0,-147741000.0,147748000.0,72724000.0,252686000.0,351834.0,-11085000.0
2022,855852000.0,302357000.0,161033000.0,679000.0,269993000.0,,1054000.0,221293000.0,4730000.0,-155688000.0,207047000.0,74903000.0,508583000.0,351834.0,5144000.0
2023,669424000.0,184245000.0,154400000.0,306000.0,238883000.0,161025000.0,-11734000.0,181624000.0,26909000.0,-332687000.0,83215000.0,64862000.0,493890000.0,351834.0,8268000.0
2024,668527000.0,159458000.0,169434000.0,1552000.0,235798000.0,148594000.0,-17393000.0,723728000.0,24908000.0,-355982000.0,92798000.0,46314000.0,504885000.0,351834.0,15590000.0
2026,694659000.0,219753000.0,186245000.0,169000.0,217521000.0,170797000.0,15768000.0,817715000.0,21078000.0,-340721000.0,106971000.0,75596000.0,508639000.0,351834.0,39686000.0
2011,9636000.0,5686000.0,1316000.0,2914000.0,,7765000.0,-3007000.0,7806000.0,281000.0,-39518000.0,1195000.0,1197000.0,1871000.0,352998.0,-2969000.0
2012,9427000.0,6139000.0,1976000.0,2536000.0,,6427000.0,-3927000.0,8563000.0,545000.0,-43445000.0,1773000.0,1577000.0,3000000.0,352998.0,-3136000.0
2013,15427000.0,10558000.0,5221000.0,2101000.0,,7191000.0,-84000.0,18224000.0,545000.0,-44837000.0,2869000.0,4947000.0,8236000.0,352998.0,-82000.0
2014,197078000.0,177218000.0,13002000.0,158883000.0,,39134000.0,5631000.0,13736000.0,545000.0,-39586000.0,2784000.0,14366000.0,157944000.0,352998.0,4112000.0
2015,184762000.0,116801000.0,10768000.0,87191000.0,,66759000.0,-6375000.0,13071000.0,351000.0,-32918000.0,8985000.0,14028000.0,118003000.0,352998.0,-2769000.0
2016,183226000.0,103296000.0,14963000.0,66006000.0,,56667000.0,-5431000.0,17935000.0,,-44903000.0,12708000.0,21735000.0,126559000.0,352998.0,326000.0
2017,189986000.0,64532000.0,24097000.0,26692000.0,,44753000.0,-6121000.0,16101000.0,,-60094000.0,16075000.0,18143000.0,145233000.0,352998.0,-4943000.0
2018,190892000.0,48386000.0,32612000.0,9705000.0,,18421000.0,-14390000.0,158278000.0,,-96350000.0,16296000.0,16120000.0,172471000.0,352998.0,-5445000.0
2019,206905000.0,61644000.0,16606000.0,15508000.0,,-5307000.0,-5298000.0,156301000.0,,-121474000.0,23031000.0,20374000.0,212212000.0,352998.0,-6175000.0
2020,87788000.0,44291000.0,23121000.0,5946000.0,,-110152000.0,-80344000.0,,,-243496000.0,23396000.0,11257000.0,197940000.0,352998.0,-108721000.0
2009,1485249000.0,970733000.0,177591000.0,422047000.0,58022000.0,1203749000.0,230213000.0,1147087000.0,6882000.0,807303000.0,216500000.0,234974000.0,,354908.0,347287000.0
2010,1857352000.0,954807000.0,249951000.0,193137000.0,57991000.0,1522548000.0,248126000.0,1385301000.0,2884000.0,1055429000.0,303156000.0,339723000.0,,354908.0,360572000.0
2011,2147029000.0,1233995000.0,231530000.0,440846000.0,247861000.0,1579029000.0,76130000.0,405212000.0,5487000.0,1238866000.0,336051000.0,325370000.0,,354908.0,313195000.0
2012,2177505000.0,1165246000.0,239492000.0,321739000.0,248319000.0,1599901000.0,77261000.0,386385000.0,11659000.0,1418814000.0,381378000.0,335163000.0,,354908.0,303330000.0
2013,2343359000.0,1309731000.0,276515000.0,542476000.0,372528000.0,1613380000.0,28735000.0,400319000.0,14091000.0,1544425000.0,344719000.0,286573000.0,,354908.0,240743000.0
2014,2354023000.0,1339201000.0,309557000.0,531374000.0,357986000.0,1609773000.0,72752000.0,434366000.0,14593000.0,1671786000.0,320605000.0,354658000.0,,354908.0,259244000.0
2015,2406400000.0,1287514000.0,585345000.0,472785000.0,93750000.0,1649515000.0,70204000.0,437647000.0,14086000.0,1773267000.0,393092000.0,326098000.0,,354908.0,305764000.0
2016,2619706000.0,1164657000.0,361712000.0,361349000.0,501921000.0,1678326000.0,61500000.0,,18071000.0,1832138000.0,371371000.0,352020000.0,,354908.0,295718000.0
2017,2810026000.0,1387219000.0,394933000.0,519090000.0,420684000.0,1834558000.0,-50290000.0,,16804000.0,1856756000.0,372183000.0,346687000.0,,354908.0,289961000.0
2018,2781242000.0,1292647000.0,316014000.0,512144000.0,421948000.0,1876786000.0,98516000.0,448463000.0,16147000.0,2024523000.0,352107000.0,323746000.0,,354908.0,318606000.0
2019,3137541000.0,1108734000.0,413055000.0,284592000.0,648419000.0,1871433000.0,1684000.0,489044000.0,27711000.0,2020686000.0,388762000.0,318652000.0,,354908.0,273260000.0
2020,3252348000.0,1228239000.0,438138000.0,297795000.0,724919000.0,1883374000.0,75240000.0,524337000.0,27240000.0,2017097000.0,472237000.0,353561000.0,,354908.0,317242000.0
2010,1002690639.0,655269274.0,72088629.0,348349773.0,,893530826.0,137733969.0,,,514842177.0,100728730.0,95647612.0,,355811.0,190972069.0
2011,1176027002.0,752292984.0,100694500.0,357986774.0,,1027118521.0,164668228.0,,,610702253.0,188753312.0,110389715.0,,355811.0,231367925.0
2012,1265691335.0,744663040.0,87957442.0,389678664.0,,1120960556.0,39599000.0,,,676039254.0,159930266.0,109579693.0,,355811.0,53819000.0
2013,1764088434.0,601186242.0,119980414.0,309591724.0,265625000.0,1327603683.0,69881000.0,,,818027861.0,120074164.0,143046590.0,436484751.0,355811.0,95636000.0
2014,2022540029.0,856637694.0,133431163.0,497429804.0,258125000.0,1571412445.0,70975000.0,,,988548070.0,141757884.0,168008704.0,451127584.0,355811.0,98615000.0
2015,2148672928.0,984008792.0,131006546.0,551557527.0,225625000.0,1722516761.0,88396000.0,,,1109384621.0,174695411.0,195969400.0,426156167.0,355811.0,126662000.0
2016,2309619833.0,1154989029.0,149857979.0,546477075.0,178125000.0,1910424234.0,88761000.0,,,1210984825.0,189311437.0,211591745.0,399195599.0,355811.0,127936000.0
2017,2352053912.0,1184563823.0,243647007.0,569734496.0,0.0,2049518261.0,130469000.0,,,1301997327.0,216765583.0,231121788.0,302535651.0,355811.0,133994000.0
2018,2085434068.0,850930254.0,169160919.0,217025278.0,,1861751660.0,106275000.0,,,1102468137.0,225281599.0,213537799.0,223682408.0,355811.0,125499000.0
2019,2168803193.0,950376892.0,171846800.0,296321622.0,,1938087820.0,99547000.0,443836000.0,,1116372133.0,248941855.0,235410326.0,230715373.0,355811.0,110901000.0
2020,2197941170.0,979330564.0,177736857.0,423371036.0,,1963943128.0,143339000.0,529864000.0,,1089698996.0,226291843.0,284925335.0,233998042.0,355811.0,162414000.0
2021,2131391166.0,872975749.0,181656100.0,262311670.0,,1937988467.0,360797232.0,1731169929.0,,1042461388.0,316267442.0,249794906.0,193402699.0,355811.0,409781978.0
2022,2327229924.0,948652376.0,250552752.0,214754638.0,,2065792821.0,86168000.0,493648000.0,,1148386272.0,404360270.0,276493752.0,261437103.0,355811.0,94118000.0
2023,2611437552.0,997738153.0,271608976.0,226435019.0,,2312517069.0,116944000.0,589132000.0,,1336940990.0,402473028.0,321809868.0,298920483.0,355811.0,132774000.0
2024,2760820975.0,1037328170.0,252692676.0,233318766.0,,2467950655.0,,541638000.0,,1450287128.0,436497445.0,295344353.0,288721320.0,355811.0,89768000.0
2025,2928592834.0,1128434468.0,387542969.0,145645715.0,,2487829724.0,384841367.0,2534268965.0,,1466046002.0,516253617.0,368517569.0,437660897.0,355811.0,473935754.0
2010,16275254000.0,,,,,1880389000.0,128332000.0,,186627000.0,158453000.0,,,14394865000.0,700564.0,
2011,16370508000.0,,,,,1992539000.0,145573000.0,,133538000.0,264059000.0,,,14377969000.0,700564.0,
2012,16528153000.0,,,,,2081656000.0,159845000.0,,103168000.0,363937000.0,,,14446497000.0,700564.0,
2013,16934634000.0,,,,,2063187000.0,161840000.0,,82495000.0,463843000.0,,,14871447000.0,700564.0,
2014,17124767000.0,,,,,1996665000.0,157894000.0,,81211000.0,558810000.0,,,15128102000.0,700564.0,
2015,17914718000.0,,,,,2041894000.0,149502000.0,,83795000.0,641588000.0,,,15872824000.0,700564.0,
2016,18944247000.0,,,,,2121115000.0,161625000.0,,82328000.0,732099000.0,,,16823132000.0,700564.0,
2017,20036905000.0,,,,,2229857000.0,171753000.0,,93502000.0,821619000.0,,,17807048000.0,700564.0,
2018,20682152000.0,,,445687000.0,,2247573000.0,208393000.0,,128058000.0,946032000.0,,,18434579000.0,700564.0,
2019,21886040000.0,,,517791000.0,,2342176000.0,226339000.0,,176917000.0,1079391000.0,,,19543864000.0,700564.0,
2020,25906733000.0,,,1847832000.0,,2616828000.0,178040000.0,,113671000.0,1120781000.0,,,23289905000.0,700564.0,
2021,25796398000.0,,,1638614000.0,,2712680000.0,275497000.0,,59682000.0,1282383000.0,,,23083718000.0,700564.0,
2022,26931702000.0,,,681921000.0,,2579757000.0,286981000.0,,83204000.0,1450758000.0,,,24351945000.0,700564.0,
2023,27571915000.0,,,549710000.0,,2760139000.0,284280000.0,,418950000.0,1619300000.0,,,24811776000.0,700564.0,
2024,32071810000.0,,,1063871000.0,,3197325000.0,288743000.0,,,1775620000.0,,,28874485000.0,700564.0,
2025,32118400000.0,,,1061609000.0,,3490447000.0,391609000.0,,,2024618000.0,,,28627953000.0,700564.0,
2009,8613711000.0,2559146000.0,1045355000.0,1508275000.0,1165180000.0,5841724000.0,204357000.0,2634879000.0,126317000.0,1316981000.0,,349245000.0,2742410000.0,704051.0,321183000.0
2010,8707756000.0,2446556000.0,968972000.0,1375918000.0,1201076000.0,,69037000.0,713430000.0,92157000.0,1539984000.0,,366571000.0,2900660000.0,704051.0,99140000.0
2014,,,,400000000.0,,,,2819106000.0,,,,,,704051.0,
2015,,,,375000000.0,,,,2660844000.0,,,,,,704051.0,
2016,,,,438000000.0,,,,2886902000.0,,,,,,704051.0,
2017,,,,,,,,3140322000.0,,,,,,704051.0,
2018,,,,,1971451000.0,,,2903259000.0,,,,,,704051.0,
2019,,,,,1972733000.0,,,2922125000.0,,,,,,704051.0,
2011,395348000.0,281221000.0,210053000.0,51261000.0,49495000.0,-46680000.0,-8809000.0,652370000.0,10686000.0,-465397000.0,,110840000.0,,709283.0,5192000.0
2012,371140000.0,271727000.0,201517000.0,68976000.0,0.0,-81582000.0,-14507000.0,139958000.0,8342000.0,-517816000.0,,99093000.0,,709283.0,-42700000.0
2014,361798000.0,274095000.0,190555000.0,99125000.0,,-87400000.0,-14404000.0,127968000.0,9754000.0,-540071000.0,,101605000.0,,709283.0,-11799000.0
2015,358755000.0,281974000.0,298229000.0,67948000.0,,-60438000.0,12905000.0,147798000.0,9460000.0,-523311000.0,,124159000.0,,709283.0,14397000.0
2016,229546000.0,211591000.0,179656000.0,33870000.0,,-126939000.0,-52402000.0,120029000.0,6817000.0,-597994000.0,,105959000.0,,709283.0,-66098000.0
2017,225027000.0,188325000.0,230355000.0,12958000.0,65028000.0,-115999000.0,1913000.0,120835000.0,7912000.0,-593295000.0,,116056000.0,,709283.0,12148000.0
2019,172871000.0,154288000.0,178470000.0,10790000.0,145621000.0,-199780000.0,-9410000.0,103277000.0,6286000.0,-697954000.0,,86828000.0,372651000.0,709283.0,-495000.0
2020,165995000.0,135827000.0,158254000.0,6440000.0,146847000.0,-198525000.0,-5210000.0,402949000.0,25350000.0,-703164000.0,,70370000.0,364520000.0,709283.0,21204000.0
2021,194924000.0,156066000.0,159090000.0,27430000.0,,-112245000.0,-35459000.0,349576000.0,27522000.0,-738623000.0,,73102000.0,307169000.0,709283.0,8403000.0
2022,201635000.0,145197000.0,157815000.0,5210000.0,,-126683000.0,-32280000.0,372827000.0,11888000.0,-770903000.0,,69354000.0,328318000.0,709283.0,-13840000.0
2023,213657000.0,153055000.0,152596000.0,25963000.0,,-86888000.0,-37943000.0,,10560000.0,-808846000.0,,72464000.0,300545000.0,709283.0,-26007000.0
2024,187615000.0,131784000.0,249944000.0,25692000.0,0.0,-121498000.0,-18943000.0,,,-827380000.0,,67788000.0,309113000.0,709283.0,-13808000.0
2025,155402000.0,102806000.0,257607000.0,16464000.0,,-164366000.0,-115091000.0,,,-942471000.0,,52502000.0,319768000.0,709283.0,-41680000.0
2026,156892000.0,112486000.0,205797000.0,15572000.0,,-198857000.0,-101046000.0,,,-1043517000.0,16103000.0,69650000.0,355749000.0,709283.0,-24507000.0
2011,772272000.0,405984000.0,149173000.0,50635000.0,,,38721000.0,,26216000.0,-16764000.0,166073000.0,156170000.0,491233000.0,715787.0,87263000.0
2012,789367000.0,430651000.0,161826000.0,90533000.0,,,7392000.0,,25024000.0,-16746000.0,141176000.0,137313000.0,493665000.0,715787.0,64648000.0
2013,818140000.0,388105000.0,130187000.0,72883000.0,26326000.0,,15336000.0,,23810000.0,24226000.0,149643000.0,131936000.0,477353000.0,715787.0,95630000.0
2014,774914000.0,384668000.0,143787000.0,54896000.0,263338000.0,,15336000.0,,20785000.0,39737000.0,142167000.0,157093000.0,468275000.0,715787.0,70295000.0
2015,756549000.0,398408000.0,153017000.0,75696000.0,202281000.0,342366000.0,18247000.0,,6401000.0,100270000.0,161174000.0,130322000.0,414183000.0,715787.0,113593000.0
2016,839573000.0,480912000.0,159083000.0,165672000.0,255347000.0,340729000.0,4707000.0,,6130000.0,140238000.0,156083000.0,126004000.0,498844000.0,715787.0,84937000.0
2017,800600000.0,430867000.0,176646000.0,87037000.0,214928000.0,330091000.0,4322000.0,,7128000.0,187432000.0,177935000.0,142808000.0,470509000.0,715787.0,109844000.0
2018,1284644000.0,558879000.0,223587000.0,80989000.0,587266000.0,354663000.0,6395000.0,,15436000.0,222214000.0,258657000.0,179004000.0,929981000.0,715787.0,76379000.0
2019,1423049000.0,548135000.0,263275000.0,81301000.0,565178000.0,368202000.0,16432000.0,339482000.0,25656000.0,286056000.0,253584000.0,177482000.0,1054847000.0,715787.0,130903000.0
2020,1306011000.0,495394000.0,193300000.0,103053000.0,561251000.0,326538000.0,19616000.0,276947000.0,29244000.0,208562000.0,228725000.0,139869000.0,979473000.0,715787.0,-39287000.0
2021,1330057000.0,572340000.0,261812000.0,97252000.0,503056000.0,363398000.0,55234000.0,1200398000.0,29681000.0,261434000.0,265092000.0,171676000.0,966659000.0,715787.0,104797000.0
2022,1266503000.0,617037000.0,220470000.0,97564000.0,510003000.0,361537000.0,19560000.0,1297919000.0,29929000.0,278639000.0,306327000.0,182807000.0,904966000.0,715787.0,75398000.0
2023,1230095000.0,583858000.0,214721000.0,110498000.0,408641000.0,425947000.0,44517000.0,1261498000.0,31787000.0,320833000.0,279079000.0,163386000.0,804148000.0,715787.0,104522000.0
2024,1170816000.0,564297000.0,216717000.0,99226000.0,302275000.0,489148000.0,86946000.0,1315658000.0,23205000.0,405441000.0,260581000.0,171135000.0,681668000.0,715787.0,134406000.0
2025,1206522000.0,554842000.0,237064000.0,71323000.0,172801000.0,640674000.0,116098000.0,1386854000.0,19546000.0,517980000.0,275014000.0,174457000.0,565848000.0,715787.0,163995000.0
2010,19990200000.0,14918900000.0,11537600000.0,2755300000.0,2129300000.0,5276100000.0,223500000.0,24459600000.0,113500000.0,2647200000.0,6355900000.0,5170600000.0,,721371.0,1306900000.0
2011,22845900000.0,16315900000.0,13369500000.0,1929300000.0,2502000000.0,5848600000.0,202700000.0,26763500000.0,92800000.0,3331400000.0,7334200000.0,6155700000.0,,721371.0,1514000000.0
2012,24260000000.0,17510000000.0,14174000000.0,2274000000.0,,6244000000.0,236000000.0,26764000000.0,95000000.0,4093000000.0,7864000000.0,6355000000.0,,721371.0,1792000000.0
2013,25819000000.0,17770000000.0,14590000000.0,1901000000.0,,5975000000.0,-586000000.0,25420000000.0,123000000.0,4038000000.0,8373000000.0,6304000000.0,,721371.0,996000000.0
2014,26033000000.0,17939000000.0,15115000000.0,2865000000.0,,6401000000.0,234000000.0,22894000000.0,133000000.0,4774000000.0,8266000000.0,5380000000.0,,721371.0,1885000000.0
2015,30142000000.0,21752000000.0,17243000000.0,4616000000.0,,6256000000.0,295000000.0,27547000000.0,141000000.0,5521000000.0,9211000000.0,6523000000.0,,721371.0,2161000000.0
2016,34122000000.0,21956000000.0,19701000000.0,2356000000.0,,6554000000.0,333000000.0,31384000000.0,178000000.0,6419000000.0,10615000000.0,7405000000.0,,721371.0,2459000000.0
2017,40112000000.0,28345000000.0,21221000000.0,6879000000.0,,6808000000.0,274000000.0,32966000000.0,201000000.0,4967000000.0,11301000000.0,8048000000.0,,721371.0,2120000000.0
2018,39951000000.0,24553000000.0,22893000000.0,1763000000.0,,6059000000.0,-1166000000.0,35349000000.0,329000000.0,4645000000.0,12308000000.0,7800000000.0,,721371.0,126000000.0
2019,40963000000.0,25747000000.0,24109000000.0,2531000000.0,,6328000000.0,194000000.0,37353000000.0,294000000.0,5434000000.0,12822000000.0,8448000000.0,,721371.0,2060000000.0
2020,40766000000.0,25940000000.0,23615000000.0,2771000000.0,,1789000000.0,656000000.0,36689000000.0,238000000.0,1170000000.0,13198000000.0,8264000000.0,,721371.0,-4098000000.0
2021,44453000000.0,31048000000.0,27624000000.0,3407000000.0,,1791000000.0,611000000.0,162467000000.0,180000000.0,1205000000.0,14594000000.0,9103000000.0,,721371.0,472000000.0
2022,43878000000.0,32935000000.0,30550000000.0,4717000000.0,,-709000000.0,-933000000.0,181364000000.0,149000000.0,-280000000.0,15636000000.0,10561000000.0,,721371.0,-596000000.0
2023,43417000000.0,33833000000.0,33706000000.0,4043000000.0,,-2852000000.0,261000000.0,205012000000.0,93000000.0,-534000000.0,15940000000.0,11344000000.0,,721371.0,727000000.0
2024,45121000000.0,34884000000.0,35640000000.0,5133000000.0,,-3213000000.0,852000000.0,226827000000.0,51000000.0,-286000000.0,14957000000.0,12084000000.0,,721371.0,1243000000.0
2025,53122000000.0,36373000000.0,38897000000.0,3874000000.0,,-2781000000.0,1561000000.0,222578000000.0,215000000.0,783000000.0,16831000000.0,13242000000.0,,721371.0,2275000000.0
2026,57299000000.0,38753000000.0,43904000000.0,4856000000.0,,-2883000000.0,1714000000.0,254248000000.0,348000000.0,2009000000.0,17297000000.0,13815000000.0,,721371.0,2613000000.0
2010,10327000000.0,1638000000.0,933000000.0,911000000.0,2494000000.0,,,,170000000.0,-2637000000.0,,315000000.0,,723612.0,
2011,12938000000.0,1541000000.0,1470000000.0,534000000.0,3168000000.0,,-170000000.0,,219000000.0,-2666000000.0,,507000000.0,,723612.0,
2012,15218000000.0,1710000000.0,1478000000.0,606000000.0,2848000000.0,,-46000000.0,,268000000.0,-2376000000.0,,553000000.0,,723612.0,
2013,16284000000.0,1944000000.0,1568000000.0,693000000.0,3305000000.0,,-28000000.0,,228000000.0,-2360000000.0,,619000000.0,,723612.0,
2014,16969000000.0,1838000000.0,1519000000.0,624000000.0,3392000000.0,,23000000.0,,209000000.0,-2115000000.0,,599000000.0,,723612.0,
2015,17634000000.0,1627000000.0,1511000000.0,452000000.0,3435000000.0,,-5000000.0,,194000000.0,-1802000000.0,,668000000.0,,723612.0,
2016,17643000000.0,1817000000.0,1767000000.0,490000000.0,3244000000.0,,-31000000.0,,203000000.0,-1639000000.0,,808000000.0,,723612.0,
2017,17699000000.0,2066000000.0,1645000000.0,611000000.0,3573000000.0,,220000000.0,,188000000.0,-1222000000.0,,922000000.0,,723612.0,
2018,19149000000.0,2174000000.0,1716000000.0,615000000.0,3528000000.0,,13000000.0,2050000000.0,188000000.0,-1091000000.0,,955000000.0,,723612.0,
2019,23126000000.0,2145000000.0,2225000000.0,686000000.0,3416000000.0,,,2162000000.0,178000000.0,-785000000.0,,911000000.0,,723612.0,
2020,17538000000.0,1795000000.0,2053000000.0,692000000.0,4191000000.0,,,5402000000.0,231000000.0,-1470000000.0,,647000000.0,,723612.0,
2021,22600000000.0,1847000000.0,2408000000.0,534000000.0,3990000000.0,-220000000.0,1285000000.0,9313000000.0,218000000.0,-185000000.0,,775000000.0,,723612.0,
2022,25927000000.0,1886000000.0,2574000000.0,570000000.0,4644000000.0,-703000000.0,2764000000.0,11994000000.0,250000000.0,2579000000.0,,810000000.0,,723612.0,
2023,32569000000.0,2139000000.0,2659000000.0,555000000.0,4791000000.0,-349000000.0,1632000000.0,12008000000.0,296000000.0,3854000000.0,,900000000.0,,723612.0,
2024,29041000000.0,2034000000.0,2720000000.0,534000000.0,5373000000.0,-2327000000.0,-1821000000.0,11789000000.0,358000000.0,2029000000.0,,838000000.0,,723612.0,
2025,31257000000.0,2093000000.0,2889000000.0,519000000.0,6049000000.0,-3129000000.0,-889000000.0,11652000000.0,,1139000000.0,,878000000.0,,723612.0,
2015,9758535000.0,1021945000.0,547417000.0,262644000.0,3452544000.0,3826198000.0,-380928000.0,,42315000.0,-322351000.0,,466628000.0,5926813000.0,726513.0,-382216000.0
2016,9401051000.0,1296300000.0,550853000.0,577658000.0,3391627000.0,3539766000.0,18951000.0,,38211000.0,-308105000.0,,429112000.0,5855368000.0,726513.0,113206000.0
2017,8169328000.0,1292991000.0,654267000.0,673685000.0,2919185000.0,3217136000.0,328802000.0,,40055000.0,-114240000.0,,420095000.0,4952148000.0,726513.0,129123000.0
2018,8251391000.0,1645730000.0,451793000.0,1063041000.0,2926083000.0,3517908000.0,132841000.0,578733000.0,43570000.0,223734000.0,,416938000.0,4728294000.0,726513.0,165965000.0
2011,51481000.0,39789000.0,23601000.0,5601000.0,1900000.0,24977000.0,5218000.0,,1261000.0,-129730000.0,10057000.0,14383000.0,,730255.0,7370000.0
2012,150771000.0,106769000.0,28949000.0,63101000.0,2434000.0,117549000.0,32630000.0,,487000.0,-85104000.0,13516000.0,19111000.0,,730255.0,15980000.0
2013,179265000.0,92241000.0,42118000.0,19233000.0,702000.0,133147000.0,3067000.0,,365000.0,-73301000.0,14968000.0,36904000.0,,730255.0,18343000.0
2015,202617000.0,127421000.0,47005000.0,34184000.0,702000.0,151385000.0,6516000.0,,72000.0,-56793000.0,18666000.0,47917000.0,,730255.0,24940000.0
2016,384363000.0,298767000.0,49565000.0,139388000.0,139800000.0,189447000.0,5506000.0,,7595000.0,-39853000.0,16731000.0,49432000.0,194916000.0,730255.0,28085000.0
2017,408139000.0,206705000.0,77841000.0,93706000.0,146827000.0,163242000.0,-4239000.0,,9896000.0,-47757000.0,29279000.0,67403000.0,244897000.0,730255.0,123000.0
2018,472993000.0,275885000.0,95529000.0,132603000.0,154299000.0,198916000.0,-4767000.0,,10280000.0,-19459000.0,36302000.0,71580000.0,274077000.0,730255.0,7955000.0
2019,603626000.0,403497000.0,83592000.0,256500000.0,275905000.0,205653000.0,11263000.0,84380000.0,16726000.0,-2227000.0,32033000.0,78079000.0,397973000.0,730255.0,19695000.0
2020,495805000.0,237866000.0,121475000.0,107404000.0,177088000.0,137919000.0,-55827000.0,87204000.0,20096000.0,-81531000.0,36778000.0,72273000.0,357886000.0,730255.0,-40200000.0
2021,433805000.0,214288000.0,107245000.0,94624000.0,182154000.0,95085000.0,-56309000.0,308587000.0,15487000.0,-137974000.0,23663000.0,63325000.0,338720000.0,730255.0,-6825000.0
2022,391581000.0,181382000.0,90454000.0,79221000.0,189703000.0,75402000.0,-27991000.0,295839000.0,15323000.0,-165965000.0,18269000.0,61544000.0,316179000.0,730255.0,-13470000.0
2023,380120000.0,174795000.0,106500000.0,41928000.0,227416000.0,14307000.0,-32490000.0,294949000.0,6260000.0,-168816000.0,23902000.0,82946000.0,365813000.0,730255.0,-24685000.0
2011,1198070000.0,623767000.0,278598000.0,215435000.0,,836274000.0,106273000.0,,212000.0,829148000.0,184498000.0,162188000.0,,730263.0,
2012,1243054000.0,684886000.0,311090000.0,218642000.0,,850827000.0,121739000.0,,560000.0,918565000.0,186083000.0,221655000.0,,730263.0,
2013,1328268000.0,830704000.0,361672000.0,236601000.0,,892614000.0,152862000.0,,,953740000.0,153036000.0,230852000.0,,730263.0,
2014,1408718000.0,844049000.0,370715000.0,289336000.0,,977697000.0,179002000.0,,10000.0,1030428000.0,216354000.0,264927000.0,,730263.0,
2015,1503248000.0,775841000.0,378335000.0,183478000.0,,1065187000.0,199385000.0,,180000.0,1172432000.0,246115000.0,244052000.0,,730263.0,
2016,2325464000.0,1016858000.0,651652000.0,209902000.0,,1265222000.0,256519000.0,,1592000.0,1365981000.0,403869000.0,370085000.0,,730263.0,
2017,2557931000.0,1180167000.0,781046000.0,223258000.0,,1576540000.0,374254000.0,,9730000.0,1670826000.0,460488000.0,453754000.0,,730263.0,
2018,2778665000.0,1311674000.0,769330000.0,275249000.0,,1937741000.0,430151000.0,8328909000.0,5187000.0,2022988000.0,537909000.0,467488000.0,,730263.0,
2019,5660446000.0,2037357000.0,1448325000.0,425615000.0,1885253000.0,2084425000.0,133275000.0,7864758000.0,68112000.0,2066674000.0,827988000.0,478531000.0,,730263.0,
2020,5771460000.0,2102277000.0,1515281000.0,538519000.0,1652831000.0,2319782000.0,222974000.0,8167933000.0,107322000.0,2201330000.0,716305000.0,588069000.0,,730263.0,
2021,6654088000.0,2803523000.0,1794785000.0,445852000.0,1594821000.0,2921843000.0,659872000.0,12317380000.0,94342000.0,2770401000.0,1369384000.0,796489000.0,,730263.0,
2022,7408132000.0,3062479000.0,1755916000.0,311553000.0,1754239000.0,3592862000.0,1137804000.0,16312525000.0,91222000.0,3813261000.0,1754773000.0,848814000.0,,730263.0,
2023,7260830000.0,2793580000.0,1716482000.0,441232000.0,1291311000.0,3976015000.0,374271000.0,11121605000.0,97447000.0,4091563000.0,1653070000.0,543865000.0,,730263.0,
2024,7020823000.0,2650027000.0,1567022000.0,501316000.0,1101265000.0,4067430000.0,265308000.0,10043408000.0,,4254734000.0,1366638000.0,502301000.0,,730263.0,
2025,7065284000.0,2777975000.0,1584696000.0,586596000.0,919612000.0,4288498000.0,258559000.0,9579490000.0,,4407163000.0,1351796000.0,541713000.0,,730263.0,
2010,277934000.0,221775000.0,40531000.0,39692000.0,,213079000.0,34441000.0,,,130993000.0,,,,731012.0,
2011,289695000.0,232121000.0,45387000.0,38639000.0,,217726000.0,10565000.0,,,126921000.0,,,,731012.0,
2012,331183000.0,267846000.0,67664000.0,68949000.0,,229570000.0,12798000.0,,,127042000.0,,,,731012.0,
2013,425342000.0,309192000.0,99103000.0,64155000.0,,285143000.0,5452000.0,,,127464000.0,,,,731012.0,
2014,469579000.0,334828000.0,117959000.0,75280000.0,,275830000.0,15472000.0,,,100237000.0,,,,731012.0,
2015,480949000.0,365946000.0,96065000.0,33189000.0,,296456000.0,9134000.0,,,106886000.0,,,,731012.0,
2016,528446000.0,414624000.0,100871000.0,23853000.0,,338842000.0,20299000.0,,,130940000.0,,,,731012.0,
2017,676003000.0,527406000.0,184168000.0,9557000.0,,399952000.0,20186000.0,,,163860000.0,,,,731012.0,
2018,722592000.0,515732000.0,148651000.0,27329000.0,,460305000.0,18895000.0,446960000.0,3459000.0,195455000.0,,,,731012.0,
2020,785031000.0,572403000.0,162260000.0,,,480461000.0,98682000.0,1760303000.0,,200893000.0,,,,731012.0,
2021,777529000.0,546382000.0,191125000.0,,,452677000.0,45863000.0,1641959000.0,,183957000.0,,,,731012.0,
2022,718334000.0,508632000.0,178619000.0,,,426172000.0,34630000.0,1690176000.0,,154495000.0,,,,731012.0,
2023,790652000.0,571696000.0,216928000.0,,,456616000.0,38386000.0,1671389000.0,,185010000.0,,,,731012.0,
2024,802772000.0,556652000.0,192547000.0,56776000.0,,499927000.0,39471000.0,1715682000.0,,224556000.0,,330907000.0,,731012.0,
2025,794253000.0,576415000.0,170375000.0,125189000.0,,510210000.0,59059000.0,1837173000.0,,283668000.0,,281303000.0,,731012.0,
2010,1051695000.0,,,183827000.0,54651000.0,872124000.0,-35864000.0,99540000.0,8612000.0,878498000.0,,,179258000.0,745308.0,-51554000.0
2011,661291000.0,,,162391000.0,53458000.0,543561000.0,-328611000.0,19820000.0,3921000.0,-336873000.0,,,117399000.0,745308.0,-383863000.0
2012,645521000.0,,,165980000.0,36062000.0,552025000.0,-8630000.0,22614000.0,2820000.0,-330861000.0,,,93187000.0,745308.0,-9258000.0
2013,669472000.0,,,21894000.0,44217000.0,558354000.0,562000.0,33868000.0,2040000.0,-325871000.0,,,105947000.0,745308.0,-1964000.0
2014,1303135000.0,,,34515000.0,63804000.0,971209000.0,-11101000.0,15676000.0,8608000.0,80582000.0,,,323434000.0,745308.0,-15946000.0
2015,984813000.0,,,212773000.0,55194000.0,665263000.0,-2541000.0,21104000.0,11429000.0,78851000.0,,,311366000.0,745308.0,-3861000.0
2016,1027945000.0,,,241111000.0,55040000.0,669293000.0,2709000.0,18747000.0,12295000.0,94746000.0,,,341146000.0,745308.0,-881000.0
2017,920993000.0,,,192083000.0,55630000.0,577557000.0,38503000.0,21562000.0,12145000.0,154324000.0,,,328409000.0,745308.0,-1884000.0
2018,870962000.0,,,195155000.0,69374000.0,518171000.0,-66000.0,16301000.0,11840000.0,187450000.0,,,337851000.0,745308.0,-1343000.0
2019,909233000.0,,,185716000.0,92529000.0,519521000.0,8688000.0,42660000.0,12302000.0,214225000.0,,,379563000.0,745308.0,15196000.0
2020,1037324000.0,,,106794000.0,158915000.0,550617000.0,45203000.0,160555000.0,13564000.0,255216000.0,2026000.0,,469154000.0,745308.0,47085000.0
2021,1430839000.0,,,37747000.0,385860000.0,630802000.0,70927000.0,252321000.0,18383000.0,358344000.0,3976000.0,,779730000.0,745308.0,61467000.0
2023,1523530000.0,,,86068000.0,453640000.0,683062000.0,77712000.0,389285000.0,30618000.0,410371000.0,4250000.0,,825040000.0,745308.0,90733000.0
2024,1538574000.0,,,88756000.0,437754000.0,724280000.0,74189000.0,402737000.0,,454193000.0,4036000.0,,801839000.0,745308.0,95586000.0
2025,1518426000.0,,,129614000.0,391159000.0,766290000.0,115627000.0,513246000.0,,536190000.0,3312000.0,,742801000.0,745308.0,146231000.0
2011,5541996.0,4415863.0,4251490.0,1982772.0,,-4959805.0,-9937268.0,3885020.0,156645.0,-28619876.0,1528491.0,701155.0,4739045.0,753048.0,-6713961.0
2012,5866711.0,3793212.0,2166828.0,346905.0,,-7975607.0,-5433127.0,5341543.0,376980.0,-35079061.0,3088953.0,192015.0,7919706.0,753048.0,-5717346.0
2013,16009423.0,6007805.0,20151847.0,883936.0,,-28768218.0,-24189602.0,6627765.0,808117.0,-59268663.0,3955515.0,888214.0,38052797.0,753048.0,-7374859.0
2014,17776535.0,7605471.0,10643661.0,221437.0,22885646.0,-22778496.0,-16290196.0,14378352.0,1839535.0,-75558859.0,5980457.0,1109524.0,33725051.0,753048.0,-31004383.0
2009,36004000000.0,13936000000.0,11147000000.0,2801000000.0,,8844000000.0,2153000000.0,30908000000.0,,17487000000.0,3446000000.0,,,773840.0,
2010,,15011000000.0,11717000000.0,2650000000.0,6278000000.0,10666000000.0,369000000.0,9041000000.0,,15097000000.0,3958000000.0,7068000000.0,,773840.0,
2011,39808000000.0,16134000000.0,12275000000.0,3698000000.0,6896000000.0,10806000000.0,-310000000.0,9473000000.0,,16083000000.0,4264000000.0,7228000000.0,,773840.0,
2012,41853000000.0,17598000000.0,13045000000.0,4634000000.0,7020000000.0,12975000000.0,251000000.0,,,17799000000.0,4235000000.0,,,773840.0,
2013,45435000000.0,21164000000.0,14181000000.0,6422000000.0,7433000000.0,17467000000.0,947000000.0,,,20383000000.0,4293000000.0,,,773840.0,
2014,45451000000.0,22191000000.0,14773000000.0,6959000000.0,6985000000.0,17657000000.0,956000000.0,,,23115000000.0,4405000000.0,,,773840.0,
2015,49316000000.0,20053000000.0,18371000000.0,5455000000.0,6131000000.0,18283000000.0,1194000000.0,,,26147000000.0,4420000000.0,,,773840.0,
2016,54146000000.0,23058000000.0,16331000000.0,7843000000.0,12409000000.0,19369000000.0,1034000000.0,,,28710000000.0,4366000000.0,,,773840.0,
2017,59387000000.0,26002000000.0,18861000000.0,7059000000.0,13924000000.0,17276000000.0,-2411000000.0,,,28255000000.0,4613000000.0,8866000000.0,,773840.0,
2018,57773000000.0,24362000000.0,18924000000.0,9287000000.0,12628000000.0,18180000000.0,1721000000.0,,,33978000000.0,4326000000.0,7508000000.0,,773840.0,
2019,58679000000.0,24303000000.0,18098000000.0,9067000000.0,12486000000.0,18494000000.0,1562000000.0,,,37693000000.0,4421000000.0,7493000000.0,,773840.0,
2020,64470000000.0,25372000000.0,19508000000.0,10959000000.0,16057000000.0,18569000000.0,5542000000.0,,,42827000000.0,5138000000.0,6830000000.0,,773840.0,
2022,62275000000.0,24982000000.0,19938000000.0,9627000000.0,16853000000.0,16697000000.0,4966000000.0,,,45093000000.0,5538000000.0,7440000000.0,,773840.0,
2023,61525000000.0,23502000000.0,18539000000.0,7925000000.0,18358000000.0,15856000000.0,5658000000.0,,,47979000000.0,6178000000.0,7530000000.0,,773840.0,
2024,75196000000.0,27908000000.0,21256000000.0,10567000000.0,27265000000.0,18619000000.0,5705000000.0,,,50835000000.0,6442000000.0,7819000000.0,,773840.0,8699000000.0
2025,73681000000.0,30387000000.0,23414000000.0,12487000000.0,29046000000.0,13904000000.0,-115000000.0,,,50964000000.0,6162000000.0,7621000000.0,,773840.0,8127000000.0
2011,418207000.0,150995000.0,54470000.0,32725000.0,,243017000.0,27704000.0,,2574000.0,129013000.0,57704000.0,49315000.0,175190000.0,778734.0,35918000.0
2012,445542000.0,157130000.0,50589000.0,36028000.0,20064000.0,280324000.0,21000.0,,2693000.0,163206000.0,55984000.0,56134000.0,165218000.0,778734.0,40552000.0
2014,541660000.0,192951000.0,61352000.0,49964000.0,20000000.0,336546000.0,9329000.0,,3213000.0,200961000.0,68280000.0,65451000.0,205114000.0,778734.0,50032000.0
2011,1505797000.0,353950000.0,380511000.0,63125000.0,,879776000.0,36574000.0,249255000.0,1841000.0,827222000.0,,,626021000.0,779152.0,58050000.0
2012,1619492000.0,468649000.0,402243000.0,157313000.0,,983056000.0,43327000.0,266609000.0,1375000.0,944078000.0,,,636436000.0,779152.0,61153000.0
2013,1629155000.0,447885000.0,412258000.0,127905000.0,,1072169000.0,47669000.0,298148000.0,2701000.0,1072521000.0,,,556986000.0,779152.0,72894000.0
2014,1680703000.0,390506000.0,446809000.0,70377000.0,,967387000.0,52529000.0,315166000.0,296000.0,1131632000.0,,,713316000.0,779152.0,82888000.0
2015,1836835000.0,493499000.0,443611000.0,148313000.0,,991534000.0,60539000.0,333713000.0,322000.0,1266443000.0,,,845301000.0,779152.0,89372000.0
2016,1815512000.0,431929000.0,443732000.0,70310000.0,,996210000.0,84270000.0,366970000.0,448000.0,1431192000.0,,,819302000.0,779152.0,116505000.0
2017,1908945000.0,520031000.0,471192000.0,114765000.0,,1032051000.0,64691000.0,383769000.0,392000.0,1585278000.0,,,876894000.0,779152.0,98948000.0
2018,2050303000.0,468536000.0,487896000.0,31440000.0,,1266828000.0,85280000.0,417229000.0,747000.0,1856917000.0,,,783475000.0,779152.0,108526000.0
2019,2184829000.0,569448000.0,469962000.0,93628000.0,,1429013000.0,60993000.0,,407000.0,2066073000.0,,,755816000.0,779152.0,79418000.0
2020,2428474000.0,669101000.0,494845000.0,213345000.0,,1549688000.0,61345000.0,,211000.0,2235320000.0,,300945000.0,878786000.0,779152.0,76798000.0
2021,2336156000.0,543737000.0,520860000.0,50992000.0,,1319292000.0,311469000.0,,1144000.0,2412496000.0,,306564000.0,1016864000.0,779152.0,398719000.0
2022,2455564000.0,613524000.0,543830000.0,,,1381623000.0,362916000.0,,2384000.0,2636342000.0,,348072000.0,1073941000.0,779152.0,474619000.0
2023,2773826000.0,627962000.0,523759000.0,,,1608510000.0,366646000.0,,15073000.0,2855751000.0,,361252000.0,1165316000.0,779152.0,480688000.0
2024,2924481000.0,632018000.0,633814000.0,,60000000.0,1842364000.0,381816000.0,,,3081690000.0,,333033000.0,1082117000.0,779152.0,489391000.0
2025,3043970000.0,681464000.0,535784000.0,,0.0,2130832000.0,455748000.0,,,3372794000.0,,317977000.0,913138000.0,779152.0,568715000.0
2010,5491000000.0,661000000.0,489000000.0,4000000.0,1798000000.0,1592000000.0,125000000.0,,110000000.0,766000000.0,,137000000.0,3892000000.0,784977.0,267000000.0
2011,5733000000.0,716000000.0,614000000.0,6000000.0,1635000000.0,1663000000.0,147000000.0,,110000000.0,833000000.0,,144000000.0,4067000000.0,784977.0,309000000.0
2012,5670000000.0,622000000.0,521000000.0,12000000.0,1536000000.0,1728000000.0,141000000.0,,108000000.0,893000000.0,,152000000.0,3940000000.0,784977.0,302000000.0
2013,6101000000.0,591000000.0,393000000.0,107000000.0,1916000000.0,1819000000.0,105000000.0,,101000000.0,913000000.0,,146000000.0,4281000000.0,784977.0,206000000.0
2014,7042000000.0,699000000.0,873000000.0,127000000.0,2126000000.0,1911000000.0,175000000.0,,96000000.0,1000000000.0,,149000000.0,5131000000.0,784977.0,293000000.0
2015,7221000000.0,557000000.0,626000000.0,4000000.0,2071000000.0,,172000000.0,,114000000.0,1070000000.0,,158000000.0,4963000000.0,784977.0,309000000.0
2016,7527000000.0,463000000.0,577000000.0,6000000.0,2200000000.0,,193000000.0,,112000000.0,1150000000.0,,155000000.0,5183000000.0,784977.0,333000000.0
2017,7838000000.0,526000000.0,432000000.0,39000000.0,2426000000.0,,,,120000000.0,1217000000.0,,168000000.0,5422000000.0,784977.0,376000000.0
2018,8110000000.0,643000000.0,791000000.0,119000000.0,2178000000.0,,,1991000000.0,124000000.0,1301000000.0,,193000000.0,5604000000.0,784977.0,346000000.0
2019,8394000000.0,500000000.0,519000000.0,30000000.0,2597000000.0,,,2123000000.0,128000000.0,1381000000.0,,167000000.0,5803000000.0,784977.0,353000000.0
2020,9069000000.0,721000000.0,815000000.0,,2886000000.0,,,2145000000.0,136000000.0,1393000000.0,,271000000.0,6456000000.0,784977.0,269000000.0
2021,9494000000.0,688000000.0,768000000.0,,3285000000.0,,,2396000000.0,137000000.0,1476000000.0,,329000000.0,6787000000.0,784977.0,378000000.0
2022,10459000000.0,1210000000.0,1496000000.0,,3386000000.0,,,2647000000.0,156000000.0,1534000000.0,,398000000.0,7680000000.0,784977.0,397000000.0
2023,11208000000.0,935000000.0,1112000000.0,,3905000000.0,,,2923000000.0,173000000.0,1574000000.0,,414000000.0,7889000000.0,784977.0,396000000.0
2024,12544000000.0,1025000000.0,1119000000.0,,4354000000.0,,,3440000000.0,211000000.0,1680000000.0,,456000000.0,8750000000.0,784977.0,512000000.0
2025,13230000000.0,1072000000.0,993000000.0,,4662000000.0,,,3576000000.0,232000000.0,1755000000.0,,460000000.0,9097000000.0,784977.0,555000000.0
2010,2372100000.0,406200000.0,359300000.0,,1496800000.0,-2200000.0,899000000.0,,,-2818400000.0,,224900000.0,1986900000.0,785161.0,
2011,2271200000.0,391000000.0,313200000.0,30100000.0,1235800000.0,117000000.0,50000000.0,,,-2609700000.0,,222800000.0,1682200000.0,785161.0,
2012,2423800000.0,636800000.0,300900000.0,132800000.0,,291600000.0,47000000.0,,,-2424700000.0,,249300000.0,1677500000.0,785161.0,
2013,2534400000.0,580400000.0,311600000.0,64500000.0,,344600000.0,48900000.0,,,-2101100000.0,,261800000.0,1959000000.0,785161.0,
2014,3408800000.0,686600000.0,364300000.0,66700000.0,,473200000.0,42100000.0,,,-1879100000.0,,323200000.0,2611400000.0,785161.0,
2015,4606100000.0,598700000.0,426400000.0,61600000.0,,611400000.0,47000000.0,,,-1696000000.0,,410500000.0,3705700000.0,785161.0,
2016,4681900000.0,654500000.0,475600000.0,40500000.0,,735900000.0,65300000.0,,172100000.0,-1448400000.0,,432000000.0,3614900000.0,785161.0,145500000.0
2017,4893700000.0,702200000.0,517500000.0,54400000.0,,1181700000.0,60600000.0,,154400000.0,-1191000000.0,,459500000.0,3248200000.0,785161.0,144700000.0
2018,5175000000.0,662100000.0,672500000.0,69200000.0,,1276700000.0,28100000.0,1096000000.0,147300000.0,-885200000.0,,459900000.0,3356300000.0,785161.0,93400000.0
2019,6080700000.0,755800000.0,721000000.0,94800000.0,,1352200000.0,67600000.0,1184400000.0,159700000.0,-526500000.0,,498700000.0,4148000000.0,785161.0,141200000.0
2020,6445900000.0,948600000.0,717300000.0,224000000.0,,1588000000.0,86000000.0,1214400000.0,184200000.0,-242300000.0,,563000000.0,4444300000.0,785161.0,168300000.0
2021,6864900000.0,921400000.0,748800000.0,54800000.0,,1911300000.0,412200000.0,5121600000.0,164600000.0,141800000.0,,666600000.0,4465700000.0,785161.0,
2022,5636500000.0,717200000.0,575900000.0,21800000.0,,1310300000.0,89400000.0,1137300000.0,175700000.0,115700000.0,,524800000.0,3774600000.0,785161.0,151900000.0
2023,6102400000.0,841800000.0,656400000.0,69100000.0,,1647500000.0,352000000.0,4801200000.0,143500000.0,406500000.0,,599800000.0,3805200000.0,785161.0,
2024,6534700000.0,886900000.0,841000000.0,85400000.0,,2067000000.0,455700000.0,5373200000.0,,796700000.0,,593000000.0,3685500000.0,785161.0,
2025,7089700000.0,905900000.0,836400000.0,72200000.0,,2438200000.0,566200000.0,5935200000.0,,1289400000.0,,613400000.0,3813900000.0,785161.0,
2012,536389000.0,14603000.0,43181000.0,3971000.0,,291005000.0,-18690000.0,35402000.0,1847000.0,226188000.0,1835000.0,3107000.0,236566000.0,785968.0,-25085000.0
2013,575405000.0,30564000.0,26309000.0,2551000.0,51559000.0,288881000.0,-20420000.0,34801000.0,9289000.0,200693000.0,3382000.0,3204000.0,255288000.0,785968.0,-32349000.0
2010,86113000000.0,55676000000.0,26147000000.0,5505000000.0,4939000000.0,46175000000.0,4518000000.0,16039000000.0,151000000.0,-16681000000.0,740000000.0,13014000000.0,,789019.0,24098000000.0
2011,108704000000.0,74918000000.0,28774000000.0,9610000000.0,11921000000.0,57083000000.0,5874000000.0,,295000000.0,,1372000000.0,14987000000.0,51621000000.0,789019.0,27161000000.0
2012,121271000000.0,85084000000.0,32688000000.0,6938000000.0,10713000000.0,66363000000.0,-492000000.0,,380000000.0,,1137000000.0,15780000000.0,54908000000.0,789019.0,21763000000.0
2013,142431000000.0,101466000000.0,37417000000.0,3804000000.0,12601000000.0,78944000000.0,4965000000.0,,429000000.0,9895000000.0,1938000000.0,17486000000.0,63487000000.0,789019.0,26764000000.0
2014,172384000000.0,114246000000.0,45625000000.0,8669000000.0,20645000000.0,89784000000.0,4612000000.0,,597000000.0,17710000000.0,2660000000.0,19544000000.0,82600000000.0,789019.0,27759000000.0
2015,176223000000.0,124712000000.0,49858000000.0,5595000000.0,27808000000.0,80083000000.0,-3195000000.0,,781000000.0,9096000000.0,2902000000.0,17908000000.0,96140000000.0,789019.0,18161000000.0
2016,193694000000.0,139660000000.0,59357000000.0,6510000000.0,40783000000.0,71997000000.0,3122000000.0,,1243000000.0,2282000000.0,2251000000.0,18277000000.0,121697000000.0,789019.0,3080000000.0
2017,241086000000.0,159851000000.0,64527000000.0,7663000000.0,76073000000.0,72394000000.0,6513000000.0,,2222000000.0,2648000000.0,2181000000.0,19792000000.0,168692000000.0,789019.0,5330000000.0
2018,258848000000.0,169662000000.0,58488000000.0,11946000000.0,72242000000.0,82718000000.0,8873000000.0,,2733000000.0,13682000000.0,2662000000.0,26481000000.0,176130000000.0,789019.0,10379000000.0
2019,286556000000.0,175552000000.0,69420000000.0,11356000000.0,66662000000.0,102330000000.0,13187000000.0,,2686000000.0,24150000000.0,2063000000.0,29524000000.0,184226000000.0,789019.0,12405000000.0
2020,301311000000.0,181915000000.0,72310000000.0,13576000000.0,59578000000.0,118304000000.0,11202000000.0,,2591000000.0,34566000000.0,1895000000.0,32011000000.0,183007000000.0,789019.0,13407000000.0
2021,333779000000.0,184406000000.0,88657000000.0,14224000000.0,50074000000.0,141988000000.0,61271000000.0,,2346000000.0,57055000000.0,2636000000.0,38043000000.0,191791000000.0,789019.0,69916000000.0
2022,364840000000.0,169684000000.0,95082000000.0,13931000000.0,47032000000.0,166542000000.0,72738000000.0,,2063000000.0,84281000000.0,3742000000.0,44261000000.0,198298000000.0,789019.0,83383000000.0
2023,411976000000.0,184257000000.0,104149000000.0,34704000000.0,41990000000.0,206223000000.0,72361000000.0,,1968000000.0,118848000000.0,2500000000.0,48688000000.0,205753000000.0,789019.0,88523000000.0
2024,512163000000.0,159734000000.0,125286000000.0,18315000000.0,42688000000.0,268477000000.0,88136000000.0,,2935000000.0,173144000000.0,1246000000.0,56924000000.0,243686000000.0,789019.0,109433000000.0
2025,619003000000.0,191131000000.0,141218000000.0,30242000000.0,40152000000.0,343479000000.0,101832000000.0,,,237731000000.0,938000000.0,69905000000.0,275524000000.0,789019.0,128528000000.0
2026,758376000000.0,207710000000.0,168825000000.0,20935000000.0,31067000000.0,442387000000.0,133749000000.0,,,328265000000.0,1397000000.0,80876000000.0,315989000000.0,789019.0,155237000000.0
2009,12370600000.0,3871700000.0,1463600000.0,417200000.0,4413300000.0,5092400000.0,242800000.0,6694700000.0,215800000.0,7135400000.0,2016600000.0,906700000.0,7264900000.0,789073.0,505200000.0
2010,12675300000.0,4343000000.0,2106900000.0,864700000.0,3637400000.0,5671100000.0,85400000.0,1895500000.0,213800000.0,7499300000.0,2088300000.0,917200000.0,6987300000.0,789073.0,157200000.0
2011,7491800000.0,2434400000.0,758700000.0,218300000.0,1902100000.0,4099700000.0,88500000.0,2871700000.0,117400000.0,5892600000.0,1551500000.0,364800000.0,3392100000.0,789073.0,395500000.0
2012,8636900000.0,2863400000.0,1208600000.0,365700000.0,2024900000.0,,382400000.0,3070100000.0,109000000.0,6139700000.0,1736900000.0,413700000.0,4024800000.0,789073.0,575900000.0
2013,8584700000.0,2890100000.0,706600000.0,277200000.0,2024500000.0,,362500000.0,3148400000.0,91600000.0,6352600000.0,1843300000.0,403800000.0,3510600000.0,789073.0,617100000.0
2012,561699.0,328017.0,5978822.0,1623.0,55645.0,-5672768.0,-3214629.0,,,,246020.0,56250.0,,790652.0,-3138893.0
2019,95237.0,75846.0,548962.0,44615.0,,-833639.0,-1659662.0,161781.0,35795.0,-133062606.0,,,548962.0,790652.0,-1651921.0
2020,135482.0,71314.0,1189416.0,45960.0,79600.0,-1539494.0,-1029118.0,10875.0,61751.0,-134109749.0,,,1277037.0,790652.0,-971386.0
2021,20424.0,20424.0,1378461.0,2473.0,79600.0,-1842981.0,-689918.0,10875.0,80884.0,-134817667.0,,,1447466.0,790652.0,-619718.0
2022,12602.0,12602.0,1825542.0,,,-2246879.0,-647329.0,,81772.0,-135482996.0,,,1825542.0,790652.0,-565557.0
2023,21751.0,21751.0,2096667.0,,,-2526855.0,-372818.0,10610.0,,-135873814.0,,,2096667.0,790652.0,-291079.0
2024,241.0,241.0,2183639.0,,,-2653361.0,-158625.0,10610.0,,-136050463.0,,,2183639.0,790652.0,-76662.0
2010,1646100000.0,857000000.0,278600000.0,329200000.0,378000000.0,,58800000.0,,22800000.0,492900000.0,265600000.0,186900000.0,,795403.0,114200000.0
2011,1697500000.0,814600000.0,283600000.0,250600000.0,397400000.0,919800000.0,,,25800000.0,515100000.0,284200000.0,207100000.0,,795403.0,117100000.0
2012,1709000000.0,816000000.0,368000000.0,271800000.0,307500000.0,939500000.0,,,24600000.0,498100000.0,290700000.0,207100000.0,,795403.0,123400000.0
2013,1740200000.0,857100000.0,326900000.0,,305500000.0,1002100000.0,,,21500000.0,513100000.0,310200000.0,212900000.0,,795403.0,111500000.0
2014,1948000000.0,874300000.0,345700000.0,,577800000.0,912400000.0,50300000.0,,19900000.0,500600000.0,291600000.0,207800000.0,,795403.0,105400000.0
2015,1692800000.0,809000000.0,295000000.0,,576200000.0,704900000.0,-112900000.0,,24300000.0,317700000.0,240000000.0,186400000.0,,795403.0,-90100000.0
2016,1800300000.0,858000000.0,425500000.0,338400000.0,511300000.0,736300000.0,84200000.0,,22600000.0,348500000.0,239400000.0,198000000.0,,795403.0,145000000.0
2017,1736500000.0,783600000.0,327400000.0,280200000.0,474600000.0,829000000.0,73100000.0,,19100000.0,372900000.0,259100000.0,216100000.0,,795403.0,162300000.0
2018,1653700000.0,721300000.0,348700000.0,204100000.0,323400000.0,891300000.0,128000000.0,387600000.0,16300000.0,440700000.0,286800000.0,205500000.0,,795403.0,188400000.0
2019,1723100000.0,734900000.0,419300000.0,219700000.0,204200000.0,978000000.0,131500000.0,400300000.0,14100000.0,513900000.0,270100000.0,219800000.0,,795403.0,197100000.0
2020,1738200000.0,709500000.0,312800000.0,218900000.0,198200000.0,1069800000.0,114300000.0,403400000.0,13300000.0,560100000.0,263600000.0,197600000.0,,795403.0,181100000.0
2021,1855600000.0,861500000.0,408500000.0,242000000.0,141900000.0,1173200000.0,165700000.0,1809200000.0,6300000.0,665900000.0,370700000.0,220900000.0,,795403.0,239600000.0
2022,1930900000.0,950600000.0,378700000.0,310800000.0,147600000.0,1300600000.0,251500000.0,1979500000.0,7000000.0,795300000.0,375600000.0,233800000.0,,795403.0,315000000.0
2023,2309400000.0,1061000000.0,405800000.0,350100000.0,298300000.0,1513300000.0,262100000.0,2056300000.0,8200000.0,979100000.0,399300000.0,259800000.0,,795403.0,350900000.0
2024,2397000000.0,1083500000.0,417900000.0,386900000.0,197000000.0,1707900000.0,291200000.0,2252200000.0,14700000.0,1184800000.0,392100000.0,253200000.0,,795403.0,390400000.0
2025,2881200000.0,1286100000.0,512400000.0,405500000.0,197700000.0,2027700000.0,340800000.0,2438500000.0,10800000.0,1431300000.0,524300000.0,294000000.0,,795403.0,448100000.0
2009,4890346000.0,3206329000.0,2428205000.0,659898000.0,,786415000.0,-596465000.0,,65628000.0,-590195000.0,1252929000.0,,3745796000.0,800240.0,-265005000.0
2010,4652366000.0,3090655000.0,2343445000.0,627478000.0,,778425000.0,34892000.0,,58498000.0,-555303000.0,1233657000.0,,3517483000.0,800240.0,-37291000.0
2011,4250984000.0,2744132000.0,2047437000.0,570681000.0,684714000.0,739071000.0,20350000.0,,33223000.0,-539124000.0,1146974000.0,631700000.0,3148063000.0,800240.0,33754000.0
2012,4010779000.0,2696190000.0,2045968000.0,670811000.0,659479000.0,661441000.0,-7316000.0,,68937000.0,-616235000.0,1050625000.0,521100000.0,2962830000.0,800240.0,-30841000.0
2013,7477000000.0,4396000000.0,2922000000.0,955000000.0,,2063000000.0,-121000000.0,,69000000.0,-636000000.0,1812000000.0,855000000.0,5359000000.0,800240.0,-205000000.0
2014,6844000000.0,4218000000.0,2893000000.0,1071000000.0,,1621000000.0,-84000000.0,,89000000.0,-990000000.0,1638000000.0,812000000.0,5223000000.0,800240.0,-275000000.0
2015,6442000000.0,4060000000.0,2743000000.0,1069000000.0,,1603000000.0,8000000.0,,93000000.0,-982000000.0,1698000000.0,774000000.0,4839000000.0,800240.0,115000000.0
2016,5540000000.0,2973000000.0,2031000000.0,763000000.0,,1852000000.0,80000000.0,,80000000.0,-453000000.0,1279000000.0,415000000.0,3688000000.0,800240.0,57000000.0
2017,6323000000.0,2871000000.0,2046000000.0,622000000.0,,2120000000.0,-52000000.0,,62000000.0,-273000000.0,1093000000.0,650000000.0,4185000000.0,800240.0,59000000.0
2018,6166000000.0,2683000000.0,2185000000.0,658000000.0,,2126000000.0,-14000000.0,2670000000.0,121000000.0,-173000000.0,1065000000.0,655000000.0,4040000000.0,800240.0,24000000.0
2019,7311000000.0,3447000000.0,3094000000.0,698000000.0,,2173000000.0,55000000.0,2508000000.0,89000000.0,-89000000.0,1032000000.0,599000000.0,5138000000.0,800240.0,74000000.0
2020,5558000000.0,2355000000.0,2093000000.0,729000000.0,,1880000000.0,18000000.0,2288000000.0,42000000.0,-409000000.0,930000000.0,631000000.0,3678000000.0,800240.0,21000000.0
2021,4865000000.0,2389000000.0,2265000000.0,514000000.0,,1438000000.0,-274000000.0,2042000000.0,28000000.0,-617000000.0,859000000.0,495000000.0,3427000000.0,800240.0,31000000.0
2022,4149000000.0,1910000000.0,1859000000.0,403000000.0,,1287000000.0,17000000.0,2106000000.0,16000000.0,-451000000.0,828000000.0,536000000.0,2862000000.0,800240.0,55000000.0
2023,3886000000.0,1678000000.0,1693000000.0,392000000.0,,1101000000.0,-37000000.0,1806000000.0,20000000.0,-312000000.0,765000000.0,487000000.0,2785000000.0,800240.0,-31000000.0
2024,3529000000.0,1438000000.0,1543000000.0,166000000.0,,807000000.0,-3000000.0,1624000000.0,23000000.0,-315000000.0,770000000.0,466000000.0,2722000000.0,800240.0,20000000.0
2010,1653272000.0,978638000.0,469466000.0,191227000.0,0.0,,138581000.0,,14483000.0,501394000.0,310504000.0,318123000.0,,801351.0,247811000.0
2011,1747850000.0,1064630000.0,452000000.0,232531000.0,208477000.0,897200000.0,127450000.0,,16274000.0,625760000.0,350835000.0,322976000.0,,801351.0,181545000.0
2010,2813922000.0,1296062000.0,1191585000.0,581390000.0,,413008000.0,-132322000.0,1623427000.0,30813000.0,-1707638000.0,66612000.0,319628000.0,2328035000.0,803014.0,-49915000.0
2011,2649174000.0,1064226000.0,975397000.0,515637000.0,591151000.0,441508000.0,4476000.0,405455000.0,33332000.0,-1766364000.0,44405000.0,290599000.0,2096422000.0,803014.0,16267000.0
2009,27445000000.0,12570000000.0,2813000000.0,2717000000.0,,20316000000.0,1592000000.0,10416000000.0,,11235000000.0,453000000.0,700000000.0,7129000000.0,804328.0,2226000000.0
2010,30572000000.0,12133000000.0,5468000000.0,3547000000.0,,20858000000.0,3247000000.0,2952000000.0,58000000.0,13305000000.0,528000000.0,730000000.0,9714000000.0,804328.0,837000000.0
2011,36422000000.0,14293000000.0,5289000000.0,5462000000.0,,26951000000.0,1056000000.0,4117000000.0,-114000000.0,16204000000.0,765000000.0,993000000.0,9450000000.0,804328.0,1238000000.0
2012,43012000000.0,15645000000.0,5302000000.0,3807000000.0,,33523000000.0,1271000000.0,4871000000.0,90000000.0,20701000000.0,1030000000.0,1459000000.0,9467000000.0,804328.0,1235000000.0
2013,45516000000.0,19555000000.0,5213000000.0,6142000000.0,,36088000000.0,1501000000.0,6480000000.0,23000000.0,25461000000.0,1302000000.0,2142000000.0,9429000000.0,804328.0,1588000000.0
2014,48574000000.0,22413000000.0,6013000000.0,7907000000.0,,39169000000.0,1894000000.0,6692000000.0,5000000.0,30799000000.0,1458000000.0,,9408000000.0,804328.0,1992000000.0
2015,50796000000.0,22099000000.0,6100000000.0,7560000000.0,,31421000000.0,1061000000.0,5456000000.0,104000000.0,31226000000.0,1492000000.0,1941000000.0,19382000000.0,804328.0,1140000000.0
2016,52359000000.0,22981000000.0,7311000000.0,5946000000.0,,31778000000.0,1599000000.0,6184000000.0,297000000.0,30936000000.0,1556000000.0,2194000000.0,20591000000.0,804328.0,1804000000.0
2017,65486000000.0,43593000000.0,10907000000.0,35029000000.0,,30746000000.0,168000000.0,5905000000.0,494000000.0,30088000000.0,2035000000.0,3576000000.0,34740000000.0,804328.0,333000000.0
2018,32686000000.0,17384000000.0,11236000000.0,11777000000.0,,,-4864000000.0,5803000000.0,768000000.0,663000000.0,1693000000.0,2848000000.0,31758000000.0,804328.0,-654000000.0
2019,32957000000.0,16765000000.0,8935000000.0,11839000000.0,13437000000.0,4909000000.0,4386000000.0,4814000000.0,627000000.0,4466000000.0,1400000000.0,1046000000.0,28048000000.0,804328.0,701000000.0
2020,35594000000.0,18519000000.0,8672000000.0,6707000000.0,15226000000.0,,5198000000.0,8346000000.0,602000000.0,5284000000.0,2598000000.0,2687000000.0,29517000000.0,804328.0,3452000000.0
2021,41240000000.0,20075000000.0,11951000000.0,7116000000.0,13701000000.0,,9043000000.0,33566000000.0,559000000.0,9822000000.0,3228000000.0,2214000000.0,31290000000.0,804328.0,9789000000.0
2022,49014000000.0,20724000000.0,11866000000.0,2773000000.0,13537000000.0,,12936000000.0,44200000000.0,490000000.0,17840000000.0,6341000000.0,4175000000.0,31001000000.0,804328.0,15860000000.0
2023,51040000000.0,22464000000.0,9628000000.0,8450000000.0,14484000000.0,,7232000000.0,35820000000.0,694000000.0,20733000000.0,6422000000.0,1923000000.0,29459000000.0,804328.0,7788000000.0
2024,55154000000.0,25231000000.0,10504000000.0,7849000000.0,13270000000.0,,10142000000.0,38962000000.0,697000000.0,25687000000.0,6423000000.0,2347000000.0,28880000000.0,804328.0,10071000000.0
2025,50143000000.0,25754000000.0,9144000000.0,5520000000.0,14811000000.0,,5541000000.0,44284000000.0,664000000.0,20646000000.0,6526000000.0,2855000000.0,28937000000.0,804328.0,12355000000.0
2010,7282261000.0,,,133780000.0,636733000.0,729708000.0,58101000.0,,71473000.0,406342000.0,,,6552553000.0,805676.0,
2011,6972245000.0,,,157486000.0,823182000.0,742364000.0,82140000.0,,58646000.0,424557000.0,,,6229881000.0,805676.0,
2012,6642803000.0,,,201305000.0,781658000.0,650366000.0,78630000.0,,50420000.0,441605000.0,,,5992437000.0,805676.0,
2013,6638347000.0,,,147030000.0,810541000.0,651747000.0,77227000.0,,41922000.0,460643000.0,,,5986600000.0,805676.0,
2014,7003256000.0,,,237699000.0,786602000.0,698598000.0,84090000.0,,40099000.0,486541000.0,,,6304658000.0,805676.0,
2015,7311354000.0,,,149459000.0,738105000.0,713355000.0,81012000.0,,37442000.0,507505000.0,,,6597999000.0,805676.0,
2016,7467586000.0,,,146446000.0,694281000.0,742240000.0,86135000.0,,38172000.0,535631000.0,,,6725346000.0,805676.0,
2017,7537620000.0,,,169112000.0,500000000.0,756101000.0,84242000.0,,42665000.0,561908000.0,,,6781519000.0,805676.0,
2018,7804308000.0,,,167214000.0,400000000.0,832506000.0,110387000.0,,43903000.0,614069000.0,,,6971802000.0,805676.0,
2019,8558377000.0,,,159956000.0,192500000.0,969014000.0,23936000.0,,14820000.0,646847000.0,,,7589363000.0,805676.0,
2020,9279021000.0,,,370474000.0,32500000.0,1040256000.0,45200000.0,,5479000.0,704764000.0,,,8238765000.0,805676.0,
2021,9560254000.0,,,219180000.0,,1110759000.0,153945000.0,,15960000.0,776294000.0,,,8449495000.0,805676.0,
2022,9854993000.0,,,189728000.0,,1069226000.0,148351000.0,,31188000.0,847235000.0,,,8785767000.0,805676.0,
2023,9836453000.0,,,218268000.0,,1145293000.0,126734000.0,,98557000.0,903877000.0,,,8691160000.0,805676.0,
2024,9805350000.0,,,160566000.0,,1243848000.0,151420000.0,645553000.0,,977599000.0,,,8561502000.0,805676.0,
2025,9805013000.0,,,233513000.0,,1352793000.0,180073000.0,664421000.0,,1067823000.0,,,8452220000.0,805676.0,
2009,11439000000.0,6225000000.0,1613000000.0,1595000000.0,1785000000.0,,,,131000000.0,6512000000.0,1836000000.0,2331000000.0,,808362.0,732000000.0
2010,22986000000.0,8707000000.0,3139000000.0,1456000000.0,3554000000.0,14100000000.0,335000000.0,,141000000.0,7083000000.0,2594000000.0,3942000000.0,,808362.0,1417000000.0
2011,24847000000.0,9797000000.0,3502000000.0,1050000000.0,3845000000.0,15746000000.0,314000000.0,,221000000.0,8561000000.0,3222000000.0,4878000000.0,,808362.0,2600000000.0
2012,26689000000.0,10417000000.0,4124000000.0,1015000000.0,3837000000.0,17069000000.0,214000000.0,,210000000.0,9609000000.0,3781000000.0,4815000000.0,,808362.0,2192000000.0
2013,27934000000.0,11295000000.0,4578000000.0,1399000000.0,3882000000.0,17713000000.0,248000000.0,,234000000.0,10438000000.0,3884000000.0,5138000000.0,,808362.0,1949000000.0
2014,28827000000.0,12045000000.0,4637000000.0,1740000000.0,3913000000.0,18625000000.0,663000000.0,,232000000.0,11878000000.0,4074000000.0,5418000000.0,,808362.0,2859000000.0
2015,24080000000.0,9268000000.0,2775000000.0,2324000000.0,3890000000.0,16298000000.0,-1031000000.0,,217000000.0,9614000000.0,2917000000.0,3217000000.0,,808362.0,-2396000000.0
2016,19034000000.0,9167000000.0,2304000000.0,4572000000.0,2886000000.0,12656000000.0,-417000000.0,,178000000.0,6583000000.0,1809000000.0,2251000000.0,,808362.0,-1623000000.0
2017,56886000000.0,18608000000.0,8905000000.0,7019000000.0,,39018000000.0,-182000000.0,,,-459000000.0,4590000000.0,,,808362.0,-107000000.0
2018,52234000000.0,14998000000.0,9001000000.0,,,34766000000.0,276000000.0,6264000000.0,,-354000000.0,4620000000.0,,,808362.0,701000000.0
2019,53213000000.0,15293000000.0,9994000000.0,,,34299000000.0,86000000.0,6347000000.0,,-110000000.0,4608000000.0,,,808362.0,1074000000.0
2020,37929000000.0,16526000000.0,10306000000.0,,,18031000000.0,-15825000000.0,20705000000.0,,-15939000000.0,4421000000.0,,,808362.0,-15922000000.0
2021,35286000000.0,15122000000.0,9180000000.0,,,16587000000.0,-372000000.0,20502000000.0,,-16311000000.0,3979000000.0,,,808362.0,1310000000.0
2022,34172000000.0,14605000000.0,11032000000.0,,,14528000000.0,-526000000.0,21156000000.0,,-16837000000.0,4587000000.0,,,808362.0,1185000000.0
2010,9730000000.0,5835000000.0,3589000000.0,585000000.0,,-981000000.0,223000000.0,12145000000.0,253000000.0,-1878000000.0,1568000000.0,987000000.0,10654000000.0,808450.0,
2011,12291000000.0,7235000000.0,4798000000.0,539000000.0,4856000000.0,-27000000.0,255000000.0,4323000000.0,247000000.0,-155000000.0,1714000000.0,1219000000.0,12263000000.0,808450.0,
2012,9102000000.0,5837000000.0,4353000000.0,1087000000.0,4771000000.0,-3310000000.0,-2769000000.0,3279000000.0,259000000.0,-3165000000.0,1537000000.0,749000000.0,12362000000.0,808450.0,
2013,8315000000.0,5459000000.0,4261000000.0,755000000.0,5085000000.0,-3649000000.0,-898000000.0,2751000000.0,321000000.0,-4063000000.0,1210000000.0,737000000.0,11916000000.0,808450.0,
2014,7443000000.0,5013000000.0,4231000000.0,497000000.0,5224000000.0,-4654000000.0,-619000000.0,3008000000.0,314000000.0,-4682000000.0,1319000000.0,553000000.0,12061000000.0,808450.0,
2015,6692000000.0,4622000000.0,3788000000.0,912000000.0,5298000000.0,-5167000000.0,-184000000.0,2488000000.0,307000000.0,-4866000000.0,1135000000.0,429000000.0,11852000000.0,808450.0,
2016,5653000000.0,3759000000.0,3203000000.0,804000000.0,4904000000.0,-5298000000.0,-97000000.0,2063000000.0,327000000.0,-4963000000.0,944000000.0,276000000.0,10946000000.0,808450.0,
2017,6135000000.0,4160000000.0,3645000000.0,706000000.0,5058000000.0,-4578000000.0,30000000.0,8570000000.0,351000000.0,-4933000000.0,857000000.0,391000000.0,10709000000.0,808450.0,
2018,7230000000.0,5136000000.0,3807000000.0,1320000000.0,5467000000.0,-3931000000.0,340000000.0,3317000000.0,327000000.0,-4593000000.0,1110000000.0,456000000.0,11156000000.0,808450.0,
2019,6917000000.0,4952000000.0,3575000000.0,1370000000.0,5188000000.0,-3726000000.0,221000000.0,2780000000.0,312000000.0,-4409000000.0,911000000.0,338000000.0,10640000000.0,808450.0,
2020,6637000000.0,4577000000.0,3371000000.0,1843000000.0,5330000000.0,-3826000000.0,-347000000.0,2065000000.0,268000000.0,-4566000000.0,763000000.0,273000000.0,10459000000.0,808450.0,
2010,15616000000.0,2759000000.0,2021000000.0,247000000.0,6448000000.0,2793000000.0,340000000.0,6432000000.0,431000000.0,-1757000000.0,,981000000.0,,811156.0,978000000.0
2011,16452000000.0,2565000000.0,2338000000.0,161000000.0,6040000000.0,3028000000.0,41000000.0,1620000000.0,415000000.0,-1553000000.0,,869000000.0,,811156.0,174000000.0
2012,17131000000.0,2422000000.0,1797000000.0,93000000.0,6710000000.0,3194000000.0,67000000.0,1670000000.0,389000000.0,-1423000000.0,,855000000.0,,811156.0,212000000.0
2013,17416000000.0,2526000000.0,1945000000.0,172000000.0,7101000000.0,3454000000.0,,1736000000.0,398000000.0,-1242000000.0,,914000000.0,,811156.0,264000000.0
2014,19185000000.0,2597000000.0,2014000000.0,207000000.0,8016000000.0,3670000000.0,96000000.0,1758000000.0,407000000.0,-1058000000.0,,881000000.0,,811156.0,273000000.0
2015,20340000000.0,2320000000.0,2302000000.0,266000000.0,8441000000.0,3938000000.0,106000000.0,1509000000.0,396000000.0,-855000000.0,,774000000.0,,811156.0,245000000.0
2016,21622000000.0,2280000000.0,2655000000.0,235000000.0,8640000000.0,4253000000.0,77000000.0,1640000000.0,435000000.0,-616000000.0,,821000000.0,,811156.0,290000000.0
2017,23050000000.0,2475000000.0,2784000000.0,182000000.0,9123000000.0,4441000000.0,-3000000.0,1778000000.0,438000000.0,-531000000.0,,1032000000.0,,811156.0,379000000.0
2018,24529000000.0,2468000000.0,2624000000.0,153000000.0,10615000000.0,4755000000.0,108000000.0,1829000000.0,458000000.0,-271000000.0,,964000000.0,,811156.0,250000000.0
2019,26837000000.0,2331000000.0,2704000000.0,140000000.0,11951000000.0,5018000000.0,167000000.0,1795000000.0,519000000.0,-25000000.0,,886000000.0,,811156.0,311000000.0
2020,29666000000.0,2404000000.0,3074000000.0,168000000.0,13634000000.0,5496000000.0,158000000.0,1798000000.0,561000000.0,214000000.0,,863000000.0,,811156.0,352000000.0
2021,28753000000.0,2627000000.0,2204000000.0,452000000.0,12046000000.0,6631000000.0,639000000.0,2033000000.0,500000000.0,1057000000.0,,931000000.0,,811156.0,204000000.0
2022,31353000000.0,3433000000.0,2985000000.0,164000000.0,13122000000.0,7015000000.0,837000000.0,8596000000.0,519000000.0,1350000000.0,,1564000000.0,,811156.0,1224000000.0
2023,33517000000.0,2839000000.0,2895000000.0,227000000.0,14508000000.0,7544000000.0,887000000.0,7462000000.0,643000000.0,1658000000.0,,,,811156.0,1235000000.0
2024,35920000000.0,2790000000.0,3521000000.0,103000000.0,15194000000.0,8230000000.0,1003000000.0,7515000000.0,,2035000000.0,,,,811156.0,1487000000.0
2025,39941000000.0,3472000000.0,3548000000.0,509000000.0,17807000000.0,9144000000.0,1071000000.0,8539000000.0,,2443000000.0,,,,811156.0,1727000000.0
2011,46116.0,10533.0,8036420.0,8874.0,,-8183652.0,-2834811.0,262.0,906569.0,-15744197.0,,,8229768.0,811222.0,-1089082.0
2012,4266.0,3511.0,4549785.0,1852.0,106242.0,-4808577.0,596245.0,839.0,521403.0,-15147952.0,,,4812843.0,811222.0,-819230.0
2014,1250856.0,75418.0,1309554.0,46311.0,,-158698.0,-13131697.0,890401.0,61109.0,-39262444.0,,3782.0,1409554.0,811222.0,-12452781.0
2015,1212479.0,52638.0,1822968.0,31559.0,,-610489.0,-3944421.0,1389601.0,32096.0,-43206865.0,,54.0,1822968.0,811222.0,-3910376.0
2016,2472009.0,174175.0,4071306.0,62948.0,,-1599297.0,-2254492.0,1150251.0,48789.0,-45461357.0,42229.0,32008.0,,811222.0,-2159616.0
2017,1319061.0,190606.0,4749382.0,68986.0,,-3430321.0,-3651995.0,1625768.0,111682.0,-49113352.0,46928.0,63061.0,4749382.0,811222.0,-2992540.0
2018,3341066.0,232327.0,7147292.0,118307.0,,-4846226.0,-6265251.0,2373938.0,360331.0,-55378603.0,3079.0,64345.0,8187292.0,811222.0,-4304018.0
2019,5297194.0,232215.0,10313055.0,100776.0,,-5910430.0,-6363632.0,4541142.0,489294.0,-61742235.0,3079.0,118125.0,11207623.0,811222.0,-1315990.0
2020,4930147.0,295688.0,13402703.0,279311.0,,-8872334.0,-2836893.0,3453058.0,,-65583255.0,,16377.0,13802481.0,811222.0,-1804151.0
2021,11159915.0,5549783.0,8113532.0,,,2781364.0,-409707.0,10008860.0,,-66194744.0,,4948796.0,8378551.0,811222.0,1626102.0
2022,13353357.0,6836582.0,9973503.0,,,-1469808.0,-5429521.0,11998273.0,,-70855453.0,,6604780.0,10198163.0,811222.0,1691984.0
2023,20745811.0,14177197.0,13860567.0,,,731418.0,3028394.0,11853266.0,,-68684115.0,,13305254.0,14124289.0,811222.0,5195045.0
2024,23925679.0,17212576.0,15886803.0,,,2685169.0,-3302999.0,8270126.0,,-72949085.0,,15934490.0,16324405.0,811222.0,-193504.0
2025,29086945.0,22593365.0,25832369.0,,,-2469661.0,-5507592.0,11535577.0,,-79490980.0,,22070954.0,26014118.0,811222.0,1100586.0
2011,3290474000.0,,,216167000.0,,345150000.0,,,23565000.0,185491000.0,,,2945324000.0,811589.0,
2012,3244910000.0,,,241507000.0,46394000.0,356117000.0,-23406000.0,,17320000.0,153629000.0,,,2888793000.0,811589.0,
2013,3185070000.0,,,223274000.0,,371922000.0,20699000.0,,10985000.0,167136000.0,,,2813148000.0,811589.0,
2014,3218383000.0,,,253084000.0,,387699000.0,24996000.0,,8223000.0,184958000.0,,,2830684000.0,811589.0,
2015,3362065000.0,,,267268000.0,,342190000.0,27034000.0,,6908000.0,205060000.0,,,3019875000.0,811589.0,
2016,3614862000.0,,,305993000.0,,368101000.0,27509000.0,,7607000.0,225921000.0,,,3246761000.0,811589.0,
2017,5547037000.0,,,489490000.0,410665000.0,692979000.0,45972000.0,,12671000.0,264331000.0,,,4854058000.0,811589.0,
2018,5864116000.0,,,462898000.0,409550000.0,764230000.0,89289000.0,,23777000.0,341738000.0,,,5099886000.0,811589.0,
2019,6143639000.0,,,,300671000.0,852401000.0,92046000.0,,33903000.0,417764000.0,,,5291238000.0,811589.0,
2020,7289751000.0,,,,61829000.0,893421000.0,81477000.0,,19562000.0,478489000.0,,,6396330000.0,811589.0,
2021,10508901000.0,,,,67386000.0,1230575000.0,95644000.0,,9523000.0,532874000.0,,,9278326000.0,811589.0,
2022,10625049000.0,,,,287507000.0,1031596000.0,146936000.0,,16103000.0,648418000.0,,,9593453000.0,811589.0,
2023,12114942000.0,,,,630158000.0,1372380000.0,104131000.0,32816000.0,142101000.0,716420000.0,,,10742562000.0,811589.0,
2024,12147694000.0,,,,91876000.0,1445611000.0,76215000.0,70123000.0,,756327000.0,,,10702083000.0,811589.0,
2025,12668339000.0,,,,74569000.0,1654168000.0,111048000.0,67623000.0,,829659000.0,,,11014171000.0,811589.0,
2010,2143100000.0,1060769000.0,481907000.0,197866000.0,359250000.0,1163565000.0,47846000.0,2785745000.0,56725000.0,-125496000.0,,,,812900.0,90098000.0
2011,2128465000.0,1085674000.0,396712000.0,200176000.0,367962000.0,1206784000.0,36979000.0,925104000.0,48115000.0,-50706000.0,721887000.0,,,812900.0,51999000.0
2012,2090247000.0,1082122000.0,545337000.0,80409000.0,,1149849000.0,20432000.0,976610000.0,37182000.0,12176000.0,822899000.0,,,812900.0,46770000.0
2010,6405300000.0,2132000000.0,1665900000.0,139600000.0,2063900000.0,1902000000.0,292800000.0,5759200000.0,,2057300000.0,701600000.0,997900000.0,,814453.0,629900000.0
2011,6160900000.0,2148000000.0,1660900000.0,170200000.0,1809300000.0,1849100000.0,125200000.0,5864600000.0,,2097300000.0,699900000.0,1002000000.0,,814453.0,257200000.0
2012,6222000000.0,2271100000.0,1570800000.0,183800000.0,1706500000.0,1996700000.0,401300000.0,5902700000.0,,2294900000.0,696400000.0,1112400000.0,,814453.0,651900000.0
2013,6069700000.0,2285600000.0,1604500000.0,226300000.0,1661600000.0,2071500000.0,474600000.0,5692500000.0,,2242100000.0,684400000.0,1105100000.0,,814453.0,621000000.0
2014,6681100000.0,2426600000.0,1890700000.0,199400000.0,2084500000.0,1851400000.0,377800000.0,5727000000.0,,2111200000.0,708500000.0,1248200000.0,,814453.0,604700000.0
2015,7278000000.0,2493500000.0,1988600000.0,274800000.0,2687600000.0,1822900000.0,350000000.0,5915700000.0,,2090900000.0,721800000.0,1250700000.0,,814453.0,601400000.0
2016,33837500000.0,7484500000.0,4292000000.0,587500000.0,11290900000.0,11348800000.0,527800000.0,13264000000.0,,2289900000.0,2116000000.0,2746900000.0,,814453.0,1100100000.0
2017,33135500000.0,6078000000.0,4316800000.0,485700000.0,9889600000.0,14144700000.0,2748800000.0,14742200000.0,,4611200000.0,2498800000.0,2674000000.0,18954200000.0,814453.0,1225700000.0
2018,17716400000.0,7748800000.0,3330000000.0,495700000.0,6696300000.0,5243000000.0,-6917900000.0,,,-2486700000.0,1583100000.0,1850700000.0,12438600000.0,814453.0,-7828500000.0
2019,15642000000.0,4109900000.0,2978000000.0,348600000.0,5391300000.0,4963300000.0,106600000.0,,,-2404200000.0,1606700000.0,1841500000.0,10646000000.0,814453.0,-481700000.0
2020,14700000000.0,4628000000.0,3621000000.0,981000000.0,5141000000.0,3874000000.0,-770000000.0,,274000000.0,-3174000000.0,1638000000.0,1678000000.0,10800000000.0,814453.0,-634000000.0
2021,14179000000.0,4262000000.0,3317000000.0,440000000.0,4883000000.0,4091000000.0,572000000.0,,256000000.0,-2602000000.0,1997000000.0,1500000000.0,10088000000.0,814453.0,946000000.0
2022,13262000000.0,4052000000.0,3078000000.0,287000000.0,4756000000.0,,-249000000.0,,235000000.0,-2338000000.0,2203000000.0,1250000000.0,9743000000.0,814453.0,-273000000.0
2023,12163000000.0,3354000000.0,2897000000.0,332000000.0,4575000000.0,,-388000000.0,,283000000.0,-2726000000.0,1531000000.0,1195000000.0,9051000000.0,814453.0,-85000000.0
2024,11004000000.0,2775000000.0,2437000000.0,198000000.0,4508000000.0,2751000000.0,-216000000.0,,,-2942000000.0,1400000000.0,878000000.0,8253000000.0,814453.0,67000000.0
2025,10715000000.0,2708000000.0,2525000000.0,203000000.0,4543000000.0,2391000000.0,-285000000.0,,,-3227000000.0,1281000000.0,987000000.0,8324000000.0,814453.0,39000000.0
2010,32279011000.0,,,1129732000.0,,2832139000.0,52529000.0,893798000.0,,2123566000.0,,,,814585.0,
2011,26873000000.0,,,633000000.0,,1700000000.0,-1319000000.0,-1557000000.0,,805000000.0,,,25150000000.0,814585.0,
2012,21724000000.0,,,990000000.0,,3173000000.0,1234000000.0,2435000000.0,,2039000000.0,,,18530000000.0,814585.0,
2013,16953000000.0,,,1258000000.0,1702000000.0,3278000000.0,250000000.0,1209000000.0,236000000.0,2289000000.0,,,13654000000.0,814585.0,
2014,16284000000.0,,,782000000.0,1810000000.0,3929000000.0,569000000.0,1270000000.0,210000000.0,2858000000.0,,,12334000000.0,814585.0,
2015,14855000000.0,,,522000000.0,1908000000.0,3729000000.0,180000000.0,853000000.0,199000000.0,3038000000.0,,,11114000000.0,814585.0,
2016,11137000000.0,,,187000000.0,1986000000.0,3227000000.0,-338000000.0,294000000.0,197000000.0,2700000000.0,,,7898000000.0,814585.0,
2019,7284000000.0,,,83000000.0,2228000000.0,826000000.0,-359000000.0,280000000.0,,607000000.0,,,6445000000.0,814585.0,
2020,5751000000.0,,,167000000.0,,136000000.0,-578000000.0,282000000.0,178000000.0,-13000000.0,,,5602000000.0,814585.0,
2021,4696000000.0,,,160000000.0,,-313000000.0,-445000000.0,189000000.0,163000000.0,-458000000.0,,,4996000000.0,814585.0,
2022,3375000000.0,,,,,-882000000.0,-195000000.0,154000000.0,179000000.0,-653000000.0,,,4251000000.0,814585.0,
2023,2606000000.0,,,,,-1657000000.0,-491000000.0,7000000.0,210000000.0,-1144000000.0,,,4253000000.0,814585.0,
2024,2168000000.0,,,,,-2089000000.0,-447000000.0,42000000.0,208000000.0,-1591000000.0,,,4244000000.0,814585.0,
2025,2013000000.0,,,,,-2237000000.0,-177000000.0,80000000.0,196000000.0,-1768000000.0,,,4243000000.0,814585.0,
2011,51473308.0,16698785.0,7072720.0,1115150.0,,35357157.0,2855421.0,,247342.0,34431296.0,4954475.0,7950276.0,16116151.0,814586.0,5076491.0
2012,53506624.0,19694515.0,6209694.0,2286226.0,4955945.0,39312469.0,5619798.0,,177622.0,38904777.0,5939186.0,8723737.0,14194157.0,814586.0,8844711.0
2013,63673801.0,24750821.0,8882241.0,3306608.0,8999012.0,42949122.0,4990298.0,,203365.0,42587214.0,6899008.0,10444839.0,20724679.0,814586.0,8031312.0
2014,63424438.0,24152505.0,8525116.0,3260244.0,8124515.0,44699712.0,1956404.0,130215716.0,276895.0,44543618.0,5814219.0,10213541.0,18724726.0,814586.0,4235479.0
2015,64918000.0,27006000.0,10823000.0,5646000.0,7119000.0,45257000.0,1972000.0,137244000.0,236000.0,46516000.0,7664000.0,9886000.0,19661000.0,814586.0,4403000.0
2016,65876000.0,28204000.0,9381000.0,8812000.0,,48362000.0,3479000.0,,220000.0,49995000.0,8042000.0,9594000.0,17514000.0,814586.0,6085000.0
2017,64519000.0,24681000.0,13201000.0,4978000.0,,46590000.0,-346000.0,,242000.0,49649000.0,7697000.0,8676000.0,17929000.0,814586.0,-526000.0
2018,56807000.0,18916000.0,7453000.0,2998000.0,,42405000.0,-3086000.0,103350000.0,271000.0,46563000.0,5817000.0,6276000.0,14402000.0,814586.0,-3110000.0
2019,56987000.0,19199000.0,9523000.0,3836000.0,,43251000.0,453000.0,,249000.0,46963000.0,6392000.0,6692000.0,13736000.0,814586.0,-1933000.0
2020,60069000.0,24052000.0,8441000.0,7926000.0,,46854000.0,3232000.0,,118000.0,50195000.0,6930000.0,8002000.0,13215000.0,814586.0,4923000.0
2021,70874000.0,29046000.0,12063000.0,9233000.0,3470000.0,49131000.0,3311000.0,,116000.0,53506000.0,8285000.0,9930000.0,21743000.0,814586.0,5880000.0
2022,68999000.0,26978000.0,13042000.0,4444000.0,2477000.0,47570000.0,924000.0,,267000.0,54430000.0,9631000.0,11414000.0,21429000.0,814586.0,2349000.0
2023,81654000.0,38196000.0,16616000.0,13198000.0,,60436000.0,11367000.0,,384000.0,65797000.0,9104000.0,13875000.0,21218000.0,814586.0,16995000.0
2024,90547000.0,43605000.0,15504000.0,16728000.0,,71911000.0,9025000.0,,,74822000.0,8678000.0,15424000.0,18636000.0,814586.0,13852000.0
2025,105610000.0,37056000.0,16639000.0,5571000.0,,85819000.0,13859000.0,,,88681000.0,11890000.0,16643000.0,19791000.0,814586.0,16172000.0
2011,335744000.0,136609000.0,59133000.0,31921000.0,98000000.0,100341000.0,10968000.0,,2373000.0,42960000.0,62095000.0,36510000.0,235403000.0,820081.0,23820000.0
2012,394468000.0,143970000.0,83026000.0,23551000.0,64000000.0,163297000.0,43648000.0,,2439000.0,105263000.0,71221000.0,43094000.0,231171000.0,820081.0,35695000.0
2013,458037000.0,202560000.0,97271000.0,22745000.0,79250000.0,210220000.0,8899000.0,,2242000.0,131178000.0,89965000.0,71276000.0,247817000.0,820081.0,49629000.0
2014,487072000.0,227570000.0,98779000.0,45518000.0,60000000.0,251226000.0,27885000.0,,,188481000.0,85630000.0,77124000.0,235846000.0,820081.0,52298000.0
2015,505539000.0,259279000.0,129802000.0,43974000.0,,310835000.0,17814000.0,,,245698000.0,109920000.0,90920000.0,194704000.0,820081.0,90985000.0
2016,611865000.0,322655000.0,95462000.0,74141000.0,,405427000.0,37384000.0,,,327376000.0,123184000.0,110622000.0,206438000.0,820081.0,128353000.0
2017,740565000.0,422078000.0,82541000.0,183284000.0,,544864000.0,40259000.0,,,429826000.0,138542000.0,75144000.0,195701000.0,820081.0,142718000.0
2018,1223428000.0,410092000.0,104412000.0,95852000.0,,653727000.0,1212000.0,134332000.0,,538463000.0,111062000.0,146330000.0,569701000.0,820081.0,101496000.0
2012,13423151000.0,9445153000.0,6596691000.0,314029000.0,1332142000.0,4455341000.0,1260628000.0,40599286000.0,94090000.0,,,,,823277.0,1512910000.0
2013,13504270000.0,8910760000.0,5785353000.0,1808532000.0,1450420000.0,5131208000.0,992386000.0,44479857000.0,99271000.0,,,,,823277.0,1220029000.0
2014,15146979000.0,9397650000.0,6184009000.0,2133207000.0,1299664000.0,6448508000.0,1081435000.0,42664033000.0,,1598660000.0,2760253000.0,,,823277.0,1044637000.0
2015,15228312000.0,8008809000.0,5256860000.0,953813000.0,1403660000.0,7657885000.0,781045000.0,34582442000.0,,1604670000.0,2652344000.0,,,823277.0,715412000.0
2016,17317709000.0,6935180000.0,6520795000.0,279313000.0,,7851960000.0,424192000.0,30347203000.0,,1582380000.0,2370699000.0,,,823277.0,310196000.0
2017,15973756000.0,5614527000.0,5432595000.0,181379000.0,,7893234000.0,127857000.0,31934751000.0,171239000.0,1471217000.0,2576585000.0,,,823277.0,-111797000.0
2018,16381178000.0,6693205000.0,5934171000.0,450617000.0,,8155582000.0,240447000.0,8583982000.0,18984000.0,1482003000.0,2768649000.0,,,823277.0,223836000.0
2019,16447494000.0,6662595000.0,5583707000.0,211179000.0,,8610140000.0,829880000.0,31900453000.0,167065000.0,1584158000.0,2854288000.0,,,823277.0,659602000.0
2020,15993947000.0,6266547000.0,4920041000.0,140874000.0,,8809871000.0,422439000.0,28406365000.0,116977000.0,1618147000.0,2742138000.0,,,823277.0,277265000.0
2021,17576275000.0,7998951000.0,6326013000.0,413159000.0,,9008861000.0,553952000.0,38448033000.0,104565000.0,1713976000.0,3334675000.0,,,823277.0,205797000.0
2022,18824807000.0,9377847000.0,6951969000.0,793957000.0,,9455621000.0,1678762000.0,47791666000.0,114156000.0,2055682000.0,3652871000.0,,,823277.0,1129086000.0
2023,18957418000.0,9128649000.0,5899194000.0,1765286000.0,,10447778000.0,1900438000.0,45590004000.0,137442000.0,2537486000.0,3215179000.0,,,823277.0,1343500000.0
2024,18715075000.0,8708783000.0,5400814000.0,794865000.0,,10755391000.0,1102319000.0,39261229000.0,104064000.0,2805526000.0,3067415000.0,,,823277.0,584358000.0
2025,18863849000.0,8086351000.0,5282486000.0,327826000.0,,11076695000.0,597917000.0,35462608000.0,146079000.0,3015424000.0,3270350000.0,,,823277.0,90755000.0
2009,21154000000.0,3010000000.0,2901000000.0,1140000000.0,,6285000000.0,994000000.0,11791000000.0,,6053000000.0,,1408000000.0,14563000000.0,823768.0,1887000000.0
2010,21476000000.0,2482000000.0,2485000000.0,539000000.0,,6260000000.0,281000000.0,3187000000.0,490000000.0,6400000000.0,,1510000000.0,14885000000.0,823768.0,574000000.0
2011,22569000000.0,2379000000.0,3068000000.0,258000000.0,,6070000000.0,266000000.0,3406000000.0,503000000.0,6721000000.0,,1631000000.0,16179000000.0,823768.0,552000000.0
2012,23097000000.0,2423000000.0,3036000000.0,194000000.0,,6354000000.0,224000000.0,3434000000.0,509000000.0,6879000000.0,,1737000000.0,16422000000.0,823768.0,484000000.0
2013,22603000000.0,2499000000.0,3014000000.0,58000000.0,,5707000000.0,-605000000.0,3500000000.0,500000000.0,6289000000.0,,1699000000.0,16601000000.0,823768.0,-410000000.0
2014,21412000000.0,3641000000.0,3485000000.0,1307000000.0,,5866000000.0,,3437000000.0,,6888000000.0,,1587000000.0,15523000000.0,823768.0,752000000.0
2015,20419000000.0,2345000000.0,2510000000.0,39000000.0,,5345000000.0,,3246000000.0,,6939000000.0,,1549000000.0,15052000000.0,823768.0,502000000.0
2016,20859000000.0,2376000000.0,2794000000.0,32000000.0,,5297000000.0,335000000.0,3460000000.0,,7388000000.0,,1700000000.0,15539000000.0,823768.0,617000000.0
2017,21829000000.0,2624000000.0,3262000000.0,22000000.0,,6019000000.0,903000000.0,3652000000.0,,8588000000.0,,1805000000.0,15787000000.0,823768.0,704000000.0
2018,22650000000.0,2645000000.0,3108000000.0,61000000.0,,6275000000.0,531000000.0,,,9797000000.0,,1931000000.0,16374000000.0,823768.0,767000000.0
2019,27743000000.0,6209000000.0,3144000000.0,3561000000.0,,7068000000.0,447000000.0,,,10592000000.0,,1949000000.0,20673000000.0,823768.0,655000000.0
2020,29345000000.0,3540000000.0,3553000000.0,553000000.0,,7452000000.0,1496000000.0,,,11159000000.0,,2097000000.0,21891000000.0,823768.0,2434000000.0
2021,29097000000.0,3069000000.0,4082000000.0,118000000.0,,7124000000.0,1816000000.0,,,12004000000.0,,2278000000.0,21971000000.0,823768.0,2965000000.0
2022,31367000000.0,3551000000.0,4394000000.0,351000000.0,,6849000000.0,2238000000.0,,,13167000000.0,,2461000000.0,24503000000.0,823768.0,3365000000.0
2023,32823000000.0,3804000000.0,4226000000.0,458000000.0,,6903000000.0,2304000000.0,,,14334000000.0,,2633000000.0,25927000000.0,823768.0,3575000000.0
2024,44567000000.0,4774000000.0,6258000000.0,414000000.0,,8252000000.0,2746000000.0,,,15858000000.0,,3272000000.0,36313000000.0,823768.0,4063000000.0
2025,45835000000.0,4910000000.0,5524000000.0,201000000.0,,9990000000.0,2708000000.0,,,17232000000.0,,3435000000.0,35844000000.0,823768.0,4308000000.0
2009,33652000000.0,24245000000.0,18960000000.0,10635000000.0,3417000000.0,5641000000.0,1433000000.0,52902000000.0,,22110000000.0,1051000000.0,5837000000.0,28011000000.0,826083.0,2172000000.0
2010,38599000000.0,29021000000.0,19483000000.0,13913000000.0,5146000000.0,7766000000.0,927000000.0,15692000000.0,199000000.0,24744000000.0,1301000000.0,6493000000.0,30833000000.0,826083.0,3433000000.0
2011,44533000000.0,29448000000.0,22001000000.0,13852000000.0,6387000000.0,8917000000.0,764000000.0,16031000000.0,279000000.0,28236000000.0,1404000000.0,6476000000.0,35616000000.0,826083.0,4431000000.0
2012,47540000000.0,27968000000.0,23439000000.0,12569000000.0,5242000000.0,10680000000.0,530000000.0,14314000000.0,270000000.0,30330000000.0,1382000000.0,6629000000.0,36839000000.0,826083.0,3012000000.0
2011,1444097000.0,,,,53798000.0,128197000.0,-31964000.0,,10754000.0,1195000.0,,,1315900000.0,826154.0,
2012,1232668000.0,,,,37470000.0,87694000.0,-38454000.0,,7548000.0,-37259000.0,,,1144974000.0,826154.0,
2013,1177812000.0,,,,16077000.0,91439000.0,10004000.0,,5011000.0,-27255000.0,,,1086373000.0,826154.0,
2014,1190443000.0,,,,14812000.0,127265000.0,29142000.0,,4159000.0,1887000.0,,,1063178000.0,826154.0,
2015,1292816000.0,,,,24495000.0,133061000.0,7874000.0,,4301000.0,7939000.0,,,1159755000.0,826154.0,
2016,1414504000.0,,,,24163000.0,134859000.0,6628000.0,,5417000.0,11669000.0,,,1279645000.0,826154.0,
2017,1558849000.0,,,,83815000.0,144765000.0,8090000.0,,7644000.0,16042000.0,,,1414084000.0,826154.0,
2018,1934388000.0,,,,83450000.0,173433000.0,12805000.0,,13467000.0,24472000.0,,,1760955000.0,826154.0,
2019,2383274000.0,,,56462000.0,63067000.0,223249000.0,16924000.0,,23699000.0,35246000.0,,,2160025000.0,826154.0,
2020,2750572000.0,,,125258000.0,2316000.0,246249000.0,26463000.0,17116000.0,16024000.0,54099000.0,,,2504323000.0,826154.0,
2021,2834565000.0,,,208710000.0,1896000.0,271656000.0,32881000.0,18933000.0,6721000.0,78700000.0,,,2562909000.0,826154.0,
2022,2922408000.0,,,60823000.0,1455000.0,228896000.0,22037000.0,19464000.0,9024000.0,92473000.0,,,2693512000.0,826154.0,
2023,3064240000.0,,,65161000.0,40000000.0,265056000.0,35663000.0,19479000.0,44991000.0,117667000.0,,,2799184000.0,826154.0,
2024,5441589000.0,,,248874000.0,,516682000.0,22050000.0,27312000.0,,126540000.0,,,4924907000.0,826154.0,
2025,5542255000.0,,,149774000.0,,591535000.0,80855000.0,37144000.0,,186752000.0,,,4950720000.0,826154.0,
2011,4138870.0,2336732.0,15641132.0,6260.0,,-11599048.0,-14153704.0,,2012538.0,-405407864.0,1000000.0,794704.0,15737918.0,826253.0,-12823594.0
2012,3090336.0,1603780.0,23590684.0,89196.0,,-21598286.0,-15147848.0,2717446.0,3874328.0,-420555713.0,1000000.0,279551.0,24688623.0,826253.0,-13501231.0
2014,1495601.0,1267472.0,29305008.0,40927.0,,-31173009.0,-13860449.0,2337226.0,3991156.0,-434416161.0,1000000.0,125593.0,32668610.0,826253.0,-10122009.0
2015,255492.0,154409.0,35447202.0,34855.0,,-38565084.0,-12287252.0,1155811.0,3214963.0,-448981080.0,0.0,58957.0,38820576.0,826253.0,-9077869.0
2016,130785.0,40572.0,41373489.0,22175.0,,-45170051.0,-6604967.0,183032.0,3298054.0,-455586047.0,0.0,2115.0,45300836.0,826253.0,-3365472.0
2017,262263.0,258763.0,53068647.0,255869.0,,-52806384.0,-7731333.0,183032.0,4246831.0,-463317380.0,0.0,2115.0,53068647.0,826253.0,-3556557.0
2018,1040173.0,790173.0,21472693.0,748008.0,,-24665496.0,1700649.0,,5482393.0,-461616731.0,,,25705669.0,826253.0,-5906006.0
2019,668058.0,418058.0,17625929.0,358209.0,4636647.0,-21594699.0,-2502431.0,39274.0,1078873.0,-464119161.0,,,22262757.0,826253.0,-4215670.0
2020,111330.0,111330.0,19011296.0,19807.0,,-23302937.0,-2606866.0,821987.0,1233912.0,-466726027.0,90037.0,,23414267.0,826253.0,-1036786.0
2021,1942589.0,600070.0,16082543.0,390702.0,,-19749750.0,842528.0,114923.0,1293409.0,-465883499.0,94166.0,,21692339.0,826253.0,-1522577.0
2022,2194515.0,549927.0,22218908.0,150217.0,,-21219535.0,-3991863.0,100406.0,1271586.0,-471364369.0,144257.0,,23414050.0,826253.0,-3429816.0
2023,1749000.0,312000.0,14026000.0,15000.0,,-20258000.0,-3410000.0,71000.0,727000.0,-474774000.0,155000.0,,22007000.0,826253.0,-3503000.0
2025,1477000.0,281000.0,38447000.0,23000.0,,-37593000.0,-21138000.0,50000.0,1538000.0,-500128000.0,38000.0,,39070000.0,826253.0,-4814000.0
2009,1856646000000.0,,,,364019000000.0,152700000000.0,-1606000000.0,80285000000.0,27721000000.0,77440000000.0,,,1701673000000.0,831001.0,
2010,1913902000000.0,,,,381183000000.0,163468000000.0,1309000000.0,18371000000.0,24864000000.0,79559000000.0,,,1748113000000.0,831001.0,
2011,1873878000000.0,,,,323505000000.0,177806000000.0,956000000.0,17174000000.0,24234000000.0,90520000000.0,,,1694305000000.0,831001.0,
2012,1864660000000.0,,,,239463000000.0,189049000000.0,1196000000.0,18174000000.0,20535000000.0,97809000000.0,,,1673663000000.0,831001.0,
2013,1880382000000.0,,,,221116000000.0,204339000000.0,2456000000.0,17780000000.0,16177000000.0,111168000000.0,,,1674249000000.0,831001.0,
2014,1842530000000.0,,,,223080000000.0,210534000000.0,350000000.0,17812000000.0,13690000000.0,118201000000.0,,,1630485000000.0,831001.0,
2015,1731210000000.0,,,,201275000000.0,221857000000.0,3335000000.0,18456000000.0,11921000000.0,133841000000.0,,,1508118000000.0,831001.0,
2016,1792077000000.0,,,,206178000000.0,225120000000.0,3573000000.0,17012000000.0,12511000000.0,146477000000.0,,,1565934000000.0,831001.0,
2017,1842465000000.0,,,,236709000000.0,200740000000.0,-18893000000.0,17255000000.0,16517000000.0,138425000000.0,,,1640793000000.0,831001.0,
2018,1917383000000.0,,,188105000000.0,231999000000.0,196220000000.0,4313000000.0,17124000000.0,24266000000.0,151347000000.0,,,1720309000000.0,831001.0,
2019,1951158000000.0,,,,248760000000.0,193242000000.0,4979000000.0,18378000000.0,29163000000.0,165369000000.0,,,1757212000000.0,831001.0,
2020,2260090000000.0,,,,271686000000.0,199442000000.0,4309000000.0,16499000000.0,14541000000.0,168272000000.0,,,2059890000000.0,831001.0,
2021,2291413000000.0,,,,254374000000.0,201972000000.0,3173000000.0,17017000000.0,7981000000.0,184948000000.0,,,2088741000000.0,831001.0,
2022,2416676000000.0,,,,271606000000.0,201189000000.0,14845000000.0,75338000000.0,25740000000.0,194734000000.0,,,2214838000000.0,831001.0,
2023,2411834000000.0,,,,286619000000.0,205453000000.0,9228000000.0,78462000000.0,78358000000.0,198905000000.0,,,2205583000000.0,831001.0,
2024,2352945000000.0,,,,287300000000.0,208598000000.0,12682000000.0,81139000000.0,,206294000000.0,,,2143579000000.0,831001.0,
2025,2657202000000.0,,,,315827000000.0,212291000000.0,14306000000.0,85225000000.0,,215128000000.0,,,2443380000000.0,831001.0,
2009,6142900000.0,1164200000.0,502400000.0,763100000.0,1161700000.0,4257800000.0,285800000.0,1594200000.0,100000.0,2210800000.0,,256200000.0,,833081.0,413300000.0
2010,6871700000.0,822700000.0,359600000.0,485000000.0,1833400000.0,4516300000.0,52100000.0,400800000.0,13400000.0,2429900000.0,,200300000.0,,833081.0,75600000.0
2009,25553000000.0,7967000000.0,4716000000.0,2354000000.0,,12941000000.0,-1798000000.0,17237000000.0,301000000.0,-820000000.0,1443000000.0,2629000000.0,12599000000.0,833444.0,-1487000000.0
2010,27128000000.0,7353000000.0,5268000000.0,1775000000.0,4188000000.0,14084000000.0,1132000000.0,4493000000.0,284000000.0,312000000.0,1443000000.0,2493000000.0,13027000000.0,833444.0,1598000000.0
2011,26777000000.0,6433000000.0,4330000000.0,1390000000.0,4148000000.0,14182000000.0,400000000.0,4691000000.0,244000000.0,2058000000.0,1344000000.0,2401000000.0,12497000000.0,833444.0,2119000000.0
2012,12365000000.0,4334000000.0,3097000000.0,844000000.0,1491000000.0,4994000000.0,472000000.0,10403000000.0,209000000.0,2499000000.0,634000000.0,1711000000.0,7343000000.0,833444.0,685000000.0
2013,12176000000.0,4067000000.0,3231000000.0,563000000.0,1463000000.0,5098000000.0,536000000.0,10647000000.0,100000000.0,3035000000.0,655000000.0,1738000000.0,7043000000.0,833444.0,809000000.0
2014,11809000000.0,4751000000.0,3471000000.0,892000000.0,1463000000.0,4647000000.0,1838000000.0,10340000000.0,97000000.0,4873000000.0,628000000.0,1750000000.0,7126000000.0,833444.0,697000000.0
2015,12321000000.0,4653000000.0,3845000000.0,1401000000.0,3146000000.0,4041000000.0,551000000.0,9902000000.0,102000000.0,5165000000.0,627000000.0,1775000000.0,8245000000.0,833444.0,884000000.0
2016,63253000000.0,17109000000.0,16293000000.0,684000000.0,,24118000000.0,-868000000.0,,309000000.0,9177000000.0,3560000000.0,8018000000.0,,833444.0,
2017,51884000000.0,12292000000.0,11854000000.0,321000000.0,,20447000000.0,1611000000.0,,466000000.0,5231000000.0,3209000000.0,6666000000.0,,833444.0,
2018,48797000000.0,11823000000.0,11250000000.0,200000000.0,,21164000000.0,2162000000.0,,437000000.0,6604000000.0,3224000000.0,7065000000.0,,833444.0,
2019,42287000000.0,12393000000.0,9070000000.0,2805000000.0,,19766000000.0,5674000000.0,,335000000.0,4827000000.0,1814000000.0,5770000000.0,,833444.0,
2020,40815000000.0,10053000000.0,8248000000.0,1951000000.0,,17447000000.0,631000000.0,,240000000.0,2469000000.0,1773000000.0,5294000000.0,,833444.0,
2021,41890000000.0,9998000000.0,9098000000.0,1336000000.0,,17562000000.0,1637000000.0,,219000000.0,2025000000.0,2057000000.0,5613000000.0,,833444.0,
2022,42158000000.0,11685000000.0,11239000000.0,2031000000.0,,16268000000.0,1532000000.0,,225000000.0,1151000000.0,2510000000.0,5528000000.0,,833444.0,
2023,42242000000.0,10737000000.0,11084000000.0,835000000.0,,16545000000.0,1849000000.0,,,1384000000.0,2776000000.0,6006000000.0,,833444.0,
2024,42695000000.0,11179000000.0,11955000000.0,606000000.0,8568000000.0,16098000000.0,1705000000.0,,,848000000.0,1774000000.0,6051000000.0,,833444.0,
2025,37939000000.0,10162000000.0,10941000000.0,379000000.0,9195000000.0,12927000000.0,3291000000.0,,,0.0,1820000000.0,6269000000.0,,833444.0,
2011,31057404.0,11568470.0,7795208.0,7519574.0,,11280538.0,,,1764.0,-43704225.0,413562.0,399791.0,10950012.0,837852.0,-13242098.0
2012,22458045.0,6008584.0,11991325.0,4381043.0,,4165212.0,,,78953.0,-58841664.0,384088.0,382.0,13126349.0,837852.0,-17289424.0
2013,14997318.0,4934242.0,7925406.0,3822889.0,,861676.0,-7886502.0,,374178.0,-65856053.0,,175211.0,10051215.0,837852.0,-12217557.0
2014,23704365.0,13163972.0,6104085.0,10812371.0,,17955832.0,-13024143.0,,2374368.0,-78356567.0,,1091076.0,6468657.0,837852.0,-9443268.0
2015,19825725.0,10080500.0,9950341.0,3768897.0,,10671296.0,-8540921.0,,119913.0,-86457840.0,,1689415.0,10280465.0,837852.0,-8410667.0
2016,41297588.0,4531895.0,8616015.0,2538976.0,,35373035.0,-25835941.0,,254292.0,-112293781.0,,1260529.0,8616015.0,837852.0,-27826582.0
2017,63039616.0,55801238.0,31655009.0,7205096.0,,31411979.0,-9835601.0,144338805.0,95658.0,-125865391.0,216453.0,26962085.0,31655009.0,837852.0,-9781543.0
2018,94235112.0,45072041.0,29933597.0,3106244.0,,44242441.0,-27426356.0,,804595.0,-149975302.0,216453.0,19370665.0,49761302.0,837852.0,-26195054.0
2019,126944444.0,7451821.0,36755566.0,2632886.0,,33557164.0,-98507524.0,,5616282.0,-248482826.0,,2404869.0,66946527.0,837852.0,-68572684.0
2020,234412000.0,179759000.0,13061000.0,165764000.0,,186584000.0,-98400000.0,,15970000.0,-346883000.0,,7400000.0,32643000.0,837852.0,-86879000.0
2021,473437000.0,362507000.0,91117000.0,269863000.0,0.0,363027000.0,-256011000.0,,2139000.0,-605758000.0,6159000.0,3338000.0,106807000.0,837852.0,-259557000.0
2022,242801000.0,114038000.0,76861000.0,21929000.0,1957000.0,132125000.0,-260692000.0,,2950000.0,-866450000.0,28246000.0,5855000.0,96238000.0,837852.0,-292530000.0
2023,116884000.0,32599000.0,117633000.0,1249000.0,3943000.0,-22113000.0,-223829000.0,,4307000.0,-1090579000.0,19838000.0,1037000.0,137155000.0,837852.0,-217454000.0
2011,49559000.0,41432000.0,8752000.0,16683000.0,,,6929000.0,46067000.0,,-418000.0,12565000.0,8457000.0,9895000.0,840715.0,10572000.0
2012,91939000.0,79287000.0,22820000.0,55509000.0,,,26647000.0,,,26229000.0,10873000.0,8388000.0,25271000.0,840715.0,42521000.0
2013,81061000.0,48066000.0,8649000.0,17192000.0,,,5179000.0,,,28992000.0,12278000.0,9378000.0,10726000.0,840715.0,7622000.0
2014,88860000.0,44781000.0,10755000.0,7440000.0,,,5596000.0,,,31076000.0,12766000.0,9916000.0,12844000.0,840715.0,7975000.0
2015,93529000.0,46146000.0,9607000.0,13412000.0,,,6776000.0,,,36435000.0,13447000.0,8692000.0,10960000.0,840715.0,10262000.0
2016,88124000.0,40140000.0,9321000.0,12100000.0,,77449000.0,2444000.0,,,30976000.0,11377000.0,7461000.0,10675000.0,840715.0,3566000.0
2017,67877000.0,33886000.0,10600000.0,5571000.0,,56567000.0,-14172000.0,,,9160000.0,14415000.0,7794000.0,11310000.0,840715.0,-16193000.0
2018,58915000.0,34365000.0,6008000.0,11211000.0,,52201000.0,-16687000.0,,,-5475000.0,13228000.0,6782000.0,6714000.0,840715.0,-10327000.0
2019,55110000.0,25183000.0,6249000.0,4064000.0,,44478000.0,-8408000.0,,,-13883000.0,11441000.0,5468000.0,10632000.0,840715.0,-8562000.0
2020,62323000.0,29282000.0,7097000.0,3803000.0,3245000.0,49814000.0,505000.0,,436000.0,-13378000.0,10463000.0,5194000.0,12509000.0,840715.0,-5567000.0
2021,66192000.0,29441000.0,11472000.0,1071000.0,1535000.0,51504000.0,-7694000.0,,514000.0,-21072000.0,10033000.0,4991000.0,14688000.0,840715.0,-7495000.0
2022,83750000.0,77427000.0,8120000.0,984000.0,0.0,74130000.0,20556000.0,,420000.0,-516000.0,8961000.0,3603000.0,9620000.0,840715.0,-7222000.0
2023,50694000.0,43317000.0,4265000.0,17835000.0,0.0,44685000.0,-560000.0,,537000.0,-1076000.0,10625000.0,3279000.0,6009000.0,840715.0,-6772000.0
2024,26544000.0,18753000.0,3545000.0,1417000.0,,21331000.0,-8983000.0,,,-10059000.0,11224000.0,2208000.0,5213000.0,840715.0,-9211000.0
2025,2299000.0,1696000.0,1487000.0,220000.0,,-714000.0,-26084000.0,,,-36143000.0,353000.0,,3013000.0,840715.0,-4396000.0
2011,7975165000.0,,,309122000.0,,840154000.0,-10690000.0,,178722000.0,-758550000.0,,,7135011000.0,840889.0,
2012,8478246000.0,,,633576000.0,7311983000.0,835673000.0,-3299000.0,,147952000.0,-747914000.0,,,7642573000.0,840889.0,
2013,8493454000.0,,,522358000.0,7425399000.0,735322000.0,-88287000.0,,134366000.0,-845862000.0,,,7758132000.0,840889.0,
2011,21224000.0,13665000.0,3653000.0,7421000.0,6438000.0,10751000.0,,,252000.0,-8687000.0,,,10473000.0,844161.0,10658000.0
2012,33652000.0,8824000.0,6715000.0,2424000.0,13228000.0,13526000.0,,,240000.0,-6890000.0,,,20126000.0,844161.0,11094000.0
2013,54111000.0,10474000.0,9780000.0,3634000.0,25144000.0,17899000.0,,,520000.0,-3337000.0,,,36212000.0,844161.0,9989000.0
2015,58660000.0,16768000.0,10475000.0,7581000.0,17836000.0,29837000.0,,,854000.0,5642000.0,,,28823000.0,844161.0,15388000.0
2016,70548000.0,15031000.0,12021000.0,6534000.0,15068000.0,42071000.0,,,711000.0,14075000.0,,,28477000.0,844161.0,13316000.0
2017,166016000.0,41140000.0,40170000.0,8378000.0,41595000.0,72318000.0,,40621000.0,1661000.0,5414000.0,1567000.0,,93698000.0,844161.0,-3399000.0
2018,103597000.0,16577000.0,64012000.0,3174000.0,41595000.0,24115000.0,,29365000.0,6500000.0,-50542000.0,,9805000.0,79482000.0,844161.0,-46395000.0
2019,93111000.0,9843000.0,10760000.0,4284000.0,53154000.0,14335000.0,-12326000.0,24444000.0,8220000.0,-62592000.0,,4363000.0,78776000.0,844161.0,1855000.0
2020,82922000.0,7759000.0,65877000.0,1209000.0,53154000.0,5347000.0,-11500000.0,,8809000.0,-73305000.0,,4962000.0,77575000.0,844161.0,-4931000.0
2011,888023000.0,353600000.0,187433000.0,22444000.0,179621000.0,494384000.0,-247734000.0,1087528000.0,,347242000.0,56956000.0,163888000.0,393639000.0,849547.0,-239673000.0
2012,878001000.0,366682000.0,182453000.0,30720000.0,187648000.0,482247000.0,7223000.0,237699000.0,,370775000.0,55469000.0,152967000.0,395754000.0,849547.0,12713000.0
2013,712029000.0,356333000.0,180641000.0,30810000.0,160429000.0,351117000.0,-135021000.0,238278000.0,,249217000.0,52211000.0,156549000.0,360912000.0,849547.0,-144868000.0
2015,686259000.0,343337000.0,187719000.0,23534000.0,137267000.0,337111000.0,2922000.0,245051000.0,,258388000.0,54437000.0,150562000.0,349148000.0,849547.0,3957000.0
2016,475794000.0,299401000.0,170353000.0,23497000.0,119663000.0,156233000.0,-47748000.0,224122000.0,,80553000.0,42703000.0,139222000.0,319561000.0,849547.0,-49192000.0
2017,427117000.0,268647000.0,177513000.0,14247000.0,88782000.0,141649000.0,-1789000.0,208132000.0,,66246000.0,25382000.0,128544000.0,285468000.0,849547.0,-262000.0
2018,376335000.0,286842000.0,309035000.0,33469000.0,477000.0,50342000.0,-51010000.0,193956000.0,,-35664000.0,26992000.0,114510000.0,325993000.0,849547.0,-17128000.0
2011,291987000.0,208035000.0,47469000.0,83863000.0,,232554000.0,55957000.0,,88000.0,-87328000.0,56796000.0,39460000.0,56741000.0,854701.0,26169000.0
2012,317071000.0,217916000.0,65258000.0,75497000.0,,242829000.0,-13246000.0,,68000.0,-90046000.0,66964000.0,47710000.0,70736000.0,854701.0,-9862000.0
2013,361869000.0,273040000.0,65853000.0,119997000.0,4534000.0,280573000.0,4698000.0,,101000.0,-72498000.0,68469000.0,46088000.0,79099000.0,854701.0,4693000.0
2014,400342000.0,294463000.0,75989000.0,137534000.0,4339000.0,312470000.0,2832000.0,,127000.0,-51076000.0,85093000.0,50458000.0,85784000.0,854701.0,5351000.0
2011,467924000.0,300605000.0,51976000.0,141423000.0,,393561000.0,78232000.0,,,-234908000.0,37278000.0,36993000.0,74363000.0,855658.0,41289000.0
2012,428759000.0,287348000.0,53093000.0,118536000.0,,357550000.0,-7175000.0,279256000.0,,-264514000.0,44194000.0,46947000.0,71209000.0,855658.0,-9366000.0
2013,447876000.0,325801000.0,58608000.0,114310000.0,,385680000.0,6547000.0,332525000.0,,-242193000.0,46222000.0,50085000.0,62196000.0,855658.0,26786000.0
2014,785920000.0,285863000.0,111177000.0,84606000.0,330870000.0,305520000.0,-45454000.0,405966000.0,18389000.0,-352846000.0,75896000.0,88471000.0,480400000.0,855658.0,-107232000.0
2016,766883000.0,314700000.0,157550000.0,106552000.0,300855000.0,270430000.0,-8164000.0,427054000.0,20327000.0,-406945000.0,79168000.0,99637000.0,496453000.0,855658.0,-26699000.0
2017,635961000.0,263371000.0,83647000.0,106815000.0,299667000.0,217693000.0,-7213000.0,385961000.0,18807000.0,-477862000.0,79903000.0,55104000.0,418268000.0,855658.0,-47620000.0
2018,623687000.0,284423000.0,69418000.0,119051000.0,251357000.0,258457000.0,-7121000.0,,20600000.0,-476783000.0,67096000.0,60890000.0,365230000.0,855658.0,-3120000.0
2019,612016000.0,262430000.0,99819000.0,118081000.0,125072000.0,327659000.0,13987000.0,,11731000.0,-433290000.0,54980000.0,64917000.0,284357000.0,855658.0,59041000.0
2020,680067000.0,333843000.0,79731000.0,182332000.0,157934000.0,384427000.0,15989000.0,,3702000.0,-385898000.0,64599000.0,64581000.0,295640000.0,855658.0,52366000.0
2021,726494000.0,301351000.0,106181000.0,131570000.0,140760000.0,411633000.0,95922000.0,,2738000.0,-289976000.0,67594000.0,79859000.0,314861000.0,855658.0,100816000.0
2022,798713000.0,379167000.0,127373000.0,145722000.0,128752000.0,487163000.0,178882000.0,,4146000.0,-111094000.0,110375000.0,94018000.0,311550000.0,855658.0,187367000.0
2023,840894000.0,367946000.0,97400000.0,128317000.0,0.0,692020000.0,259061000.0,,,147967000.0,98826000.0,104373000.0,148874000.0,855658.0,212270000.0
2024,843903000.0,364834000.0,99622000.0,136291000.0,,710932000.0,61131000.0,,,209098000.0,103410000.0,81060000.0,132971000.0,855658.0,34457000.0
2025,883120000.0,363874000.0,117673000.0,133886000.0,,714054000.0,3084000.0,,,212182000.0,89202000.0,102277000.0,169066000.0,855658.0,11232000.0
2010,1307064000.0,568257000.0,452994000.0,240253000.0,,747304000.0,24368000.0,,1526000.0,-1004160000.0,,169281000.0,559760000.0,857005.0,74775000.0
2011,1629682000.0,592264000.0,469391000.0,167878000.0,,822690000.0,85424000.0,,3310000.0,-918736000.0,,230220000.0,806992000.0,857005.0,117114000.0
2012,1791634000.0,879152000.0,481744000.0,489543000.0,,797259000.0,-35398000.0,,4746000.0,-954134000.0,,217370000.0,994375000.0,857005.0,128096000.0
2013,1828906000.0,680216000.0,528613000.0,241913000.0,,926480000.0,143769000.0,,6976000.0,-810365000.0,,229106000.0,902426000.0,857005.0,127324000.0
2014,2199954000.0,732167000.0,626667000.0,293654000.0,,853889000.0,160194000.0,,8155000.0,-650171000.0,,235688000.0,1346065000.0,857005.0,196576000.0
2015,2209913000.0,704679000.0,617260000.0,273417000.0,,860171000.0,47557000.0,,14742000.0,-602614000.0,,197275000.0,1349742000.0,857005.0,41616000.0
2016,2352253000.0,642589000.0,654519000.0,277935000.0,,842666000.0,-54465000.0,,29882000.0,-657079000.0,,161357000.0,1509587000.0,857005.0,-37014000.0
2017,2360384000.0,666556000.0,678909000.0,280003000.0,,885436000.0,6239000.0,,42400000.0,-650840000.0,,152299000.0,1474948000.0,857005.0,40898000.0
2018,2329022000.0,633784000.0,735279000.0,259946000.0,,874589000.0,51987000.0,,41673000.0,-599409000.0,,129297000.0,1454433000.0,857005.0,73237000.0
2019,2664588000.0,782621000.0,638155000.0,269579000.0,669134000.0,1201998000.0,-27460000.0,1255631000.0,43047000.0,-191390000.0,,372743000.0,1462590000.0,857005.0,63042000.0
2020,3382738000.0,833447000.0,680760000.0,275458000.0,1005314000.0,1438248000.0,130695000.0,1458415000.0,76428000.0,-62267000.0,,415221000.0,1944490000.0,857005.0,210863000.0
2021,4507560000.0,1073010000.0,779282000.0,326532000.0,1439471000.0,2038468000.0,476923000.0,1807159000.0,50478000.0,414656000.0,,541072000.0,2469092000.0,857005.0,380748000.0
2022,4687268000.0,1068657000.0,792258000.0,272182000.0,1350628000.0,2296034000.0,313081000.0,1933347000.0,54268000.0,727737000.0,,636556000.0,2391234000.0,857005.0,447362000.0
2023,6288842000.0,1277366000.0,1671185000.0,288103000.0,1686410000.0,2677290000.0,245540000.0,2097053000.0,129417000.0,973277000.0,,811398000.0,3611552000.0,857005.0,458474000.0
2024,6383542000.0,1298705000.0,1667193000.0,265808000.0,1227105000.0,3214398000.0,376333000.0,2298472000.0,119653000.0,1349610000.0,,861953000.0,3169144000.0,857005.0,588062000.0
2025,6617172000.0,1383367000.0,1237404000.0,184415000.0,1172434000.0,3826229000.0,733997000.0,2739226000.0,77019000.0,2083607000.0,,1001085000.0,2790943000.0,857005.0,982385000.0
2010,1951470000.0,225866000.0,99960000.0,118635000.0,548007000.0,1036362000.0,98847000.0,332559000.0,43155000.0,294316000.0,,65507000.0,812556000.0,857737.0,209715000.0
2011,2161303000.0,284505000.0,362783000.0,167717000.0,310966000.0,1189053000.0,27162000.0,95513000.0,50754000.0,420421000.0,,79669000.0,867727000.0,857737.0,51922000.0
2012,2481738000.0,366351000.0,100610000.0,238672000.0,859718000.0,1186151000.0,26093000.0,85131000.0,46576000.0,529829000.0,,85249000.0,1181898000.0,857737.0,45329000.0
2013,2860194000.0,476628000.0,127858000.0,278789000.0,1366069000.0,984769000.0,26146000.0,105264000.0,76321000.0,657877000.0,,101190000.0,1758252000.0,857737.0,58191000.0
2014,2867877000.0,379754000.0,137604000.0,128019000.0,1332954000.0,917704000.0,24279000.0,439997000.0,84523000.0,805526000.0,,115066000.0,1803010000.0,857737.0,50317000.0
2015,2521998000.0,369804000.0,145917000.0,169971000.0,1403285000.0,591033000.0,-263014000.0,379197000.0,86233000.0,514761000.0,,103792000.0,1757191000.0,857737.0,-398245000.0
2016,2005515000.0,444141000.0,254073000.0,149411000.0,1093725000.0,375353000.0,-297548000.0,368461000.0,97542000.0,254915000.0,,85187000.0,1454142000.0,857737.0,-385811000.0
2017,870513000.0,233168000.0,112646000.0,65927000.0,756493000.0,-74420000.0,24087000.0,,67901000.0,-223718000.0,,66625000.0,891202000.0,857737.0,-18278000.0
2018,632075000.0,153165000.0,114312000.0,66609000.0,620966000.0,-172734000.0,-100521000.0,,59214000.0,-312796000.0,,37671000.0,743673000.0,857737.0,-119037000.0
2019,506060000.0,133667000.0,131955000.0,55465000.0,583745000.0,-282880000.0,-111513000.0,,57264000.0,-429117000.0,,31368000.0,727958000.0,857737.0,-30780000.0
2020,412736000.0,100031000.0,67237000.0,49797000.0,535968000.0,-275193000.0,-7336000.0,,67694000.0,-435562000.0,,24736000.0,637004000.0,857737.0,67601000.0
2009,5146923000.0,1718439000.0,718912000.0,282636000.0,498910000.0,3519917000.0,149943000.0,4121897000.0,27248000.0,3743791000.0,443533000.0,786063000.0,,864328.0,229274000.0
2010,10932600000.0,,,2275300000.0,595000000.0,851700000.0,-720100000.0,-25900000.0,89500000.0,360700000.0,,,10080900000.0,872821.0,
2011,4737157000.0,,,,,1343311000.0,78331000.0,495930000.0,132770000.0,523787000.0,,,3393846000.0,873860.0,256346000.0
2012,5671882000.0,,,,3325719000.0,1611422000.0,180923000.0,845006000.0,223455000.0,704565000.0,,88748000.0,3907088000.0,873860.0,481081000.0
2013,7927003000.0,,,,4142483000.0,1812591000.0,135275000.0,555955000.0,395586000.0,1002963000.0,,,6054051000.0,873860.0,215079000.0
2014,8267278000.0,,,,4173938000.0,1038394000.0,-521875000.0,493292000.0,541757000.0,530361000.0,,,7226113000.0,873860.0,-392220000.0
2015,7404809000.0,,,,2716472000.0,851562000.0,-247017000.0,362457000.0,482373000.0,325929000.0,,,6550171000.0,873860.0,
2016,7655663000.0,,,,,652958000.0,-199762000.0,323904000.0,412583000.0,126167000.0,,,7000380000.0,873860.0,
2017,8403164000.0,,,,,545040000.0,-127966000.0,276770000.0,363238000.0,-2083000.0,,,7856290000.0,873860.0,
2018,9394216000.0,,,329132000.0,,554705000.0,-70772000.0,310929000.0,275041000.0,3567000.0,,,8839511000.0,873860.0,
2019,10406199000.0,,,428339000.0,,,-142125000.0,261171000.0,114129000.0,-138542000.0,,,9994188000.0,873860.0,
2020,10651127000.0,,,284802000.0,,,-40178000.0,231011000.0,109367000.0,-131682000.0,,,10235755000.0,873860.0,
2021,12147123000.0,,,192792000.0,,,18078000.0,1050099000.0,143968000.0,-113604000.0,,,11670429000.0,873860.0,
2022,12399200000.0,,,208000000.0,,,25700000.0,953900000.0,186000000.0,-87900000.0,,,11942500000.0,873860.0,
2023,12513700000.0,,,201600000.0,,,-63700000.0,1066700000.0,273600000.0,-151600000.0,,,12111900000.0,873860.0,
2024,16435400000.0,,,184800000.0,,442900000.0,33900000.0,976000000.0,288900000.0,-117600000.0,,,15942500000.0,873860.0,
2025,16170600000.0,,,180500000.0,,627900000.0,189500000.0,1066700000.0,308600000.0,71900000.0,,,15492800000.0,873860.0,
2011,1055745000.0,298412000.0,426300000.0,8096000.0,383936000.0,-52456000.0,-84674000.0,,,-231274000.0,,238592000.0,961254000.0,876883.0,9307000.0
2012,1344945000.0,462151000.0,688833000.0,60330000.0,429845000.0,-142832000.0,-24548000.0,,,-316713000.0,,326087000.0,1311802000.0,876883.0,-17908000.0
2013,1425227000.0,500507000.0,690322000.0,102007000.0,664661000.0,-329700000.0,-94321000.0,,,-465576000.0,,309796000.0,1553305000.0,876883.0,-31992000.0
2014,1648890000.0,552242000.0,821504000.0,119767000.0,742593000.0,-441235000.0,-26759000.0,,,-489633000.0,,355295000.0,1802519000.0,876883.0,87749000.0
2015,1590250000.0,508745000.0,912624000.0,61458000.0,741038000.0,-566152000.0,-26222000.0,,,-526990000.0,,361044000.0,2007852000.0,876883.0,72110000.0
2016,1577378000.0,489582000.0,802821000.0,27921000.0,936208000.0,-575109000.0,9097000.0,,,-581848000.0,,388340000.0,2026674000.0,876883.0,48431000.0
2017,1698892000.0,542771000.0,775630000.0,46179000.0,882806000.0,-213543000.0,222668000.0,,,-340000000.0,,434072000.0,1791519000.0,876883.0,131959000.0
2018,1611573000.0,589854000.0,742536000.0,30873000.0,954229000.0,-311481000.0,-81598000.0,393662000.0,,-464903000.0,,395200000.0,1806994000.0,876883.0,9696000.0
2019,1839492000.0,623082000.0,819645000.0,106933000.0,887630000.0,-219647000.0,-7115000.0,381975000.0,,-469593000.0,,450403000.0,1981908000.0,876883.0,80240000.0
2020,1511314000.0,487140000.0,691260000.0,60757000.0,843184000.0,-449899000.0,-233457000.0,328168000.0,,-709751000.0,,374892000.0,1893087000.0,876883.0,-45757000.0
2021,4055580000.0,1005841000.0,1294182000.0,184009000.0,1191601000.0,370753000.0,21036000.0,1469363000.0,,-6982000.0,,696937000.0,3133176000.0,876883.0,44726000.0
2022,3993332000.0,1030955000.0,1349802000.0,220589000.0,1184707000.0,482537000.0,27269000.0,2687792000.0,,29445000.0,,645846000.0,3009587000.0,876883.0,159228000.0
2023,3767047000.0,1025066000.0,1374329000.0,119737000.0,1145828000.0,356695000.0,1286000.0,654895000.0,,21148000.0,,697178000.0,2930983000.0,876883.0,90527000.0
2024,3908221000.0,1135148000.0,1367296000.0,131339000.0,1353624000.0,331731000.0,2259000.0,2841216000.0,,11740000.0,,716415000.0,3122904000.0,876883.0,133068000.0
2025,4214547000.0,1162292000.0,1480011000.0,104537000.0,1326013000.0,758393000.0,29101000.0,2909000000.0,,32930000.0,,735752000.0,3413212000.0,876883.0,159001000.0
2011,2157098000.0,192428000.0,90463000.0,65688000.0,317821000.0,427676000.0,38555000.0,512664000.0,22747000.0,-175592000.0,35859000.0,49146000.0,1729422000.0,878522.0,85865000.0
2012,2221685000.0,209481000.0,97189000.0,68187000.0,321887000.0,424321000.0,8977000.0,129436000.0,23401000.0,-139696000.0,36495000.0,52441000.0,1797364000.0,878522.0,79429000.0
2011,60994000.0,50209000.0,23550000.0,17318000.0,15444000.0,-28459000.0,-14812000.0,140967000.0,8456000.0,-1853138000.0,20857000.0,9591000.0,89453000.0,880446.0,-11073000.0
2012,56616000.0,47479000.0,18785000.0,23891000.0,,-24015000.0,1217000.0,29468000.0,7778000.0,-1854250000.0,12060000.0,9403000.0,80631000.0,880446.0,531000.0
2013,98961000.0,91259000.0,21896000.0,68863000.0,,,-5765000.0,26875000.0,7916000.0,-1876328000.0,10692000.0,9807000.0,83053000.0,880446.0,-3492000.0
2014,104824000.0,97386000.0,56915000.0,71903000.0,,,-2485000.0,28671000.0,6227000.0,-1894403000.0,12792000.0,10850000.0,73566000.0,880446.0,-654000.0
2012,41869000.0,17525000.0,15660000.0,4752000.0,18306000.0,6021000.0,-16662000.0,43469000.0,2270000.0,-94197000.0,,10968000.0,35848000.0,880562.0,-13059000.0
2013,39707000.0,18182000.0,15501000.0,5459000.0,15170000.0,6684000.0,188000.0,9770000.0,1632000.0,-93666000.0,,10594000.0,33023000.0,880562.0,762000.0
2014,33653000.0,14810000.0,14177000.0,7178000.0,11848000.0,5225000.0,163000.0,7370000.0,1332000.0,-95224000.0,,6657000.0,28428000.0,880562.0,506000.0
2015,27406000.0,10312000.0,10979000.0,5426000.0,10810000.0,3680000.0,-541000.0,6108000.0,828000.0,-96910000.0,,3918000.0,23726000.0,880562.0,-417000.0
2011,200326000.0,121071000.0,,66654000.0,,150458000.0,28464000.0,133641000.0,,-118854000.0,8813000.0,42226000.0,,880771.0,29425000.0
2012,174071000.0,137329000.0,,84228000.0,,143022000.0,1888000.0,156269000.0,,-134407000.0,10424000.0,38109000.0,,880771.0,6410000.0
2013,180227000.0,143411000.0,,85803000.0,,146595000.0,36000.0,127058000.0,,-135960000.0,15238000.0,40008000.0,,880771.0,10429000.0
2014,181831000.0,140197000.0,,86228000.0,,155274000.0,3519000.0,134790000.0,,-135148000.0,10703000.0,40268000.0,,880771.0,25984000.0
2015,216619000.0,168521000.0,36820000.0,101403000.0,,179712000.0,12544000.0,157257000.0,,-118494000.0,10976000.0,39363000.0,,880771.0,29911000.0
2016,241898000.0,195733000.0,26441000.0,134395000.0,,215365000.0,6411000.0,160096000.0,,-87765000.0,16587000.0,41510000.0,,880771.0,33235000.0
2011,142575000.0,93656000.0,24275000.0,24606000.0,,111553000.0,24050000.0,130015000.0,575000.0,-5439000.0,20290000.0,46163000.0,,882154.0,-1032000.0
2012,159147000.0,99276000.0,40034000.0,19122000.0,,110559000.0,1556000.0,46751000.0,449000.0,-2361000.0,20327000.0,57147000.0,,882154.0,2004000.0
2013,256385000.0,167122000.0,61372000.0,50915000.0,25294000.0,159587000.0,-1893000.0,73580000.0,817000.0,2051000.0,16864000.0,89801000.0,,882154.0,-1827000.0
2014,265217000.0,156480000.0,85643000.0,33775000.0,21563000.0,,551000.0,81747000.0,1236000.0,-4941000.0,35144000.0,81381000.0,,882154.0,1016000.0
2015,335815000.0,224168000.0,148288000.0,18433000.0,18667000.0,,5839000.0,150028000.0,1141000.0,898000.0,64062000.0,137899000.0,,882154.0,5093000.0
2011,561154000.0,311611000.0,174043000.0,78982000.0,130699000.0,-35690000.0,-9950000.0,,15723000.0,-266896000.0,88531000.0,95381000.0,,883902.0,-1627000.0
2012,751484000.0,341835000.0,220058000.0,55158000.0,234444000.0,-370528000.0,6270000.0,,16827000.0,-369850000.0,106015000.0,133475000.0,,883902.0,31689000.0
2013,780263000.0,390828000.0,251614000.0,77436000.0,235391000.0,252758000.0,8276000.0,1308395000.0,20988000.0,-382735000.0,122105000.0,135368000.0,,883902.0,19188000.0
2014,758683000.0,390530000.0,245711000.0,66651000.0,233003000.0,246542000.0,14259000.0,1370540000.0,12455000.0,-371550000.0,131497000.0,136923000.0,,883902.0,25096000.0
2015,1079729000.0,496347000.0,321624000.0,99662000.0,444147000.0,271976000.0,18407000.0,1563693000.0,28460000.0,-353733000.0,157828000.0,166800000.0,,883902.0,56831000.0
2016,1058296000.0,504856000.0,326534000.0,65403000.0,404147000.0,281317000.0,19001000.0,1684928000.0,31019000.0,-302706000.0,186824000.0,182258000.0,,883902.0,108779000.0
2017,1051173000.0,533631000.0,316048000.0,65658000.0,387290000.0,305247000.0,17490000.0,1770278000.0,28899000.0,-248046000.0,198296000.0,199897000.0,,883902.0,109780000.0
2018,1110375000.0,590735000.0,335699000.0,54272000.0,403076000.0,330265000.0,27555000.0,573634000.0,21808000.0,-186291000.0,254531000.0,233297000.0,,883902.0,125920000.0
2019,5564346000.0,1165749000.0,648544000.0,98386000.0,3156924000.0,935318000.0,1930000.0,1244415000.0,229262000.0,-281229000.0,439194000.0,491740000.0,,883902.0,214736000.0
2020,5478490000.0,1791171000.0,667152000.0,674255000.0,3563429000.0,441805000.0,1880000.0,1191369000.0,213610000.0,-764685000.0,431937000.0,554649000.0,,883902.0,-266506000.0
2021,5827460000.0,1987080000.0,855435000.0,394447000.0,3010843000.0,1176339000.0,665859000.0,5583137000.0,191301000.0,-98826000.0,748732000.0,685316000.0,,883902.0,1137245000.0
2022,7193650000.0,1896621000.0,893239000.0,553551000.0,3366588000.0,1728945000.0,-63496000.0,2744148000.0,157191000.0,-63496000.0,551828000.0,665936000.0,5464705000.0,883902.0,81817000.0
2023,6933341000.0,1636324000.0,800394000.0,468877000.0,3382550000.0,1644870000.0,-75525000.0,5402434000.0,380706000.0,-139021000.0,496839000.0,596621000.0,5288471000.0,883902.0,240194000.0
2024,6685146000.0,1492225000.0,884338000.0,159529000.0,4421528000.0,204877000.0,-1189410000.0,5297529000.0,,-1328431000.0,610177000.0,563916000.0,6480269000.0,883902.0,-852789000.0
2025,6208736000.0,1704350000.0,780984000.0,135452000.0,4967387000.0,-505097000.0,-702958000.0,5408660000.0,,-2031389000.0,745476000.0,567065000.0,6713833000.0,883902.0,-423698000.0
2011,473216000.0,351666000.0,178794000.0,94053000.0,,259338000.0,19828000.0,,,245053000.0,220775000.0,,213878000.0,884940.0,32257000.0
2012,491709000.0,333433000.0,197081000.0,67233000.0,,234034000.0,13547000.0,,,216574000.0,243345000.0,,257675000.0,884940.0,36223000.0
2013,524258000.0,357171000.0,196213000.0,66854000.0,,264401000.0,7421000.0,,,235471000.0,261517000.0,,259857000.0,884940.0,40833000.0
2014,553091000.0,373670000.0,199137000.0,65314000.0,,284938000.0,12305000.0,,,250046000.0,285623000.0,,268153000.0,884940.0,44709000.0
2015,516225000.0,324024000.0,187140000.0,11830000.0,180150000.0,76317000.0,6250000.0,,,33337000.0,293608000.0,,439908000.0,884940.0,41563000.0
2016,527849000.0,331963000.0,197191000.0,10604000.0,171792000.0,70260000.0,-4907000.0,,,19853000.0,291110000.0,,457589000.0,884940.0,3566000.0
2017,480932000.0,304831000.0,209184000.0,10400000.0,142387000.0,48287000.0,-415000.0,,,-7949000.0,270237000.0,,432645000.0,884940.0,-31234000.0
2019,765514000.0,281119000.0,249669000.0,9499000.0,141438000.0,31938000.0,-255000.0,340336000.0,,-30534000.0,248588000.0,,733576000.0,884940.0,-704000.0
2012,12861000.0,8449000.0,3647000.0,2036000.0,,2813000.0,-8352000.0,3188000.0,,-177104000.0,4016000.0,645000.0,6794000.0,885074.0,-7707000.0
2013,13193000.0,9184000.0,4333000.0,3505000.0,,8676000.0,-11349000.0,4827000.0,,-188837000.0,3959000.0,566000.0,4517000.0,885074.0,-7371000.0
2014,8228000.0,5254000.0,2884000.0,1084000.0,,5218000.0,-2111000.0,1070000.0,,-196382000.0,2937000.0,508000.0,3010000.0,885074.0,-7117000.0
2015,4163000.0,1602000.0,4540000.0,247000.0,2150000.0,-465000.0,-3052000.0,521000.0,35000.0,-206485000.0,603000.0,274000.0,4628000.0,885074.0,-8706000.0
2016,51673329.0,4186766.0,11617787.0,1414706.0,2977811.0,39941163.0,5265028.0,34576916.0,,1555715.0,337907.0,2142514.0,11732166.0,885074.0,5796621.0
2017,16731678.0,2669907.0,8656490.0,1121763.0,2545199.0,8030188.0,-32073514.0,20198771.0,,-36349229.0,347750.0,1020988.0,8701490.0,885074.0,-5379298.0
2018,10975255.0,3737843.0,10351700.0,723352.0,3364908.0,488554.0,-8000377.0,16301144.0,,-44689362.0,453129.0,2507304.0,10486701.0,885074.0,-780536.0
2019,3911096.0,2962747.0,8265213.0,753589.0,,-5981839.0,-7138499.0,,,-53757563.0,654446.0,1540889.0,9892935.0,885074.0,-2950074.0
2011,2789452000.0,,,242980000.0,,-29550000.0,-36738000.0,,55329000.0,-147513000.0,,,2819002000.0,885322.0,
2012,2367583000.0,,,228536000.0,,-59864000.0,-34172000.0,,37399000.0,-189097000.0,,,2427447000.0,885322.0,
2014,2082379000.0,,,147273000.0,,227663000.0,5123000.0,,4344000.0,34981000.0,,,1854716000.0,885322.0,
2015,2248498000.0,,,75267000.0,,366641000.0,8621000.0,,4429000.0,172610000.0,,,1881857000.0,885322.0,
2010,10795117000.0,1020166000.0,692456000.0,394269000.0,3478377000.0,,,1181237000.0,,-934511000.0,229582000.0,,5884021000.0,885590.0,-110085000.0
2011,13141713000.0,1357506000.0,924272000.0,164111000.0,6539761000.0,4007016000.0,,2463450000.0,,-2030292000.0,355212000.0,468539000.0,9134697000.0,885590.0,299959000.0
2012,17950379000.0,2777451000.0,1822752000.0,916091000.0,10535443000.0,3717398000.0,,3546626000.0,,-2370976000.0,531256000.0,769469000.0,14232981000.0,885590.0,79685000.0
2013,27970797000.0,3885889000.0,2512396000.0,600340000.0,17162946000.0,5118723000.0,,5769605000.0,,-3278529000.0,882966000.0,1676339000.0,22737475000.0,885590.0,-409502000.0
2014,26353000000.0,4193100000.0,2730800000.0,322600000.0,15253700000.0,5312200000.0,,8263500000.0,,-2365000000.0,950600000.0,2075800000.0,20918500000.0,885590.0,2039700000.0
2015,48964500000.0,5507200000.0,5312600000.0,597300000.0,30265400000.0,5911000000.0,,2757200000.0,,-2749700000.0,1256600000.0,2686900000.0,42934700000.0,885590.0,167100000.0
2016,43529000000.0,5077000000.0,3609000000.0,542000000.0,29845000000.0,3152000000.0,,2403000000.0,,-5129000000.0,1061000000.0,,40271000000.0,885590.0,151000000.0
2017,37497000000.0,4746000000.0,4268000000.0,720000000.0,25235000000.0,5849000000.0,,2163000000.0,,-2725000000.0,1048000000.0,,31553000000.0,885590.0,-322000000.0
2018,32492000000.0,4211000000.0,3836000000.0,721000000.0,24077000000.0,2733000000.0,,,,-5664000000.0,934000000.0,,29677000000.0,885590.0,25000000.0
2019,33863000000.0,6969000000.0,6248000000.0,3243000000.0,24661000000.0,1063000000.0,,,,-7452000000.0,1107000000.0,,32727000000.0,885590.0,-1076000000.0
2020,31199000000.0,5342000000.0,4913000000.0,605000000.0,23925000000.0,535000000.0,,,,-8013000000.0,1094000000.0,,30594000000.0,885590.0,-5000000.0
2021,29202000000.0,5607000000.0,5198000000.0,582000000.0,22654000000.0,-106000000.0,-948000000.0,,,-8961000000.0,993000000.0,,29236000000.0,885590.0,450000000.0
2022,25686000000.0,4247000000.0,3941000000.0,564000000.0,20334000000.0,-692000000.0,-225000000.0,,,-9186000000.0,1090000000.0,,25426000000.0,885590.0,454000000.0
2023,27350000000.0,5596000000.0,4302000000.0,947000000.0,21938000000.0,-1022000000.0,-592000000.0,,,-9778000000.0,1544000000.0,,27432000000.0,885590.0,963000000.0
2024,26523000000.0,5774000000.0,6752000000.0,1181000000.0,18942000000.0,-1279000000.0,-46000000.0,,,-9824000000.0,1595000000.0,,26845000000.0,885590.0,1546000000.0
2025,26366000000.0,6157000000.0,4180000000.0,1309000000.0,20592000000.0,-554000000.0,157000000.0,,,-9667000000.0,1629000000.0,,25989000000.0,885590.0,1813000000.0
2009,25177000000.0,4061000000.0,3022000000.0,864000000.0,,,-1025000000.0,,407000000.0,-3757000000.0,920000000.0,,,885725.0,-894000000.0
2010,22128000000.0,3615000000.0,2609000000.0,213000000.0,5450000000.0,,236000000.0,,393000000.0,-4822000000.0,894000000.0,,,885725.0,349000000.0
2011,21290000000.0,3105000000.0,1807000000.0,267000000.0,4200000000.0,,441000000.0,,281000000.0,-4381000000.0,931000000.0,,,885725.0,904000000.0
2012,17154000000.0,3022000000.0,1772000000.0,207000000.0,4200000000.0,,-4068000000.0,,261000000.0,-8449000000.0,884000000.0,,,885725.0,-3868000000.0
2013,16571000000.0,3011000000.0,1824000000.0,217000000.0,4200000000.0,,-121000000.0,,324000000.0,-8570000000.0,897000000.0,,,885725.0,120000000.0
2014,17042000000.0,3606000000.0,2846000000.0,587000000.0,4200000000.0,,-119000000.0,7462000000.0,216000000.0,-8689000000.0,946000000.0,,,885725.0,-301000000.0
2015,18133000000.0,3471000000.0,2430000000.0,319000000.0,5650000000.0,,-239000000.0,8068000000.0,284000000.0,-8927000000.0,1016000000.0,,,885725.0,-327000000.0
2016,18096000000.0,3239000000.0,3587000000.0,196000000.0,5400000000.0,,347000000.0,9076000000.0,233000000.0,-8581000000.0,955000000.0,,,885725.0,447000000.0
2017,19042000000.0,3822000000.0,5654000000.0,188000000.0,3815000000.0,,104000000.0,,229000000.0,-8390000000.0,1078000000.0,,,885725.0,1285000000.0
2018,20999000000.0,4003000000.0,5260000000.0,146000000.0,,,1671000000.0,,241000000.0,-6953000000.0,1166000000.0,,,885725.0,1506000000.0
2019,30565000000.0,4699000000.0,4866000000.0,217000000.0,,,4700000000.0,,473000000.0,-2253000000.0,1579000000.0,,,885725.0,1518000000.0
2020,30777000000.0,6694000000.0,3681000000.0,1734000000.0,,,-82000000.0,,361000000.0,-2378000000.0,1351000000.0,,,885725.0,-80000000.0
2021,32229000000.0,6317000000.0,4274000000.0,1925000000.0,,,1041000000.0,,341000000.0,-1392000000.0,1610000000.0,,,885725.0,1199000000.0
2022,32469000000.0,5760000000.0,3803000000.0,928000000.0,,,698000000.0,,470000000.0,-750000000.0,1867000000.0,,,885725.0,1649000000.0
2023,35136000000.0,6514000000.0,4933000000.0,865000000.0,,19282000000.0,1592000000.0,,265000000.0,819000000.0,2484000000.0,,,885725.0,2343000000.0
2024,39395000000.0,6920000000.0,6399000000.0,414000000.0,,21770000000.0,1846000000.0,,305000000.0,2673000000.0,2810000000.0,,,885725.0,2603000000.0
2025,43673000000.0,8794000000.0,5439000000.0,1965000000.0,,24233000000.0,2892000000.0,,349000000.0,5571000000.0,2943000000.0,,,885725.0,3613000000.0
2010,4327700000.0,2805700000.0,1420200000.0,458700000.0,864500000.0,1482000000.0,,,77000000.0,875300000.0,1118900000.0,1067000000.0,2722400000.0,886035.0,222400000.0
2011,4375900000.0,2899000000.0,1601300000.0,434100000.0,892600000.0,1325400000.0,54800000.0,5808200000.0,99200000.0,888200000.0,1243700000.0,1074700000.0,2938000000.0,886035.0,214600000.0
2012,4932600000.0,3250500000.0,2010300000.0,622300000.0,938900000.0,1331700000.0,4300000.0,6059500000.0,106800000.0,892200000.0,1273600000.0,1182100000.0,3465800000.0,886035.0,199400000.0
2013,4578900000.0,3006500000.0,1555800000.0,418800000.0,1136600000.0,1280200000.0,,6421200000.0,124900000.0,847400000.0,1239600000.0,1171700000.0,3182100000.0,886035.0,211700000.0
2014,3366700000.0,2396100000.0,1482800000.0,205800000.0,933900000.0,452100000.0,,,116300000.0,184400000.0,1018800000.0,1007000000.0,2839700000.0,886035.0,-311400000.0
2015,2466700000.0,1741900000.0,949300000.0,79700000.0,923700000.0,228000000.0,,,94700000.0,27200000.0,807800000.0,686900000.0,2205600000.0,886035.0,20600000.0
2016,2241600000.0,1599200000.0,901100000.0,101100000.0,871100000.0,153100000.0,-104600000.0,910000000.0,89500000.0,-102200000.0,768200000.0,664500000.0,2072700000.0,886035.0,-18300000.0
2017,2235300000.0,1595000000.0,793200000.0,84700000.0,1038800000.0,129200000.0,16000000.0,981900000.0,78700000.0,-195300000.0,736100000.0,714200000.0,2103500000.0,886035.0,9300000.0
2009,848942000000.0,,,,,70714000000.0,13385000000.0,,,50252000000.0,,,778228000000.0,886982.0,
2010,911332000000.0,,,,188247000000.0,77356000000.0,8354000000.0,,,57163000000.0,,,833976000000.0,886982.0,
2011,923225000000.0,,,,181724000000.0,70379000000.0,4442000000.0,,,58834000000.0,,,852846000000.0,886982.0,
2012,938555000000.0,,,,176270000000.0,75716000000.0,7475000000.0,,,65223000000.0,,,862839000000.0,886982.0,
2013,911507000000.0,,,61133000000.0,168489000000.0,78467000000.0,8040000000.0,,6668000000.0,71961000000.0,,,833040000000.0,886982.0,
2014,856240000000.0,,,57600000000.0,174820000000.0,82797000000.0,8477000000.0,,5557000000.0,78984000000.0,,,773443000000.0,886982.0,
2015,861395000000.0,,,75105000000.0,185942000000.0,86728000000.0,6083000000.0,,5388000000.0,83386000000.0,,,774667000000.0,886982.0,
2016,860165000000.0,,,121711000000.0,197491000000.0,86893000000.0,7398000000.0,,7104000000.0,89039000000.0,,,773272000000.0,886982.0,
2017,916776000000.0,,,110051000000.0,227579000000.0,82243000000.0,4286000000.0,,10181000000.0,91519000000.0,,,834533000000.0,886982.0,
2018,931796000000.0,,,130547000000.0,236027000000.0,90185000000.0,10459000000.0,,15912000000.0,100100000000.0,,,841611000000.0,886982.0,
2019,992968000000.0,,,133546000000.0,,90265000000.0,8466000000.0,,17376000000.0,106465000000.0,,,902703000000.0,886982.0,
2020,1163028000000.0,,,155842000000.0,,95932000000.0,9459000000.0,,8938000000.0,112947000000.0,,,1067096000000.0,886982.0,
2021,1463988000000.0,,,261036000000.0,,109926000000.0,21635000000.0,,5650000000.0,131811000000.0,,,1354062000000.0,886982.0,
2022,1441799000000.0,,,241825000000.0,,117189000000.0,11261000000.0,,21346000000.0,139372000000.0,,,1324610000000.0,886982.0,
2023,1641594000000.0,,,241577000000.0,,116905000000.0,8516000000.0,,62164000000.0,143688000000.0,,,1524689000000.0,886982.0,
2024,1675972000000.0,,,182092000000.0,,121996000000.0,14276000000.0,,73341000000.0,153412000000.0,,,1553976000000.0,886982.0,
2025,1809320000000.0,,,164259000000.0,,124972000000.0,17176000000.0,,66814000000.0,165288000000.0,,,1684348000000.0,886982.0,
2011,1124087000.0,,,82888000.0,,144007000.0,7168000.0,,8327000.0,45474000.0,,,980080000.0,887919.0,
2012,1120787000.0,,,70245000.0,16049000.0,144296000.0,2990000.0,,6436000.0,52975000.0,,,976491000.0,887919.0,
2013,1100179000.0,,,76761000.0,13800000.0,146940000.0,3690000.0,,4775000.0,62021000.0,,,953239000.0,887919.0,
2014,1252824000.0,,,75384000.0,11722000.0,145782000.0,3229000.0,,4336000.0,69719000.0,,,1107042000.0,887919.0,
2015,1244693000.0,,,72539000.0,11292000.0,147232000.0,2887000.0,,4031000.0,77592000.0,,,1097461000.0,887919.0,
2016,1496193000.0,,,,8859000.0,174184000.0,3407000.0,,4643000.0,66195000.0,,,1322009000.0,887919.0,
2017,1493424000.0,,,,5000000.0,183355000.0,3769000.0,,4502000.0,74983000.0,,,1310069000.0,887919.0,
2018,1690115000.0,,,,2500000.0,216729000.0,5639000.0,,6067000.0,87333000.0,,,1473386000.0,887919.0,
2019,1781010000.0,,,,,240241000.0,5894000.0,,9677000.0,102743000.0,,,1540769000.0,887919.0,
2020,1945822000.0,,,,,259907000.0,22438000.0,,6813000.0,116378000.0,,,1685915000.0,887919.0,
2010,9064082000.0,,,,,3296432000.0,345096000.0,2302254000.0,,2257895000.0,,,5767650000.0,888919.0,
2011,9625253000.0,,,,,3292014000.0,78338000.0,614921000.0,,2447850000.0,,,6333239000.0,888919.0,
2012,10267807000.0,,,,,3542612000.0,108101000.0,652343000.0,,2756166000.0,,,6725195000.0,888919.0,
2013,10344520000.0,,,,,3674430000.0,115010000.0,636630000.0,,3085501000.0,,,6670090000.0,888919.0,
2014,10714346000.0,,,,,3903351000.0,113029000.0,670007000.0,,3441424000.0,,,6810995000.0,888919.0,
2011,88940107.0,85093458.0,32907022.0,,889239.0,54026207.0,7416928.0,,343491.0,19834852.0,,4285570.0,34913900.0,889348.0,10878354.0
2012,124883516.0,119354056.0,39645331.0,,3209873.0,80594199.0,3600354.0,,416373.0,30845982.0,,6774346.0,44289317.0,889348.0,16909983.0
2013,124272594.0,120181761.0,31741678.0,,2198187.0,88951519.0,2370242.0,,653786.0,38582876.0,,4392254.0,35321075.0,889348.0,11728723.0
2014,104154723.0,97700457.0,36835815.0,,1289843.0,64813156.0,1717259.0,,794428.0,13373601.0,,6466814.0,39341567.0,889348.0,-37032919.0
2015,116712536.0,112355720.0,45062803.0,,483961.0,70532109.0,651680.0,,918129.0,18389594.0,,7665837.0,46180427.0,889348.0,8965555.0
2016,117791895.0,111288206.0,40692721.0,,8860724.0,67605706.0,2134999.0,,1356645.0,14781018.0,,8514613.0,50186189.0,889348.0,-4295272.0
2017,124184499.0,120382436.0,42244635.0,,7019468.0,74313333.0,2057173.0,,1698914.0,20548652.0,,5379821.0,49871166.0,889348.0,10196322.0
2018,143713674.0,140204589.0,41854413.0,6128142.0,3876238.0,93423346.0,2211563.0,83929270.0,1989417.0,22760215.0,9711997.0,8623329.0,50290328.0,889348.0,8635380.0
2019,44339580.0,34831456.0,20979737.0,5432793.0,1764614.0,-7740240.0,-4450152.0,87518688.0,2104851.0,-79046688.0,5891386.0,7029602.0,52079820.0,889348.0,-2431090.0
2020,46509449.0,37687226.0,30012252.0,6033537.0,6205095.0,-12983732.0,223398.0,87584690.0,1421955.0,-85001524.0,6386288.0,4962906.0,59493181.0,889348.0,-2286212.0
2021,55005545.0,43279919.0,31104143.0,6308866.0,1540747.0,-5335073.0,6820373.0,103369544.0,1141189.0,-78181151.0,4028925.0,4967714.0,60340618.0,889348.0,3181171.0
2022,59447080.0,43198436.0,30301834.0,,,4197030.0,9176225.0,83335764.0,2271101.0,-69004926.0,2493069.0,4857772.0,55250050.0,889348.0,4894195.0
2023,74360132.0,46913731.0,31511350.0,,,22081728.0,17201204.0,86466321.0,2455214.0,-51803722.0,1436647.0,4352196.0,52278404.0,889348.0,6307004.0
2024,67982002.0,43592453.0,26470342.0,,,25933242.0,3299334.0,81078864.0,2288834.0,-48504388.0,918288.0,3716378.0,42048760.0,889348.0,6731622.0
2025,75244501.0,43408000.0,23019245.0,,,25807574.0,-843361.0,69262124.0,,-49347749.0,800823.0,5764928.0,49436927.0,889348.0,-176382.0
2009,3963186000.0,1763317000.0,1436085000.0,677137000.0,,2117538000.0,173420000.0,1927332000.0,,712163000.0,,294315000.0,1845648000.0,890801.0,222307000.0
2010,4232352000.0,2074567000.0,1562121000.0,738419000.0,,2224097000.0,184112000.0,,,896275000.0,7100000.0,348254000.0,2008255000.0,890801.0,229422000.0
2010,2037646000.0,296009000.0,320847000.0,26251000.0,,1447454000.0,202691000.0,,3193000.0,787884000.0,,181395000.0,590192000.0,893949.0,312911000.0
2011,2272648000.0,337273000.0,254301000.0,18596000.0,,1731016000.0,58359000.0,,684000.0,1005881000.0,,230388000.0,541632000.0,893949.0,91509000.0
2012,2750337000.0,359044000.0,268338000.0,21280000.0,,2035368000.0,66103000.0,,1219000.0,1246788000.0,,248066000.0,714969000.0,893949.0,103023000.0
2013,3049430000.0,408839000.0,326792000.0,31137000.0,,2342988000.0,78974000.0,,1046000.0,1484023000.0,,285397000.0,706442000.0,893949.0,123917000.0
2014,3608795000.0,467052000.0,416273000.0,47928000.0,558000000.0,2264619000.0,88398000.0,,3313000.0,1376782000.0,,352191000.0,1343229000.0,893949.0,141087000.0
2015,4547214000.0,527769000.0,428771000.0,51572000.0,1260404000.0,2437528000.0,92702000.0,,8493000.0,1510356000.0,,444737000.0,2109368000.0,893949.0,150960000.0
2016,5339400000.0,587128000.0,448949000.0,55698000.0,1682132000.0,2760767000.0,78079000.0,,16356000.0,1785526000.0,,495276000.0,2578633000.0,893949.0,142778000.0
2017,5867278000.0,627235000.0,531425000.0,60200000.0,1678744000.0,3066454000.0,136103000.0,,19844000.0,2048189000.0,,503999000.0,2800824000.0,893949.0,125703000.0
2018,5934911000.0,657409000.0,500193000.0,36745000.0,,3087884000.0,60214000.0,,25448000.0,2094359000.0,,542272000.0,2847027000.0,893949.0,103574000.0
2019,4145901000.0,731507000.0,541818000.0,112767000.0,,1498996000.0,9331000.0,,27677000.0,510212000.0,,498869000.0,2646905000.0,893949.0,64751000.0
2020,3347948000.0,1549348000.0,444335000.0,1123843000.0,,747485000.0,-64296000.0,,27302000.0,-286354000.0,,241931000.0,2600231000.0,893949.0,32305000.0
2021,2722546000.0,840564000.0,427366000.0,387391000.0,,896487000.0,130964000.0,,68722000.0,-155390000.0,,301775000.0,1825854000.0,893949.0,202918000.0
2022,2347887000.0,427989000.0,426983000.0,9824000.0,,891632000.0,66335000.0,,39695000.0,-89063000.0,,296787000.0,1456255000.0,893949.0,172688000.0
2023,2219810000.0,483454000.0,388946000.0,73258000.0,,849061000.0,-60408000.0,,42075000.0,149471000.0,,272313000.0,1370749000.0,893949.0,7321000.0
2024,2152700000.0,639607000.0,434110000.0,229940000.0,,764938000.0,-99069000.0,,,-248540000.0,,259990000.0,1387762000.0,893949.0,-68713000.0
2025,2246696000.0,763514000.0,458911000.0,375241000.0,,865854000.0,165388000.0,,,-83152000.0,,229665000.0,1380842000.0,893949.0,208813000.0
2009,771462000000.0,,,31991000000.0,193374000000.0,46688000000.0,1346000000.0,23358000000.0,6712000000.0,35056000000.0,,,718682000000.0,895421.0,
2010,807698000000.0,,,47615000000.0,192457000000.0,57211000000.0,836000000.0,7807000000.0,6414000000.0,38603000000.0,,,742291000000.0,895421.0,
2011,749898000000.0,,,47312000000.0,184234000000.0,62049000000.0,-250000000.0,5709000000.0,6907000000.0,40341000000.0,,,679820000000.0,895421.0,
2012,780960000000.0,,,46904000000.0,169571000000.0,62109000000.0,594000000.0,6966000000.0,5924000000.0,39912000000.0,,,711223000000.0,895421.0,
2013,832702000000.0,,,59883000000.0,153575000000.0,65921000000.0,84000000.0,7830000000.0,4431000000.0,42172000000.0,,,763672000000.0,895421.0,
2014,801510000000.0,,,46984000000.0,152772000000.0,70900000000.0,-1630000000.0,7764000000.0,3678000000.0,44625000000.0,,,729406000000.0,895421.0,
2015,787465000000.0,,,54083000000.0,153768000000.0,75182000000.0,908000000.0,,2742000000.0,49204000000.0,,,711281000000.0,895421.0,
2016,814949000000.0,,,43381000000.0,164775000000.0,76050000000.0,1666000000.0,,3318000000.0,53679000000.0,,,737772000000.0,895421.0,
2017,851733000000.0,,,80395000000.0,191063000000.0,77391000000.0,643000000.0,,5697000000.0,57577000000.0,,,773267000000.0,895421.0,
2018,853531000000.0,,,87196000000.0,188117000000.0,80246000000.0,1531000000.0,,10086000000.0,64175000000.0,,,772125000000.0,895421.0,
2019,895429000000.0,,,,190060000000.0,81549000000.0,2239000000.0,,12404000000.0,70589000000.0,,,812732000000.0,895421.0,
2020,1115862000000.0,,,105654000000.0,213388000000.0,101781000000.0,3385000000.0,,3849000000.0,78694000000.0,,,1012713000000.0,895421.0,
2021,1188140000000.0,,,127725000000.0,227363000000.0,105441000000.0,15034000000.0,,1366000000.0,89432000000.0,,,1081542000000.0,895421.0,
2022,1180231000000.0,,,128127000000.0,233867000000.0,100141000000.0,11029000000.0,,12268000000.0,94862000000.0,,,1079000000000.0,895421.0,
2023,1193693000000.0,,,89232000000.0,260544000000.0,99038000000.0,9087000000.0,,42051000000.0,97996000000.0,,,1093711000000.0,895421.0,
2024,1215071000000.0,,,105386000000.0,284307000000.0,104511000000.0,13390000000.0,,,104989000000.0,,,1109643000000.0,895421.0,
2025,1420270000000.0,,,111695000000.0,341681000000.0,111632000000.0,16861000000.0,,,115091000000.0,,,1307618000000.0,895421.0,
2012,387896000.0,355812000.0,267267000.0,25305000.0,6574000.0,92357000.0,4062000.0,7974830000.0,4940000.0,-156777000.0,158438000.0,,282019000.0,895516.0,-3538000.0
2013,371375000.0,339875000.0,272585000.0,23643000.0,8788000.0,78632000.0,3369000.0,7406043000.0,4404000.0,-134937000.0,188253000.0,,292583000.0,895516.0,2314000.0
2012,33219657.0,12142806.0,9944955.0,6426645.0,262274.0,21655022.0,-5211238.0,,83993.0,-201996361.0,2511748.0,2441941.0,11564635.0,896429.0,-7000392.0
2013,36576196.0,10726079.0,12016583.0,5981000.0,122754.0,23379191.0,854123.0,,157205.0,-201142238.0,1823615.0,2620684.0,13197005.0,896429.0,713925.0
2014,70764242.0,14633527.0,15244537.0,9072320.0,249865.0,53736667.0,27530652.0,,256844.0,-173611586.0,1486777.0,2683579.0,17027575.0,896429.0,436332.0
2015,73835195.0,23035338.0,16742201.0,11373973.0,1854424.0,53310709.0,-1089482.0,,301767.0,-174701068.0,4216396.0,4671544.0,20524486.0,896429.0,-240303.0
2016,84833000.0,33048000.0,28177000.0,19272000.0,1576000.0,55025000.0,-872000.0,,600000.0,-181507000.0,2031000.0,4899000.0,29808000.0,896429.0,-1578000.0
2017,97691000.0,36502000.0,30699000.0,12745000.0,,65778000.0,243000.0,,892000.0,-183359000.0,4586000.0,7193000.0,31913000.0,896429.0,432000.0
2019,181097000.0,67902000.0,65059000.0,27464000.0,,112453000.0,-10541000.0,38225000.0,2992000.0,-264400000.0,10908000.0,21712000.0,65506000.0,896429.0,-10143000.0
2020,181023000.0,67364000.0,62349000.0,31713000.0,,98215000.0,-11414000.0,32645000.0,2597000.0,-303025000.0,9128000.0,17273000.0,79670000.0,896429.0,-10380000.0
2021,237672000.0,131279000.0,65673000.0,88136000.0,13644000.0,151393000.0,-8705000.0,166939000.0,4013000.0,-311382000.0,5292000.0,27470000.0,83141000.0,896429.0,-8705000.0
2022,255632000.0,136580000.0,79179000.0,68125000.0,13930000.0,156833000.0,-1703000.0,205202000.0,524000.0,-313085000.0,19754000.0,37695000.0,95661000.0,896429.0,-2657000.0
2023,289612000.0,123383000.0,81693000.0,50927000.0,37548000.0,164872000.0,633000.0,243641000.0,2326000.0,-312452000.0,31872000.0,30162000.0,122020000.0,896429.0,760000.0
2024,335568000.0,157794000.0,105895000.0,58920000.0,36284000.0,181746000.0,11993000.0,268596000.0,,-300459000.0,40791000.0,43848000.0,151102000.0,896429.0,14169000.0
2025,381858000.0,152925000.0,82396000.0,51146000.0,36746000.0,251031000.0,64533000.0,302548000.0,,-235926000.0,45703000.0,37927000.0,128107000.0,896429.0,22330000.0
2011,7349000.0,6062000.0,2216000.0,1777000.0,,5133000.0,1124000.0,11231000.0,,-8321000.0,2332000.0,1845000.0,,896493.0,1157000.0
2012,6932000.0,5362000.0,1405000.0,1821000.0,,5527000.0,-329000.0,8589000.0,,-8650000.0,2012000.0,1390000.0,,896493.0,-94000.0
2013,6977000.0,5771000.0,1930000.0,1696000.0,,5047000.0,-632000.0,8770000.0,,-9282000.0,1751000.0,2157000.0,,896493.0,-317000.0
2014,6342000.0,5489000.0,1901000.0,2110000.0,,4441000.0,-658000.0,9022000.0,,-9940000.0,1653000.0,1548000.0,,896493.0,-542000.0
2015,5099000.0,4287000.0,1628000.0,1241000.0,,3471000.0,-1096000.0,7766000.0,,-11036000.0,1542000.0,1240000.0,,896493.0,-1003000.0
2016,5472000.0,3842000.0,1879000.0,996000.0,34000.0,3559000.0,-1122000.0,7596000.0,,-12158000.0,1122000.0,1439000.0,1913000.0,896493.0,-1219000.0
2017,30510000.0,8522000.0,11020000.0,1478000.0,,18009000.0,-10616000.0,10001000.0,,-23412000.0,1993000.0,1898000.0,11720000.0,896493.0,-5983000.0
2018,49425880.0,12290069.0,30735371.0,902329.0,,18024133.0,-32233881.0,27154219.0,,-55721115.0,3261126.0,1930971.0,31361089.0,896493.0,-19605456.0
2019,42750408.0,11071257.0,30221332.0,488553.0,,6940708.0,-32913412.0,26511640.0,7262646.0,-88650465.0,2541852.0,2522139.0,35801458.0,896493.0,-26941797.0
2020,75643382.0,34349079.0,21882406.0,18679848.0,,48310436.0,-32728629.0,23871277.0,9648820.0,-121396715.0,3373851.0,3852033.0,26511299.0,896493.0,-6033473.0
2021,490286000.0,93434000.0,81920000.0,15912000.0,,226842000.0,-23251000.0,52400000.0,1871000.0,-145600000.0,5482000.0,5259000.0,145106000.0,896493.0,-18361000.0
2022,561514000.0,205501000.0,225325000.0,10492000.0,144172000.0,206492000.0,-181816000.0,,42546000.0,-329078000.0,22080000.0,19586000.0,337526000.0,896493.0,-140168000.0
2023,299190000.0,138485000.0,204827000.0,8626000.0,31107000.0,44719000.0,-231026000.0,,36595000.0,-567469000.0,8384000.0,,240290000.0,896493.0,-153721000.0
2024,220766000.0,58413000.0,215503000.0,4546000.0,96672000.0,8636000.0,-56204000.0,,19671000.0,-628950000.0,1817000.0,,218676000.0,896493.0,-57004000.0
2025,313707000.0,129702000.0,170374000.0,13076000.0,83121000.0,119757000.0,-66397000.0,,16120000.0,-734560000.0,4812000.0,,187850000.0,896493.0,-62268000.0
2011,132844434.0,64137544.0,14538423.0,35777222.0,9600000.0,94762778.0,8466680.0,,,34252221.0,7302483.0,17307786.0,,898437.0,13967402.0
2012,142069051.0,77384490.0,14452618.0,44067477.0,8000000.0,108925134.0,4463223.0,,,46009681.0,8283472.0,21462481.0,,898437.0,19715198.0
2013,156041881.0,94591787.0,9282501.0,63333160.0,8000000.0,135634031.0,6654369.0,,,66584202.0,10996785.0,18736845.0,,898437.0,32606717.0
2014,193996376.0,139025042.0,5973262.0,100155864.0,,178097097.0,7816076.0,,,104903681.0,12406776.0,17152028.0,,898437.0,61446884.0
2015,235748000.0,176433000.0,17278000.0,110707000.0,,210848000.0,11042000.0,,,135662000.0,14938000.0,21652000.0,,898437.0,48134000.0
2016,240246000.0,170440000.0,8799000.0,104261000.0,,222773000.0,8085000.0,,,168209000.0,15983000.0,27598000.0,,898437.0,50607000.0
2017,282617000.0,206327000.0,13073000.0,133256000.0,,263491000.0,8067000.0,,,199511000.0,22035000.0,23825000.0,,898437.0,45729000.0
2018,278993000.0,202943000.0,11289000.0,89042000.0,,263612000.0,7717000.0,26956000.0,,218233000.0,21300000.0,20775000.0,,898437.0,21749000.0
2019,330710000.0,234306000.0,16277000.0,157463000.0,,288378000.0,4051000.0,29772000.0,,245426000.0,21995000.0,23079000.0,,898437.0,34248000.0
2020,365605000.0,177383000.0,36867000.0,95817000.0,,272400000.0,-15657000.0,32688000.0,,221444000.0,46209000.0,24102000.0,,898437.0,-28322000.0
2021,347535000.0,168528000.0,29795000.0,94386000.0,,287085000.0,4134000.0,147794000.0,,225578000.0,36010000.0,29843000.0,,898437.0,2615000.0
2022,349128000.0,169547000.0,27914000.0,86327000.0,,285563000.0,-14859000.0,156236000.0,,210719000.0,39765000.0,34627000.0,,898437.0,-19400000.0
2023,270632000.0,163309000.0,31059000.0,72867000.0,,212265000.0,-82667000.0,166662000.0,,128052000.0,46386000.0,35961000.0,,898437.0,-87639000.0
2024,202740000.0,113652000.0,23306000.0,55629000.0,,153989000.0,-56385000.0,119907000.0,,71667000.0,23809000.0,23594000.0,,898437.0,-5101000.0
2025,190270000.0,103358000.0,21908000.0,57481000.0,,143465000.0,-10880000.0,112819000.0,,60787000.0,18787000.0,23690000.0,,898437.0,-11051000.0
2010,1772708000.0,1003125000.0,284324000.0,400597000.0,,1236784000.0,83374000.0,,5255000.0,667882000.0,293625000.0,155465000.0,,899723.0,122646000.0
2011,2869723000.0,1309442000.0,448524000.0,292146000.0,663167000.0,1230793000.0,50884000.0,,23268000.0,705784000.0,615018000.0,212152000.0,,899723.0,36527000.0
2012,2499427000.0,939576000.0,379245000.0,227612000.0,454054000.0,1206710000.0,-33999000.0,,45798000.0,671012000.0,463093000.0,174613000.0,,899723.0,-1312000.0
2013,1783100000.0,542300000.0,245700000.0,118400000.0,0.0,1159800000.0,17200000.0,,11300000.0,587200000.0,240900000.0,150700000.0,,899723.0,41100000.0
2014,1419500000.0,476100000.0,225700000.0,91700000.0,,836900000.0,-189000000.0,,2600000.0,405300000.0,228400000.0,134500000.0,,899723.0,-165100000.0
2010,1012037000.0,646556000.0,138515000.0,267145000.0,,859736000.0,97030000.0,540957000.0,704000.0,-303934000.0,62165000.0,168732000.0,152301000.0,899866.0,150638000.0
2011,1394751000.0,941270000.0,230225000.0,540865000.0,,1134492000.0,48170000.0,783431000.0,788000.0,-128619000.0,81386000.0,244288000.0,260259000.0,899866.0,75370000.0
2012,2613560000.0,1495600000.0,360089000.0,989501000.0,101000000.0,1970850000.0,80972000.0,1134114000.0,7402000.0,126203000.0,94521000.0,295598000.0,642710000.0,899866.0,107876000.0
2013,3317696000.0,2186857000.0,582429000.0,529857000.0,65000000.0,2382079000.0,-18992000.0,1551346000.0,4112000.0,379098000.0,102602000.0,421752000.0,935617000.0,899866.0,138072000.0
2014,4201962000.0,2796029000.0,606740000.0,943999000.0,9500000.0,3302018000.0,153332000.0,2233733000.0,2982000.0,1036010000.0,176441000.0,432888000.0,899944000.0,899866.0,203695000.0
2015,13133230000.0,2425349000.0,718250000.0,1010111000.0,3281250000.0,8258616000.0,66604000.0,2602532000.0,47744000.0,1180395000.0,289874000.0,532832000.0,4874614000.0,899866.0,97314000.0
2016,13253000000.0,2578000000.0,823000000.0,966000000.0,2888000000.0,8694000000.0,93000000.0,3082000000.0,97000000.0,1818000000.0,375000000.0,650000000.0,4559000000.0,899866.0,127000000.0
2017,13583300000.0,2953900000.0,952500000.0,584400000.0,2720700000.0,8893100000.0,30000000.0,,98400000.0,2242100000.0,460400000.0,726500000.0,4690200000.0,899866.0,108600000.0
2018,13931900000.0,3385000000.0,1174000000.0,1365500000.0,2501700000.0,9165300000.0,-45000000.0,,98200000.0,2325800000.0,472500000.0,922300000.0,4766600000.0,899866.0,43700000.0
2019,17544600000.0,5076400000.0,1194300000.0,2685500000.0,2375000000.0,11271800000.0,889000000.0,,77800000.0,4639800000.0,627600000.0,1243200000.0,6272800000.0,899866.0,541000000.0
2020,18103000000.0,5833000000.0,1624700000.0,2964500000.0,2419600000.0,11651200000.0,535800000.0,,104700000.0,5243200000.0,862300000.0,1409300000.0,6451800000.0,899866.0,622100000.0
2011,223097000.0,128957000.0,79318000.0,49571000.0,,101655000.0,14318000.0,314874000.0,,80647000.0,,46520000.0,,902791.0,3934000.0
2012,228861000.0,139418000.0,111276000.0,45747000.0,5273000.0,53896000.0,5789000.0,113662000.0,,52890000.0,,63921000.0,,902791.0,18787000.0
2013,313322000.0,210885000.0,146464000.0,93557000.0,5053000.0,72553000.0,5561000.0,144524000.0,238000.0,66726000.0,,85586000.0,,902791.0,24426000.0
2014,448528000.0,178929000.0,218270000.0,11544000.0,19833000.0,38658000.0,7034000.0,175016000.0,173000.0,34200000.0,,102627000.0,,902791.0,-45910000.0
2015,496777000.0,227009000.0,237393000.0,25218000.0,0.0,54551000.0,11447000.0,193757000.0,416000.0,47546000.0,,90529000.0,442226000.0,902791.0,14081000.0
2016,597760000.0,260625000.0,275164000.0,50768000.0,4392000.0,69693000.0,8047000.0,221098000.0,807000.0,59986000.0,,126484000.0,528067000.0,902791.0,28941000.0
2017,682485000.0,308235000.0,322255000.0,59835000.0,4171000.0,88834000.0,10486000.0,244726000.0,313000.0,77880000.0,,136664000.0,593651000.0,902791.0,29941000.0
2018,756089000.0,321673000.0,326738000.0,35371000.0,3951000.0,119037000.0,16856000.0,,1052000.0,108594000.0,,151597000.0,637052000.0,902791.0,36989000.0
2019,860929000.0,423848000.0,342122000.0,44570000.0,3730000.0,171799000.0,11714000.0,,1789000.0,148678000.0,,163561000.0,689130000.0,902791.0,50488000.0
2020,774950000.0,407875000.0,290637000.0,68688000.0,3510000.0,198235000.0,7151000.0,,1244000.0,165710000.0,,118506000.0,576715000.0,902791.0,36147000.0
2021,746952000.0,406719000.0,315396000.0,69405000.0,3510000.0,208530000.0,38079000.0,,372000.0,178323000.0,,155707000.0,538422000.0,902791.0,43923000.0
2022,686938000.0,454362000.0,334731000.0,91423000.0,,177842000.0,47268000.0,,141000.0,172623000.0,,163838000.0,509096000.0,902791.0,58975000.0
2023,721538000.0,447502000.0,343252000.0,71168000.0,,199140000.0,50612000.0,,166000.0,182935000.0,,171407000.0,522398000.0,902791.0,60650000.0
2024,745508000.0,475442000.0,358896000.0,55367000.0,,221404000.0,52993000.0,,,199995000.0,,234533000.0,524104000.0,902791.0,59781000.0
2025,779067000.0,524640000.0,405872000.0,95033000.0,,241000000.0,54448000.0,,,206114000.0,,248626000.0,538067000.0,902791.0,62163000.0
2009,4811400000.0,1551800000.0,1046200000.0,357400000.0,773200000.0,2185300000.0,27000000.0,,,1193400000.0,314300000.0,732000000.0,,908255.0,50800000.0
2010,5555000000.0,2059900000.0,1392300000.0,449900000.0,1051900000.0,2258600000.0,111700000.0,,,1560200000.0,430600000.0,1023900000.0,,908255.0,157400000.0
2011,5958600000.0,2137800000.0,1905400000.0,359600000.0,751300000.0,2387900000.0,122000000.0,,,2110300000.0,454300000.0,1183000000.0,,908255.0,191100000.0
2012,6400800000.0,2472800000.0,1603100000.0,715700000.0,823800000.0,3082600000.0,121200000.0,,,2611200000.0,447600000.0,1147300000.0,,908255.0,170700000.0
2013,6917000000.0,2798500000.0,1623900000.0,939500000.0,1021000000.0,3560600000.0,141400000.0,7436600000.0,,3177400000.0,458100000.0,1248500000.0,,908255.0,187700000.0
2014,7228000000.0,2970800000.0,2168200000.0,797800000.0,716300000.0,3616200000.0,139900000.0,8305100000.0,,3717100000.0,505700000.0,1443500000.0,,908255.0,212200000.0
2015,8841500000.0,3135300000.0,2357300000.0,577700000.0,2124600000.0,3553700000.0,125300000.0,8023200000.0,,4210100000.0,723600000.0,1665000000.0,,908255.0,200500000.0
2016,8834700000.0,2911600000.0,2091800000.0,443700000.0,2043600000.0,3218300000.0,-293300000.0,9071000000.0,,4215200000.0,641200000.0,1689300000.0,,908255.0,-458000000.0
2017,9787600000.0,3543200000.0,2425200000.0,545300000.0,2103700000.0,3716800000.0,-146200000.0,9799300000.0,,4531000000.0,766300000.0,2018900000.0,,908255.0,209000000.0
2018,10095300000.0,3804600000.0,2398900000.0,739400000.0,1940700000.0,4225500000.0,230000000.0,2572800000.0,,5336100000.0,780800000.0,1987400000.0,,908255.0,265600000.0
2019,9702000000.0,3836000000.0,2329000000.0,832000000.0,1674000000.0,4706000000.0,220000000.0,2559000000.0,,5942000000.0,807000000.0,1921000000.0,,908255.0,478000000.0
2020,16029000000.0,6167000000.0,3810000000.0,1650000000.0,3738000000.0,6428000000.0,500000000.0,10165000000.0,,6296000000.0,1286000000.0,2919000000.0,,908255.0,618000000.0
2021,16575000000.0,6597000000.0,3798000000.0,1841000000.0,4261000000.0,6948000000.0,537000000.0,14838000000.0,,6671000000.0,1534000000.0,2898000000.0,9313000000.0,908255.0,1151000000.0
2022,16994000000.0,6617000000.0,4236000000.0,,4166000000.0,7224000000.0,944000000.0,15801000000.0,,7454000000.0,1687000000.0,3323000000.0,9486000000.0,908255.0,1374000000.0
2023,14453000000.0,6217000000.0,3767000000.0,,3707000000.0,5828000000.0,154000000.0,14198000000.0,,6152000000.0,1313000000.0,3109000000.0,8387000000.0,908255.0,1160000000.0
2024,13993000000.0,6521000000.0,3646000000.0,,3763000000.0,5532000000.0,338000000.0,14086000000.0,,6412000000.0,1251000000.0,2843000000.0,8287000000.0,908255.0,546000000.0
2025,13769000000.0,6795000000.0,3282000000.0,,3894000000.0,5442000000.0,277000000.0,14316000000.0,,6570000000.0,1207000000.0,2962000000.0,8155000000.0,908255.0,536000000.0
2011,45502915.0,33688024.0,7105285.0,10765591.0,3105000.0,34433801.0,4752601.0,,-248576.0,31181936.0,19940251.0,1328579.0,,909724.0,7706650.0
2012,49087672.0,35670129.0,7857630.0,7705182.0,2902500.0,37521017.0,5596070.0,,240934.0,34241875.0,25862784.0,822772.0,,909724.0,9144005.0
2013,56398566.0,40543684.0,8168217.0,11082679.0,2396250.0,44621542.0,7265717.0,,206763.0,41507592.0,26300830.0,762405.0,,909724.0,11266790.0
2014,62873874.0,46351805.0,10352232.0,10636530.0,1940625.0,49123012.0,2458462.0,,225584.0,46664829.0,32875492.0,625054.0,,909724.0,11958029.0
2015,64566926.0,47561551.0,8333566.0,10962615.0,3479273.0,50972176.0,2338758.0,,330004.0,53067234.0,33584539.0,553206.0,,909724.0,10474700.0
2016,70652720.0,53314242.0,8246068.0,16862304.0,6757419.0,53693201.0,2059997.0,,155189.0,59469493.0,33177539.0,560984.0,,909724.0,10300731.0
2017,74914596.0,57813150.0,6981238.0,18337258.0,6757419.0,59538981.0,1671340.0,,205555.0,63921244.0,37311197.0,461212.0,,909724.0,7241822.0
2018,76140134.0,60135237.0,6902654.0,24070351.0,8220683.0,59460304.0,-628349.0,,304957.0,65716761.0,33867276.0,408170.0,,909724.0,3828463.0
2019,80111171.0,52515700.0,12232079.0,15905158.0,0.0,56419427.0,-829473.0,74918160.0,36260.0,62210781.0,24041827.0,408711.0,,909724.0,-2598209.0
2020,75693000.0,51012000.0,12923000.0,10329000.0,446000.0,52194000.0,-406000.0,64084000.0,7000.0,57310000.0,36779000.0,350000.0,,909724.0,-6348000.0
2021,73085000.0,50449000.0,12207000.0,10155000.0,336000.0,51501000.0,1354000.0,82661000.0,16000.0,58664000.0,38084000.0,614000.0,,909724.0,2300000.0
2022,68579000.0,47252000.0,8870000.0,7975000.0,0.0,51463000.0,1227000.0,80335000.0,,59891000.0,38227000.0,370000.0,,909724.0,1388000.0
2023,72135000.0,51252000.0,8933000.0,12159000.0,,56346000.0,3768000.0,76229000.0,,63659000.0,37993000.0,264000.0,,909724.0,4410000.0
2024,74924000.0,50536000.0,9886000.0,13271000.0,,57153000.0,827000.0,74391000.0,,64486000.0,35556000.0,331000.0,,909724.0,628000.0
2025,86633000.0,50582000.0,9798000.0,16087000.0,,52591000.0,9102000.0,76324000.0,,60843000.0,33238000.0,425000.0,,909724.0,-963000.0
2011,105665000.0,63986000.0,20256000.0,14262000.0,3337000.0,73402000.0,18541000.0,298189000.0,102000.0,60658000.0,19969000.0,1477000.0,32263000.0,910329.0,27382000.0
2012,130251000.0,88575000.0,28749000.0,39937000.0,3113000.0,90786000.0,15876000.0,356706000.0,,76534000.0,20804000.0,2148000.0,39465000.0,910329.0,23262000.0
2013,132650000.0,91954000.0,27101000.0,36382000.0,0.0,98416000.0,23969000.0,356886000.0,,97700000.0,18059000.0,1246000.0,34234000.0,910329.0,33590000.0
2014,115910000.0,81914000.0,26944000.0,24459000.0,,80476000.0,13181000.0,285285000.0,,78897000.0,15735000.0,1650000.0,35434000.0,910329.0,30246000.0
2015,117326000.0,88073000.0,23564000.0,42037000.0,,88584000.0,20058000.0,272773000.0,,88634000.0,13335000.0,1633000.0,28742000.0,910329.0,28684000.0
2016,121216000.0,101297000.0,24421000.0,52436000.0,,96016000.0,4113000.0,62467000.0,,93497000.0,18311000.0,1387000.0,25200000.0,910329.0,26859000.0
2017,145929000.0,125198000.0,37140000.0,75077000.0,,108581000.0,7306000.0,78007000.0,,103762000.0,19328000.0,576000.0,37348000.0,910329.0,39632000.0
2018,169429000.0,145519000.0,60323000.0,81364000.0,,109106000.0,15653000.0,145844000.0,,131344000.0,38888000.0,1011000.0,60323000.0,910329.0,69063000.0
2019,194653000.0,154151000.0,79388000.0,76974000.0,,104832000.0,19881000.0,170632000.0,,168788000.0,48771000.0,1437000.0,89821000.0,910329.0,91039000.0
2020,276084000.0,234314000.0,111350000.0,163723000.0,,157246000.0,27994000.0,264912000.0,,154351000.0,53392000.0,584000.0,118838000.0,910329.0,134159000.0
2021,398326000.0,306866000.0,169832000.0,104183000.0,,202474000.0,164031000.0,,,190333000.0,180043000.0,,195852000.0,910329.0,216241000.0
2022,316213000.0,222784000.0,140894000.0,87691000.0,,155044000.0,143568000.0,,,139852000.0,118856000.0,,161169000.0,910329.0,184806000.0
2023,309908000.0,224029000.0,92300000.0,94440000.0,,201481000.0,99415000.0,,,174649000.0,54591000.0,,108427000.0,910329.0,126402000.0
2024,284213000.0,214404000.0,64161000.0,90928000.0,,210109000.0,2091000.0,,,176782000.0,42421000.0,,74104000.0,910329.0,2878000.0
2025,247973000.0,201683000.0,42962000.0,89303000.0,,198920000.0,-18672000.0,,,158269000.0,20228000.0,,49053000.0,910329.0,-14213000.0
2011,1333504000.0,371066000.0,170685000.0,27517000.0,229540000.0,866703000.0,54982000.0,1130257000.0,,295886000.0,171098000.0,143348000.0,466801000.0,910406.0,106737000.0
2012,1673593000.0,448808000.0,202809000.0,29895000.0,390288000.0,964602000.0,79225000.0,1378247000.0,,375111000.0,186440000.0,166677000.0,708991000.0,910406.0,151528000.0
2013,2258494000.0,575172000.0,274130000.0,41263000.0,653464000.0,1201555000.0,114656000.0,1734683000.0,,489767000.0,250175000.0,233641000.0,1056939000.0,910406.0,174312000.0
2014,2965317000.0,803603000.0,424164000.0,123751000.0,767827000.0,1619867000.0,139851000.0,2153611000.0,,629618000.0,320251000.0,287915000.0,1345450000.0,910406.0,227737000.0
2015,3097270000.0,933019000.0,362441000.0,166922000.0,812608000.0,1771687000.0,167896000.0,2688515000.0,,797514000.0,382211000.0,320197000.0,1325583000.0,910406.0,237745000.0
2016,3008080000.0,900234000.0,357028000.0,127926000.0,836171000.0,1664514000.0,-88597000.0,2885374000.0,,801392000.0,408564000.0,278933000.0,1343566000.0,910406.0,-65138000.0
2017,2931104000.0,874781000.0,340494000.0,146992000.0,740304000.0,1712832000.0,313000.0,2853111000.0,,868822000.0,427308000.0,248436000.0,1218272000.0,910406.0,8587000.0
2018,2946674000.0,1051587000.0,422445000.0,106557000.0,687501000.0,1737049000.0,-69941000.0,619598000.0,,878516000.0,391525000.0,252708000.0,1209625000.0,910406.0,16580000.0
2019,2582620000.0,701787000.0,383157000.0,39526000.0,613537000.0,1519319000.0,-13551000.0,,,695017000.0,364887000.0,236945000.0,1063301000.0,910406.0,740000.0
2020,2188452000.0,560934000.0,300277000.0,37771000.0,281118000.0,1443554000.0,3239000.0,,,614171000.0,248170000.0,170969000.0,744898000.0,910406.0,25261000.0
2021,2205908000.0,577055000.0,290434000.0,75871000.0,230492000.0,1522883000.0,77364000.0,,,691225000.0,285410000.0,174066000.0,683025000.0,910406.0,107380000.0
2022,2458384000.0,600126000.0,269303000.0,65512000.0,880938000.0,1083168000.0,77873000.0,,,769098000.0,308034000.0,170661000.0,1375216000.0,910406.0,104681000.0
2023,2258639000.0,591031000.0,230867000.0,53364000.0,821181000.0,1017907000.0,-116537000.0,,,652561000.0,310341000.0,160948000.0,1240732000.0,910406.0,-85620000.0
2024,2117548000.0,557059000.0,281503000.0,54307000.0,,942913000.0,-75042000.0,,,577519000.0,274128000.0,179190000.0,1174635000.0,910406.0,-18948000.0
2025,1603278000.0,530298000.0,277373000.0,54355000.0,,475005000.0,-530841000.0,,,46678000.0,248731000.0,154440000.0,1128273000.0,910406.0,-461603000.0
2011,1367974000.0,,,5857000.0,1397225000.0,-126609000.0,-2223000.0,76486000.0,67939000.0,,,,1468629000.0,912593.0,159830000.0
2012,1754117000.0,,,29508000.0,1451946000.0,192522000.0,-1432000.0,90985000.0,71180000.0,,,,1541127000.0,912593.0,186392000.0
2013,1999236000.0,,,4753000.0,1491449000.0,380507000.0,82000.0,104957000.0,73339000.0,,,,1602162000.0,912593.0,229796000.0
2014,2937692000.0,,,83459000.0,1813886000.0,891739000.0,-13069000.0,119672000.0,73771000.0,,,,1997540000.0,912593.0,261819000.0
2015,4190551000.0,,,45086000.0,2303332000.0,1455810000.0,89399000.0,168238000.0,107659000.0,,,,2571173000.0,912593.0,384647000.0
2016,5870776000.0,,,8164000.0,3091282000.0,2295611000.0,-1600000.0,218634000.0,119163000.0,,,,3441605000.0,912593.0,466909000.0
2017,6111957000.0,,,10127000.0,3070156000.0,2598431000.0,7438000.0,242026000.0,127128000.0,,,,3405204000.0,912593.0,550945000.0
2018,6710026000.0,,,50311000.0,3121947000.0,3106823000.0,9039000.0,274004000.0,127128000.0,,,,3479112000.0,912593.0,
2019,7802060000.0,,,22100000.0,3442282.0,3819724000.0,28547000.0,301819000.0,,,,,3848104000.0,912593.0,
2020,11206586000.0,,,83000000.0,4770970.0,5525276000.0,7586000.0,384265000.0,,,,,5314879000.0,912593.0,
2021,13494084000.0,,,65800000.0,5698458.0,6623895000.0,,2272605000.0,,,,,6474597000.0,912593.0,
2022,17084200000.0,,,72800000.0,7235100000.0,7809800000.0,,2969700000.0,,,,,8992800000.0,912593.0,
2023,16940700000.0,,,29200000.0,7816400000.0,7082800000.0,-206900000.0,726700000.0,,,,,9506800000.0,912593.0,
2024,16549400000.0,,,47400000.0,7387800000.0,7081700000.0,103600000.0,3221100000.0,,,,,9096800000.0,912593.0,
2025,12522900000.0,,,569600000.0,,6956100000.0,1413900000.0,2306100000.0,,,,,5194400000.0,912593.0,
2011,335657000.0,264022000.0,66092000.0,43966000.0,,255643000.0,29662000.0,643443000.0,918000.0,70643000.0,193375000.0,5771000.0,80014000.0,912833.0,22139000.0
2012,354268000.0,282873000.0,62002000.0,56542000.0,,278408000.0,-11112000.0,118287000.0,841000.0,86172000.0,194332000.0,6723000.0,75860000.0,912833.0,-19881000.0
2013,364243000.0,282257000.0,59277000.0,48408000.0,,288584000.0,-11200000.0,118818000.0,434000.0,90907000.0,203036000.0,6441000.0,75659000.0,912833.0,-19222000.0
2014,385501000.0,298192000.0,74166000.0,45675000.0,,291008000.0,-10277000.0,129420000.0,428000.0,92855000.0,214298000.0,6843000.0,94493000.0,912833.0,-18887000.0
2015,391815000.0,301724000.0,75026000.0,48159000.0,,299459000.0,-11058000.0,130205000.0,452000.0,97375000.0,222853000.0,7141000.0,92356000.0,912833.0,-20213000.0
2016,406102000.0,315228000.0,78118000.0,76141000.0,,308731000.0,-9789000.0,129515000.0,432000.0,103910000.0,212106000.0,6413000.0,97371000.0,912833.0,-16817000.0
2010,1696484000.0,860855000.0,357924000.0,358653000.0,551155000.0,638515000.0,108459000.0,,49826000.0,171568000.0,175659000.0,298266000.0,,913142.0,129189000.0
2011,1788120000.0,925421000.0,381566000.0,382716000.0,550926000.0,694549000.0,26527000.0,,48126000.0,276363000.0,202143000.0,299070000.0,,913142.0,34858000.0
2012,2584583000.0,959582000.0,452482000.0,395095000.0,1135527000.0,811860000.0,166603000.0,,52038000.0,461756000.0,215282000.0,300864000.0,,913142.0,31603000.0
2013,2751753000.0,1195498000.0,401566000.0,613304000.0,1364536000.0,836541000.0,22508000.0,,73095000.0,556214000.0,207980000.0,304204000.0,,913142.0,49174000.0
2014,3262827000.0,1414150000.0,525359000.0,741162000.0,1765422000.0,807186000.0,15993000.0,,82156000.0,621896000.0,228398000.0,379777000.0,,913142.0,43271000.0
2015,3315841000.0,843164000.0,549263000.0,216751000.0,1750521000.0,824099000.0,66204000.0,,,679716000.0,195942000.0,387386000.0,,913142.0,57010000.0
2016,3806803000.0,1478952000.0,570279000.0,848116000.0,1620161000.0,1460313000.0,128003000.0,,,783812000.0,190408000.0,388059000.0,,913142.0,58668000.0
2017,3840613000.0,1372071000.0,678928000.0,561108000.0,1560748000.0,1434235000.0,30519000.0,,,833610000.0,297226000.0,473570000.0,,913142.0,60081000.0
2018,3779321000.0,1258724000.0,716922000.0,420610000.0,1463200000.0,1387147000.0,43526000.0,,,922000000.0,316418000.0,465939000.0,,913142.0,73234000.0
2019,3406759000.0,1377754000.0,722544000.0,407480000.0,1439484000.0,959847000.0,-147408000.0,549688000.0,,518004000.0,231333000.0,334634000.0,,913142.0,43400000.0
2020,3139734000.0,1098398000.0,520761000.0,501994000.0,1573726000.0,750581000.0,-55162000.0,1862716000.0,,450876000.0,247298000.0,296817000.0,,913142.0,125410000.0
2021,3417677000.0,1467028000.0,718539000.0,643757000.0,1459991000.0,955287000.0,63925000.0,2408100000.0,,505717000.0,345354000.0,412217000.0,,913142.0,124560000.0
2022,3161675000.0,1536207000.0,639919000.0,687676000.0,1161176000.0,1143011000.0,254663000.0,2606485000.0,,751522000.0,341563000.0,440102000.0,,913142.0,363334000.0
2023,3240191000.0,1456979000.0,633504000.0,597044000.0,1204211000.0,1166257000.0,242759000.0,2512084000.0,,985807000.0,366987000.0,413806000.0,,913142.0,317518000.0
2024,3327938000.0,1196229000.0,622704000.0,370302000.0,1130101000.0,1294736000.0,198433000.0,2460979000.0,,1176036000.0,343099000.0,409711000.0,,913142.0,266460000.0
2025,3543621000.0,1349380000.0,697499000.0,389887000.0,1285666000.0,1264424000.0,237522000.0,2715194000.0,,1405572000.0,402345000.0,462845000.0,,913142.0,315692000.0
2010,8138278000.0,,,277738000.0,549155000.0,3936325000.0,744731000.0,1224671000.0,21829000.0,3312392000.0,,,3441409000.0,913144.0,
2011,7744912000.0,,,216984000.0,,3605193000.0,90521000.0,208507000.0,5721000.0,2991890000.0,,,3478652000.0,913144.0,
2012,7928628000.0,,,325358000.0,,3503065000.0,50300000.0,348430000.0,5772000.0,3043901000.0,,,3453313000.0,913144.0,
2013,8179131000.0,,,408032000.0,,3904384000.0,274251000.0,405209000.0,4297000.0,3456607000.0,,,3174887000.0,913144.0,
2014,8203550000.0,,,525584000.0,,,176362000.0,318798000.0,4289000.0,3423857000.0,,,3206127000.0,913144.0,
2015,11560871000.0,,,506885000.0,966079000.0,4732184000.0,97801000.0,377375000.0,10359000.0,3778701000.0,,,5782723000.0,913144.0,
2016,12352082000.0,,,421157000.0,948663000.0,4866577000.0,75031000.0,353967000.0,10534000.0,4207699000.0,,,6309911000.0,913144.0,
2017,15226131000.0,,,1361592000.0,989623000.0,4391375000.0,2143000.0,491293000.0,11777000.0,3913772000.0,,,9538250000.0,913144.0,
2018,18676196000.0,,,1107922000.0,991127000.0,5045080000.0,-74717000.0,547997000.0,11765000.0,4058207000.0,,,11579416000.0,913144.0,
2019,26330094000.0,,,1379068000.0,1384105000.0,5971367000.0,42962000.0,1105305000.0,15496000.0,4710881000.0,,,17287419000.0,913144.0,
2020,30820580000.0,,,1736813000.0,1136265000.0,7560248000.0,197101000.0,1395323000.0,11841000.0,5373873000.0,,,19872013000.0,913144.0,
2021,33959502000.0,,,1859019000.0,1168353000.0,6624281000.0,-40155000.0,5277709000.0,47536000.0,5232624000.0,,,23781168000.0,913144.0,
2022,36552878000.0,,,1194339000.0,1170442000.0,5325274000.0,-1061203000.0,5060412000.0,48335000.0,4071371000.0,,,26692215000.0,913144.0,
2023,49007105000.0,,,1877518000.0,1958655000.0,9454958000.0,2561132000.0,9134608000.0,73181000.0,6522016000.0,,,33451316000.0,913144.0,
2024,50707550000.0,,,1676604000.0,1886689000.0,10574012000.0,1870360000.0,11695148000.0,,8276152000.0,,,33155789000.0,913144.0,
2025,53800390000.0,,,1731181000.0,2329201000.0,11608657000.0,2682334000.0,12848074000.0,,10827321000.0,,,34589641000.0,913144.0,
2011,2635700000.0,,,220600000.0,,296300000.0,37300000.0,75497600000.0,11300000.0,97000000.0,,,2338100000.0,913760.0,
2012,2958900000.0,,,236300000.0,,319100000.0,8300000.0,17668100000.0,3300000.0,112000000.0,131600000.0,,2639800000.0,913760.0,
2013,2848000000.0,,,156100000.0,,335400000.0,19300000.0,43768300000.0,12500000.0,125400000.0,59000000.0,,2512600000.0,913760.0,
2014,3039700000.0,,,231300000.0,,345400000.0,19300000.0,10655700000.0,2500000.0,144700000.0,,,2694300000.0,913760.0,
2015,5070000000.0,,,268100000.0,,397100000.0,,2628400000.0,5000000.0,200400000.0,,,4672900000.0,913760.0,
2016,5951300000.0,,,316200000.0,,433800000.0,,2777600000.0,7500000.0,255100000.0,,,5517500000.0,913760.0,
2017,6243400000.0,,,314900000.0,,449900000.0,,12382500000.0,12000000.0,261500000.0,124800000.0,,5793500000.0,913760.0,
2018,7824700000.0,,,342300000.0,,505300000.0,,6078800000.0,25300000.0,317000000.0,222500000.0,,7319400000.0,913760.0,
2019,9936100000.0,,,471300000.0,,594200000.0,,11279600000.0,40800000.0,402100000.0,229300000.0,,9341900000.0,913760.0,
2020,13474900000.0,,,952600000.0,,767500000.0,77400000.0,14284900000.0,10000000.0,572400000.0,281100000.0,,12707400000.0,913760.0,
2021,18839600000.0,,,1109600000.0,,904000000.0,116300000.0,42534200000.0,49600000.0,682500000.0,447500000.0,,17935600000.0,913760.0,
2022,19859600000.0,,,1108500000.0,,1070100000.0,207100000.0,66036000000.0,135500000.0,889600000.0,513500000.0,,18789500000.0,913760.0,
2023,21938700000.0,,,1108300000.0,,1379100000.0,238500000.0,60856100000.0,802200000.0,1128100000.0,537300000.0,,20559600000.0,913760.0,
2024,27466300000.0,,,1269000000.0,,1709100000.0,260800000.0,99887800000.0,,1388900000.0,681100000.0,,25757200000.0,913760.0,-64700000.0
2025,45268000000.0,,,1605800000.0,,2377400000.0,305900000.0,132378200000.0,,1694800000.0,917500000.0,,42890600000.0,913760.0,
2012,358882000.0,295887000.0,182376000.0,52369000.0,,165132000.0,-20240000.0,,373000.0,-7236775000.0,83990000.0,148931000.0,232980000.0,914712.0,-23365000.0
2013,343696000.0,291086000.0,176431000.0,77916000.0,,156905000.0,-8841000.0,,612000.0,-7277130000.0,61322000.0,142098000.0,186791000.0,914712.0,-5675000.0
2014,451646000.0,405768000.0,198594000.0,183515000.0,,171618000.0,-8485000.0,,5009000.0,-7293412000.0,65269000.0,123948000.0,280028000.0,914712.0,-4167000.0
2015,446502000.0,413642000.0,211353000.0,119431000.0,,144601000.0,-4989000.0,,10618000.0,-7311841000.0,48740000.0,131216000.0,301901000.0,914712.0,-8580000.0
2016,348945000.0,319891000.0,194766000.0,130790000.0,,85940000.0,-19711000.0,,10924000.0,-7373122000.0,40270000.0,111336000.0,263005000.0,914712.0,-14843000.0
2017,281298000.0,257846000.0,149155000.0,110670000.0,,62971000.0,-9311000.0,,8247000.0,-7398949000.0,34369000.0,81450000.0,218327000.0,914712.0,-7372000.0
2018,827050000.0,264281000.0,290612000.0,92138000.0,383111000.0,107628000.0,-7533000.0,645258000.0,29884000.0,-7363569000.0,47786000.0,99254000.0,684230000.0,914712.0,-153000.0
2019,731563000.0,213324000.0,256850000.0,32548000.0,368505000.0,52692000.0,-66727000.0,,41951000.0,-7426287000.0,23674000.0,112141000.0,643685000.0,914712.0,-25279000.0
2020,759172000.0,223543000.0,249932000.0,75887000.0,373522000.0,48818000.0,-5284000.0,,33969000.0,-7433700000.0,15354000.0,93072000.0,675174000.0,914712.0,32443000.0
2021,676381000.0,213398000.0,217993000.0,96931000.0,367532000.0,6212000.0,-44391000.0,,31139000.0,-7480220000.0,16228000.0,69805000.0,634989000.0,914712.0,-12831000.0
2022,137749000.0,109830000.0,83800000.0,53142000.0,,-9206000.0,-10968000.0,,3120000.0,-7493317000.0,8151000.0,40083000.0,111775000.0,914712.0,1163000.0
2023,411181000.0,319274000.0,67754000.0,121372000.0,,68624000.0,8149000.0,,265000.0,7612000.0,8569000.0,28616000.0,104818000.0,914712.0,1621000.0
2024,485628000.0,295828000.0,75055000.0,248614000.0,,154181000.0,87980000.0,,,93457000.0,6733000.0,33443000.0,93708000.0,914712.0,7461000.0
2011,1977477000.0,,,,,198380000.0,-204859000.0,,,-426446000.0,,,1779097000.0,915840.0,-132245000.0
2012,1982218000.0,,,,1498198000.0,262247000.0,-145326000.0,,-71474000.0,-571772000.0,,,1719971000.0,915840.0,-62058000.0
2013,1986789000.0,,,,,240550000.0,-33868000.0,,-59458000.0,-605640000.0,,,1746239000.0,915840.0,22079000.0
2014,2066220000.0,,,,,279118000.0,34383000.0,,-50784000.0,-571257000.0,,,1787102000.0,915840.0,23452000.0
2015,2421203000.0,,,,,630423000.0,344094000.0,,-29752000.0,-227163000.0,,,1790780000.0,915840.0,36945000.0
2016,2213158000.0,,,,,642853000.0,4693000.0,,25388000.0,-222470000.0,,,1570305000.0,915840.0,30838000.0
2017,2220995000.0,,,,,682440000.0,31813000.0,,15636000.0,-190657000.0,,,1538555000.0,915840.0,37783000.0
2018,2128102000.0,,,153248000.0,,644027000.0,-45375000.0,,5325000.0,-236032000.0,,,1484075000.0,915840.0,43462000.0
2019,1957644000.0,,,122794000.0,,538754000.0,-79520000.0,781701000.0,3109000.0,-315552000.0,,,1418890000.0,915840.0,36005000.0
2020,2007480000.0,,,342528000.0,,593171000.0,52226000.0,686748000.0,8468000.0,-263326000.0,,,1414309000.0,915840.0,35586000.0
2021,2078810000.0,,,274143000.0,,724884000.0,122021000.0,,2781000.0,-141305000.0,,,1353926000.0,915840.0,146869000.0
2022,2251963000.0,,,251828000.0,,939286000.0,220704000.0,,0.0,79399000.0,,,1312677000.0,915840.0,272491000.0
2023,2411033000.0,,,386289000.0,,1102819000.0,158611000.0,,0.0,238010000.0,,,1308214000.0,915840.0,177253000.0
2024,2591527000.0,,,242610000.0,,1232111000.0,140175000.0,,,378185000.0,,,1359416000.0,915840.0,143026000.0
2025,2609708000.0,,,218571000.0,,1248906000.0,45588000.0,,,423773000.0,,,1360802000.0,915840.0,36605000.0
2010,3068081000.0,1348198000.0,364177000.0,529650000.0,851927000.0,1416074000.0,323720000.0,,,1560519000.0,389210000.0,340888000.0,,915913.0,414848000.0
2011,3203824000.0,1355620000.0,401178000.0,469416000.0,749257000.0,1591277000.0,99443000.0,,,1798117000.0,431495000.0,355372000.0,,915913.0,587840000.0
2012,3437291000.0,1407313000.0,385009000.0,477696000.0,686588000.0,1833598000.0,37726000.0,,,1744684000.0,428145000.0,378973000.0,,915913.0,406164000.0
2013,3584797000.0,1482915000.0,436363000.0,477239000.0,1054310000.0,1627361000.0,155933000.0,,,1500358000.0,436049000.0,446864000.0,,915913.0,582909000.0
2014,5223103000.0,3348850000.0,1139886000.0,2489768000.0,2223035000.0,1359465000.0,-18508000.0,,,1410651000.0,358361000.0,385212000.0,,915913.0,271298000.0
2015,9615014000.0,1831003000.0,1616685000.0,213734000.0,,3254392000.0,174252000.0,,,1615407000.0,508728000.0,552828000.0,,915913.0,442435000.0
2016,8161207000.0,3306618000.0,1140103000.0,2269756000.0,2121718000.0,3795062000.0,602090000.0,,,2121931000.0,450263000.0,486035000.0,,915913.0,574551000.0
2017,7750772000.0,2477563000.0,1200925000.0,1137303000.0,1415360000.0,3674549000.0,-218366000.0,,,2035163000.0,592781000.0,534326000.0,,915913.0,587749000.0
2018,7581674000.0,1998421000.0,1183173000.0,555320000.0,1397916000.0,3585321000.0,129596000.0,921699000.0,,2566050000.0,700540000.0,605712000.0,,915913.0,911540000.0
2019,9860863000.0,2225109000.0,1408996000.0,613110000.0,2862921000.0,3932250000.0,90391000.0,992564000.0,,2943478000.0,768984000.0,612651000.0,,915913.0,666123000.0
2020,10450946000.0,2206184000.0,1801849000.0,,2767381000.0,4268227000.0,375764000.0,3128909000.0,,3155252000.0,750237000.0,530838000.0,,915913.0,505812000.0
2021,15456522000.0,5186917000.0,2741015000.0,,3214972000.0,7982627000.0,2689816000.0,7320104000.0,,5601277000.0,2076031000.0,1190970000.0,,915913.0,2470061000.0
2023,18270652000.0,5216919000.0,3560462000.0,,3541002000.0,9412180000.0,1573476000.0,9617203000.0,,6987015000.0,2161287000.0,1213160000.0,,915913.0,251881000.0
2024,16609649000.0,3842262000.0,1966464000.0,,3118142000.0,9961517000.0,-1179449000.0,5377526000.0,,5481692000.0,1502531000.0,742201000.0,,915913.0,-1776545000.0
2025,16374211000.0,4008139000.0,1798044000.0,,3119464000.0,9533365000.0,-510628000.0,5142733000.0,,4613676000.0,1179271000.0,593502000.0,,915913.0,-367084000.0
2011,312791000.0,251487000.0,53948000.0,64540000.0,,247898000.0,9472000.0,,37000.0,81360000.0,49934000.0,57512000.0,64893000.0,917491.0,32858000.0
2012,350807000.0,288078000.0,55682000.0,93233000.0,,282736000.0,7841000.0,,28000.0,104358000.0,48894000.0,62559000.0,68071000.0,917491.0,31554000.0
2013,391496000.0,324119000.0,60953000.0,124630000.0,,315950000.0,8262000.0,,9000.0,125867000.0,48940000.0,66309000.0,75546000.0,917491.0,30154000.0
2014,425463000.0,340534000.0,67182000.0,109289000.0,,343854000.0,11122000.0,,8000.0,159516000.0,59334000.0,83959000.0,81609000.0,917491.0,37340000.0
2015,409186000.0,292158000.0,63031000.0,107356000.0,,327644000.0,8885000.0,,56000.0,172329000.0,45571000.0,69918000.0,81542000.0,917491.0,13122000.0
2016,423714000.0,286230000.0,66610000.0,106169000.0,,339657000.0,3545000.0,,48000.0,183436000.0,51886000.0,61364000.0,84057000.0,917491.0,13284000.0
2017,458578000.0,294159000.0,75885000.0,140960000.0,,352066000.0,-11058000.0,,4000.0,168624000.0,53786000.0,72105000.0,106512000.0,917491.0,5322000.0
2018,506244000.0,316742000.0,97523000.0,108783000.0,,376609000.0,5758000.0,112844000.0,486000.0,175353000.0,65444000.0,88927000.0,129635000.0,917491.0,5754000.0
2019,486842000.0,322216000.0,105965000.0,133634000.0,,331992000.0,-49695000.0,104141000.0,781000.0,112879000.0,58554000.0,76162000.0,154850000.0,917491.0,-58634000.0
2020,525592000.0,323935000.0,107947000.0,185633000.0,,360303000.0,27408000.0,92953000.0,0.0,113508000.0,47391000.0,64616000.0,165289000.0,917491.0,-30682000.0
2021,479740000.0,273450000.0,98881000.0,121989000.0,,326459000.0,-31712000.0,100204000.0,55000.0,73544000.0,53145000.0,78523000.0,153281000.0,917491.0,-8436000.0
2022,473347000.0,219365000.0,106239000.0,37812000.0,,311049000.0,-26756000.0,345765000.0,,46788000.0,50026000.0,90326000.0,162298000.0,917491.0,-24923000.0
2023,504692000.0,261608000.0,113273000.0,76787000.0,72760000.0,268606000.0,-56577000.0,358831000.0,,-9789000.0,34529000.0,92028000.0,236086000.0,917491.0,-49536000.0
2024,483005000.0,248171000.0,112860000.0,88703000.0,70267000.0,249610000.0,-9066000.0,342427000.0,,-18855000.0,32121000.0,87022000.0,233395000.0,917491.0,3329000.0
2011,11948008.0,6648285.0,1321826.0,3014656.0,,8311328.0,-5469070.0,8987848.0,126731.0,-41712487.0,2977047.0,564474.0,3636680.0,917523.0,-5309672.0
2012,32567686.0,8708322.0,11814062.0,4434292.0,,20695982.0,-8577479.0,4481355.0,210014.0,-50289966.0,2576453.0,1306600.0,11871704.0,917523.0,-9416659.0
2013,52262000.0,12276000.0,13618000.0,1757000.0,,25481000.0,-16821000.0,26060000.0,52000.0,-67111000.0,5423000.0,4353000.0,15815000.0,917523.0,-10522000.0
2014,126542000.0,46642000.0,27854000.0,6033000.0,,77316000.0,-2616000.0,27494000.0,843000.0,-72291000.0,13673000.0,23779000.0,49226000.0,917523.0,-10900000.0
2015,177635000.0,71875000.0,46024000.0,219000.0,,102103000.0,1437000.0,44348000.0,,-74673000.0,22135000.0,41132000.0,75532000.0,917523.0,-901000.0
2016,217499000.0,99438000.0,48137000.0,883000.0,40500000.0,125713000.0,1600000.0,51200000.0,900000.0,-75195000.0,26678000.0,53347000.0,91786000.0,917523.0,1984000.0
2017,170234000.0,77674000.0,43329000.0,945000.0,40700000.0,75863000.0,-45700000.0,35200000.0,1800000.0,-129102000.0,26164000.0,34972000.0,94371000.0,917523.0,-50054000.0
2011,501898000.0,168231000.0,170419000.0,,,73619000.0,-48514000.0,,,-26039000.0,,20036000.0,428279000.0,918251.0,-27487000.0
2012,367074000.0,152631000.0,219773000.0,,80110000.0,-3514000.0,-73651000.0,,7271000.0,-117550000.0,,14311000.0,370588000.0,918251.0,-94333000.0
2014,318853000.0,125266000.0,103189000.0,,79434000.0,109636000.0,3067000.0,,,-10191000.0,,22283000.0,209217000.0,918251.0,9555000.0
2015,421760000.0,181795000.0,115171000.0,61230000.0,72258000.0,190203000.0,3102000.0,,,1262000.0,,24799000.0,231557000.0,918251.0,8360000.0
2016,413372000.0,140085000.0,131383000.0,21897000.0,19980000.0,210808000.0,2297000.0,,,11825000.0,,8548000.0,202564000.0,918251.0,9633000.0
2017,436139000.0,122131000.0,142782000.0,9029000.0,16935000.0,248681000.0,9812000.0,,,50290000.0,,26017000.0,187458000.0,918251.0,17387000.0
2018,494497000.0,134685000.0,180952000.0,13049000.0,13913000.0,274976000.0,9195000.0,,,66606000.0,,15738000.0,219521000.0,918251.0,15615000.0
2019,632362000.0,352882000.0,279354000.0,9911000.0,,279755000.0,-2765000.0,129077000.0,,71407000.0,233726000.0,56015000.0,352607000.0,918251.0,5493000.0
2020,777029000.0,409116000.0,318492000.0,49616000.0,,275520000.0,-8193000.0,150735000.0,,64117000.0,225659000.0,91748000.0,501509000.0,918251.0,-5492000.0
2021,847882000.0,422856000.0,326131000.0,15523000.0,,301145000.0,835000.0,168128000.0,,85593000.0,288361000.0,63122000.0,546737000.0,918251.0,5470000.0
2022,1015698000.0,536985000.0,426405000.0,23016000.0,,315263000.0,7361000.0,650308000.0,,92954000.0,370503000.0,85075000.0,700435000.0,918251.0,28704000.0
2023,1028565000.0,537478000.0,382592000.0,11596000.0,,320475000.0,-4207000.0,683074000.0,,88747000.0,339675000.0,119868000.0,708090000.0,918251.0,36446000.0
2024,1012002000.0,560459000.0,404425000.0,13974000.0,,285110000.0,-49244000.0,717684000.0,,39503000.0,377040000.0,96296000.0,726892000.0,918251.0,46120000.0
2025,957636000.0,511471000.0,351025000.0,9429000.0,,257699000.0,-19470000.0,757354000.0,,20033000.0,341209000.0,91064000.0,699937000.0,918251.0,39923000.0
2026,1019437000.0,583982000.0,399596000.0,14650000.0,,266010000.0,12394000.0,789806000.0,,32427000.0,380603000.0,112614000.0,753427000.0,918251.0,65835000.0
2011,1506911000.0,1144765000.0,944398000.0,,,291165000.0,48832000.0,5244383000.0,,-207142000.0,468937000.0,568947000.0,1215746000.0,918946.0,72688000.0
2011,2775439.0,139473.0,16977458.0,,,-14202019.0,-1119400.0,,,-145632499.0,4500.0,,16977458.0,919742.0,-4339911.0
2012,2698714.0,202674.0,15572403.0,49343.0,,-13160689.0,-3362853.0,272201.0,,-148995352.0,0.0,,15859403.0,919742.0,-4541587.0
2013,3463924.0,361738.0,16960024.0,,,-13496100.0,-3417205.0,558574.0,,-152412557.0,75311.0,,,919742.0,-2733084.0
2011,61002000.0,60715000.0,10296000.0,45405000.0,,49770000.0,-5389000.0,17554000.0,,-1211942000.0,,4100000.0,11232000.0,920448.0,-5550000.0
2012,57886000.0,57374000.0,9042000.0,23789000.0,,47657000.0,-5052000.0,15126000.0,,-1216994000.0,,4018000.0,10229000.0,920448.0,-6175000.0
2013,51609000.0,51171000.0,7417000.0,36865000.0,,43414000.0,-5422000.0,15599000.0,,-1222416000.0,,3533000.0,8195000.0,920448.0,-5777000.0
2014,41826000.0,41484000.0,5439000.0,24941000.0,,35613000.0,-9481000.0,13585000.0,,-1231897000.0,,3286000.0,6213000.0,920448.0,-7397000.0
2015,32210000.0,31980000.0,5783000.0,9600000.0,,25509000.0,-11437000.0,9442000.0,,-1243334000.0,,1751000.0,6701000.0,920448.0,-9660000.0
2016,21993000.0,21786000.0,4396000.0,11730000.0,,16863000.0,-9485000.0,7940000.0,,-1252819000.0,,896000.0,5130000.0,920448.0,-9954000.0
2017,11979000.0,11736000.0,4087000.0,8560000.0,,7309000.0,-9899000.0,6357000.0,,-1262718000.0,,1193000.0,4670000.0,920448.0,-10763000.0
2018,3853000.0,3742000.0,1889000.0,2574000.0,,1401000.0,-7000000.0,5051000.0,,-1269113000.0,,476000.0,2452000.0,920448.0,-6844000.0
2011,73046894.0,60326447.0,39944576.0,16257694.0,,,-23368283.0,,,-85925798.0,1769007.0,19314789.0,50229956.0,922521.0,-22219933.0
2012,59705106.0,47966227.0,37353607.0,18651468.0,,13252941.0,-2346276.0,,,-100910119.0,642819.0,14130302.0,46452165.0,922521.0,-13674903.0
2013,53218404.0,42176144.0,27849316.0,19288340.0,,6218328.0,576864.0,,,-111842709.0,919390.0,11150323.0,40262498.0,922521.0,-13600484.0
2014,42322836.0,32939288.0,31609021.0,10873891.0,,-10471228.0,-2827016.0,,,-119054530.0,352493.0,8898680.0,45563123.0,922521.0,-6059097.0
2015,30426365.0,22087704.0,24432320.0,6013382.0,,-11708956.0,-2295014.0,,,-120983891.0,70534.0,6635262.0,34316767.0,922521.0,-1283864.0
2016,17280745.0,9646766.0,20127010.0,3391528.0,,-21702577.0,-10998794.0,,,-131982685.0,6181.0,5003972.0,29983322.0,922521.0,-10290374.0
2017,13215214.0,6423981.0,17599577.0,1011472.0,,-21224797.0,1052401.0,,,-130930284.0,0.0,4168015.0,25440011.0,922521.0,1021943.0
2018,15972671.0,9226998.0,10290454.0,3059677.0,,-11553796.0,-906714.0,,,-122907794.0,14885.0,3605411.0,17769761.0,922521.0,-47378.0
2019,15776146.0,7913617.0,11709327.0,1475166.0,,-14031306.0,-1751954.0,16543571.0,,-123871853.0,30014.0,3406550.0,18503173.0,922521.0,-654982.0
2020,13406074.0,6864581.0,11336763.0,1920656.0,,-14608186.0,1138509.0,14768693.0,,-122733344.0,15275.0,2836571.0,15073538.0,922521.0,1817028.0
2021,12668626.0,7328996.0,6030547.0,3181209.0,,-12965983.0,203332.0,14180480.0,,-123462638.0,7744.0,2855135.0,11250221.0,922521.0,633868.0
2022,10170112.0,5369290.0,5711665.0,2011062.0,,-16407442.0,-1798955.0,10052248.0,,-125507178.0,0.0,2278802.0,10649536.0,922521.0,-1257570.0
2009,169646363000.0,,,,,26589410000.0,883781000.0,,2967470000.0,10727368000.0,,,143056953000.0,927628.0,
2010,197503000000.0,,,,28690000000.0,26541000000.0,2743000000.0,16171000000.0,2896000000.0,10406000000.0,,,170962000000.0,927628.0,
2011,206019000000.0,,,,32262000000.0,29666000000.0,3147000000.0,16279000000.0,2246000000.0,13462000000.0,,,176353000000.0,927628.0,
2012,312918000000.0,,,,28762000000.0,40499000000.0,3517000000.0,,2375000000.0,16853000000.0,,,272419000000.0,927628.0,
2013,297048000000.0,,,,24439000000.0,41744000000.0,4159000000.0,22384000000.0,1792000000.0,20404000000.0,,,255304000000.0,927628.0,
2014,308854000000.0,,,,31377000000.0,45053000000.0,999000000.0,22290000000.0,389000000.0,23973000000.0,,,263801000000.0,927628.0,
2015,334048000000.0,,,,,47284000000.0,920000000.0,23413000000.0,423000000.0,27045000000.0,,,286764000000.0,927628.0,
2017,365693000000.0,,,14352000000.0,,48730000000.0,1982000000.0,27237000000.0,2762000000.0,30700000000.0,,,316963000000.0,927628.0,
2018,372538000000.0,,,13489000000.0,,51668000000.0,6015000000.0,28076000000.0,4301000000.0,35875000000.0,,,320870000000.0,927628.0,
2019,390365000000.0,,,13749000000.0,,58011000000.0,5546000000.0,28593000000.0,5173000000.0,40340000000.0,,,332354000000.0,927628.0,
2020,421602000000.0,,,40771000000.0,,60204000000.0,2714000000.0,28523000000.0,3120000000.0,40088000000.0,,,361398000000.0,927628.0,
2021,432381000000.0,,,22054000000.0,,61029000000.0,12390000000.0,30435000000.0,1598000000.0,51006000000.0,,,371352000000.0,927628.0,
2022,455249000000.0,,,31256000000.0,,52582000000.0,7360000000.0,34250000000.0,4123000000.0,57184000000.0,,,402667000000.0,927628.0,
2023,478464000000.0,,,43755000000.0,,58089000000.0,4887000000.0,36787000000.0,12697000000.0,60945000000.0,,,420375000000.0,927628.0,
2024,490144000000.0,,,43671000000.0,,60784000000.0,4750000000.0,39112000000.0,,64505000000.0,,,429360000000.0,927628.0,
2025,669009000000.0,,,62093000000.0,,113616000000.0,2453000000.0,53434000000.0,,65192000000.0,,,555393000000.0,927628.0,
2012,368335000.0,261463000.0,195719000.0,165242000.0,,113592000.0,-5388000.0,64017000.0,4204000.0,-395079000.0,,31450000.0,,929940.0,-3609000.0
2013,382748000.0,285351000.0,215461000.0,132432000.0,,101898000.0,20399000.0,83264000.0,424000.0,-349817000.0,,36988000.0,,929940.0,15383000.0
2014,407972000.0,329682000.0,266504000.0,199526000.0,,83676000.0,26678000.0,101532000.0,37000.0,-264034000.0,,38532000.0,,929940.0,37361000.0
2015,315361000.0,263630000.0,296466000.0,156249000.0,,-48546000.0,30806000.0,114186000.0,30000.0,-145627000.0,,30721000.0,,929940.0,46906000.0
2016,419738000.0,361323000.0,432623000.0,318336000.0,,-75034000.0,33326000.0,113680000.0,1212000.0,-5676000.0,,20476000.0,,929940.0,48972000.0
2017,247942000.0,146186000.0,467243000.0,101954000.0,,-260784000.0,54352000.0,123682000.0,3787000.0,156520000.0,,27670000.0,,929940.0,48948000.0
2018,264924000.0,131185000.0,502288000.0,96165000.0,,-284115000.0,38020000.0,125960000.0,5691000.0,305208000.0,,21910000.0,,929940.0,50706000.0
2019,903065000.0,429040000.0,320755000.0,71926000.0,,393285000.0,103865000.0,195769000.0,8733000.0,1259984000.0,,47784000.0,,929940.0,111223000.0
2020,1223306000.0,650440000.0,234498000.0,287796000.0,292369000.0,466353000.0,94530000.0,,11862000.0,1458330000.0,,56301000.0,,929940.0,116296000.0
2021,1454000000.0,768317000.0,141530000.0,379853000.0,273162000.0,800757000.0,95445000.0,,7245000.0,1778133000.0,,52502000.0,,929940.0,105879000.0
2010,7956667000.0,1816216000.0,1440965000.0,92007000.0,3893275000.0,1499525000.0,91491000.0,,248301000.0,583102000.0,425576000.0,,,931336.0,399684000.0
2011,5754363000.0,1716322000.0,1495542000.0,114851000.0,3563389000.0,-103398000.0,-9874000.0,,252951000.0,-992519000.0,452150000.0,,,931336.0,-1801562000.0
2012,5687091000.0,2202778000.0,1340993000.0,78975000.0,3077258000.0,357187000.0,28133000.0,,164572000.0,-833897000.0,407912000.0,,,931336.0,427787000.0
2013,2802045000.0,1150698000.0,781087000.0,16762000.0,896564000.0,714315000.0,-37677000.0,,200558000.0,-20719000.0,262858000.0,,,931336.0,130796000.0
2014,2769636000.0,1180060000.0,794451000.0,16362000.0,916481000.0,,-20296000.0,,61019000.0,-41015000.0,251831000.0,,,931336.0,8553000.0
2015,2528015000.0,1077563000.0,761895000.0,60734000.0,840932000.0,,-8508000.0,,66813000.0,-49523000.0,253326000.0,,,931336.0,93361000.0
2016,2606227000.0,1058630000.0,847787000.0,17980000.0,745245000.0,610556000.0,119929000.0,,66795000.0,45654000.0,284484000.0,,,931336.0,263668000.0
2017,2503829000.0,1019879000.0,672195000.0,16512000.0,912074000.0,655947000.0,61588000.0,,64961000.0,74219000.0,278063000.0,,,931336.0,83262000.0
2018,2118492000.0,912280000.0,700835000.0,24176000.0,905170000.0,302960000.0,-260117000.0,1929480000.0,56443000.0,-260977000.0,255484000.0,,,931336.0,-315193000.0
2019,2228557000.0,966667000.0,1092414000.0,80011000.0,4670000.0,-181122000.0,-294643000.0,1840021000.0,68730000.0,-760727000.0,250485000.0,574146000.0,,931336.0,-399684000.0
2011,636620000.0,320524000.0,95739000.0,58833000.0,,518009000.0,128352000.0,,65000.0,-1110599000.0,107654000.0,76701000.0,118022000.0,933974.0,79597000.0
2012,741960000.0,347489000.0,81191000.0,54639000.0,,648666000.0,136789000.0,,14000.0,-992524000.0,102985000.0,78855000.0,92659000.0,933974.0,9561000.0
2013,736763000.0,330119000.0,92561000.0,82971000.0,,631956000.0,-2215000.0,,2000.0,-1015991000.0,97719000.0,77483000.0,104107000.0,933974.0,-9019000.0
2014,778038000.0,374313000.0,113841000.0,94114000.0,,642889000.0,31361000.0,,202000.0,-1007265000.0,93567000.0,80106000.0,135149000.0,933974.0,-2699000.0
2015,759654000.0,373477000.0,114251000.0,80722000.0,,,14221000.0,,395000.0,-1020065000.0,100619000.0,86448000.0,127609000.0,933974.0,16890000.0
2016,685905000.0,299334000.0,119793000.0,85086000.0,,553690000.0,-69476000.0,,157000.0,-1117044000.0,92572000.0,106372000.0,132215000.0,933974.0,4238000.0
2017,766628000.0,352011000.0,146778000.0,101622000.0,,607644000.0,62612000.0,,408000.0,-1082364000.0,106395000.0,120828000.0,158984000.0,933974.0,64113000.0
2018,1095257000.0,564056000.0,164617000.0,197708000.0,194071000.0,,116575000.0,,9520000.0,-994074000.0,96986000.0,125192000.0,377425000.0,933974.0,31409000.0
2019,1515999000.0,647145000.0,272270000.0,301642000.0,50315000.0,,437416000.0,780848000.0,22250000.0,-586412000.0,99445000.0,165602000.0,377045000.0,933974.0,46038000.0
2020,1559125000.0,649453000.0,211118000.0,295649000.0,49588000.0,,64853000.0,897273000.0,2944000.0,-551072000.0,114834000.0,188291000.0,345511000.0,933974.0,78458000.0
2021,1819512000.0,777366000.0,345088000.0,227427000.0,49677000.0,1325334000.0,21805000.0,136939000.0,2037000.0,-470051000.0,60398000.0,119877000.0,494178000.0,933974.0,-21241000.0
2022,3716122000.0,2459346000.0,230546000.0,658274000.0,49677000.0,3363386000.0,2132859000.0,555498000.0,4589000.0,1655356000.0,85544000.0,163758000.0,352736000.0,933974.0,-24735000.0
2023,2885720000.0,1418956000.0,210928000.0,678910000.0,,2534500000.0,-14257000.0,665072000.0,4589000.0,1641009000.0,128198000.0,156535000.0,351220000.0,933974.0,-73126000.0
2024,2100041000.0,832807000.0,204839000.0,310929000.0,,1768967000.0,-164170000.0,656323000.0,,1476839000.0,115256000.0,172711000.0,331074000.0,933974.0,-200678000.0
2025,2059582000.0,708339000.0,237674000.0,279783000.0,,1726986000.0,50877000.0,159192000.0,,1419956000.0,74956000.0,142181000.0,332596000.0,933974.0,1901000.0
2011,1949845000.0,1477847000.0,649166000.0,,821453000.0,327482000.0,29191000.0,780784000.0,106804000.0,-91342000.0,,303090000.0,,939930.0,154813000.0
2012,1911579000.0,1464755000.0,620952000.0,,830870000.0,338393000.0,24712000.0,610524000.0,114557000.0,-67329000.0,,224222000.0,,939930.0,160272000.0
2014,1775287000.0,1320797000.0,501397000.0,,900363000.0,273593000.0,-87002000.0,615839000.0,116798000.0,-153988000.0,,176459000.0,,939930.0,119059000.0
2015,1626646000.0,1217095000.0,584424000.0,,738943000.0,193994000.0,-26302000.0,731524000.0,113273000.0,-208184000.0,,193370000.0,,939930.0,97969000.0
2016,1978073000.0,1490358000.0,674826000.0,,920089000.0,271126000.0,65445000.0,732318000.0,117190000.0,-145856000.0,,303907000.0,,939930.0,201787000.0
2017,1971872000.0,1510076000.0,712750000.0,,942959000.0,203518000.0,-63271000.0,609691000.0,132667000.0,-208784000.0,,239558000.0,,939930.0,84568000.0
2018,1966631000.0,1349603000.0,638057000.0,,920143000.0,271866000.0,-4501000.0,643851000.0,132978000.0,-156348000.0,,285554000.0,1683803000.0,939930.0,110603000.0
2019,1859275000.0,1238508000.0,646842000.0,264660000.0,898386000.0,183710000.0,-9979000.0,,135553000.0,-223884000.0,,290097000.0,1667256000.0,939930.0,87254000.0
2020,1763063000.0,1232368000.0,789066000.0,192043000.0,904316000.0,-78000000.0,-164353000.0,,136656000.0,-488545000.0,,226742000.0,1839371000.0,939930.0,-11609000.0
2021,1539462000.0,1122500000.0,601731000.0,93138000.0,551235000.0,247670000.0,-136686000.0,,56724000.0,-136686000.0,,175912000.0,1285522000.0,939930.0,-16048000.0
2022,1698527000.0,1327647000.0,814374000.0,92705000.0,580477000.0,175281000.0,-82119000.0,,,-218813000.0,,247677000.0,1517156000.0,939930.0,41717000.0
2023,1582463000.0,1220565000.0,715058000.0,198777000.0,618430000.0,137851000.0,-39141000.0,,,-257954000.0,,185351000.0,1440633000.0,939930.0,93778000.0
2024,1657913000.0,1310206000.0,905165000.0,136733000.0,497734000.0,142284000.0,2663000.0,,,-255291000.0,,168764000.0,1511090000.0,939930.0,137187000.0
2025,1503843000.0,1158160000.0,773947000.0,92569000.0,454850000.0,160089000.0,15166000.0,,,-240125000.0,,189239000.0,1338073000.0,939930.0,153317000.0
2026,1694692000.0,1330484000.0,932775000.0,134337000.0,455757000.0,174488000.0,14569000.0,,,-225556000.0,,239456000.0,1513585000.0,939930.0,162700000.0
2011,578810000.0,94536000.0,80412000.0,63895000.0,299676000.0,192765000.0,,,,-32415000.0,1978000.0,3138000.0,,943320.0,
2010,1803081000.0,801953000.0,348374000.0,236941000.0,382007000.0,899771000.0,123099000.0,,,887406000.0,253491000.0,258149000.0,899694000.0,943452.0,202810000.0
2011,2158953000.0,1055782000.0,541385000.0,285615000.0,395805000.0,1045189000.0,46263000.0,1967637000.0,-15387000.0,1053706000.0,348174000.0,346281000.0,1111309000.0,943452.0,72509000.0
2012,2351542000.0,1092938000.0,553059000.0,215766000.0,317853000.0,1276830000.0,64765000.0,2391122000.0,14921000.0,1297772000.0,407039000.0,389915000.0,1069525000.0,943452.0,100462000.0
2013,2821997000.0,1333047000.0,579400000.0,285760000.0,,1585259000.0,74041000.0,,,1576702000.0,403229000.0,349458000.0,1234830000.0,943452.0,111218000.0
2014,3303841000.0,1637864000.0,738802000.0,425849000.0,,1807242000.0,92686000.0,,,1909136000.0,510949000.0,443464000.0,1495543000.0,943452.0,136963000.0
2015,3300335000.0,1612448000.0,664776000.0,226191000.0,,1699607000.0,101779000.0,,,2280801000.0,478574000.0,494975000.0,1598996000.0,943452.0,151209000.0
2016,6581018000.0,2867631000.0,1446639000.0,398484000.0,,2205977000.0,37811000.0,,,2553258000.0,658510000.0,667596000.0,3604193000.0,943452.0,62800000.0
2017,6579980000.0,2265113000.0,1573330000.0,233401000.0,,2808868000.0,48948000.0,,,2773300000.0,742634000.0,800619000.0,3751448000.0,943452.0,91163000.0
2018,8649234000.0,4449667000.0,1646690000.0,580908000.0,,2865131000.0,34423000.0,,,3021968000.0,844886000.0,801193000.0,5780159000.0,943452.0,93456000.0
2019,18944200000.0,4192100000.0,3258000000.0,604200000.0,4333600000.0,9956500000.0,135700000.0,,,3267000000.0,1773100000.0,1149900000.0,8950600000.0,943452.0,226100000.0
2020,18454500000.0,3879800000.0,3226300000.0,598700000.0,3792200000.0,10122300000.0,414400000.0,,,3588900000.0,1642100000.0,969300000.0,8301800000.0,943452.0,744500000.0
2021,18454000000.0,3832000000.0,2910000000.0,473000000.0,4056000000.0,10201000000.0,558000000.0,,,4055000000.0,1689000000.0,1085000000.0,8215000000.0,943452.0,876000000.0
2022,18516000000.0,4327000000.0,3467000000.0,,3751000000.0,10102000000.0,633000000.0,,,4577000000.0,2034000000.0,975000000.0,8369000000.0,943452.0,1011000000.0
2023,18988000000.0,4855000000.0,4056000000.0,,3288000000.0,10487000000.0,815000000.0,,,5269000000.0,2284000000.0,1160000000.0,8464000000.0,943452.0,1266000000.0
2024,18702000000.0,4943000000.0,3792000000.0,,3480000000.0,10091000000.0,1056000000.0,,,6185000000.0,2314000000.0,1152000000.0,8569000000.0,943452.0,1609000000.0
2025,22069000000.0,5694000000.0,5150000000.0,,4291000000.0,11142000000.0,1170000000.0,,,3878000000.0,2745000000.0,1410000000.0,10879000000.0,943452.0,1793000000.0
2011,450387000.0,144274000.0,98254000.0,38565000.0,,92003000.0,-5521000.0,232428000.0,29421000.0,-475393000.0,4718000.0,71014000.0,357916000.0,944765.0,29155000.0
2012,436853000.0,143647000.0,100446000.0,35062000.0,,77011000.0,-17264000.0,64646000.0,32926000.0,-504195000.0,5979000.0,72065000.0,359392000.0,944765.0,6620000.0
2013,382411000.0,106824000.0,94810000.0,19337000.0,,44813000.0,-293000.0,53595000.0,21762000.0,-543175000.0,5851000.0,61895000.0,337151000.0,944765.0,9807000.0
2014,374337000.0,115448000.0,102171000.0,42322000.0,,50115000.0,,53605000.0,17199000.0,-543622000.0,5686000.0,51300000.0,323736000.0,944765.0,23628000.0
2010,971659000.0,566603000.0,230888000.0,280359000.0,107239000.0,,,,,-102523000.0,24578000.0,84217000.0,356380000.0,946581.0,77142000.0
2011,1149427000.0,743617000.0,218725000.0,420279000.0,316340000.0,595727000.0,-66836000.0,,,-211339000.0,22477000.0,45035000.0,553700000.0,946581.0,-61142000.0
2012,1277839000.0,866152000.0,336999000.0,402502000.0,335202000.0,587995000.0,22473000.0,,,-240830000.0,30218000.0,189596000.0,689844000.0,946581.0,29062000.0
2013,1799630000.0,1399440000.0,474820000.0,935400000.0,454031000.0,801806000.0,-30787000.0,,,120775000.0,29780000.0,53143000.0,997824000.0,946581.0,-23584000.0
2015,2231100000.0,1781308000.0,966260000.0,911120000.0,476057000.0,563088000.0,-242791000.0,,,-158695000.0,20051000.0,217860000.0,1668012000.0,946581.0,-242353000.0
2016,2590277000.0,2045276000.0,1220411000.0,798742000.0,497935000.0,581385000.0,46399000.0,,,-166997000.0,15888000.0,168527000.0,2008892000.0,946581.0,44575000.0
2017,3149154000.0,2195242000.0,1685892000.0,943396000.0,251929000.0,1003728000.0,99280000.0,,,-99694000.0,16323000.0,219558000.0,2145426000.0,946581.0,111503000.0
2018,3737841000.0,2409177000.0,1726929000.0,808973000.0,8068000.0,1488970000.0,90853000.0,,,73516000.0,15162000.0,247649000.0,2248871000.0,946581.0,87825000.0
2019,4243065000.0,2827835000.0,1951794000.0,826525000.0,0.0,2040580000.0,56829000.0,539007000.0,,877626000.0,28200000.0,395729000.0,2202485000.0,946581.0,58061000.0
2020,4948832000.0,3493351000.0,2038539000.0,1357664000.0,,2539244000.0,122722000.0,760541000.0,,1282085000.0,19108000.0,592555000.0,2409588000.0,946581.0,121884000.0
2021,6028218000.0,4220515000.0,2234715000.0,1422884000.0,,3331892000.0,588886000.0,3372772000.0,,1870971000.0,17742000.0,552762000.0,2696326000.0,946581.0,629384000.0
2022,6546219000.0,3871088000.0,2104964000.0,1732047000.0,,3809659000.0,418022000.0,3504800000.0,,2288993000.0,13224000.0,579433000.0,2736560000.0,946581.0,473595000.0
2023,15862100000.0,2508100000.0,3851600000.0,827400000.0,1733000000.0,9042500000.0,-1124700000.0,5349900000.0,,1164300000.0,,763200000.0,6819600000.0,946581.0,-1165200000.0
2024,12216900000.0,2259700000.0,2406400000.0,754000000.0,3058300000.0,5667900000.0,-3744200000.0,5349600000.0,,-2579900000.0,,679700000.0,6549000000.0,946581.0,-3590600000.0
2025,9180700000.0,2815900000.0,3615800000.0,1456100000.0,2512600000.0,2137700000.0,-4478900000.0,5633600000.0,,-7058800000.0,,771100000.0,7043000000.0,946581.0,-4391100000.0
2026,9383200000.0,3199500000.0,2588800000.0,1545500000.0,2488000000.0,3510900000.0,-298200000.0,6656400000.0,,-7357000000.0,,737000000.0,5872300000.0,946581.0,-104200000.0
2011,533001000.0,352870000.0,130128000.0,219605000.0,,306738000.0,-28401000.0,92412000.0,,8641000.0,35761000.0,51350000.0,149079000.0,1005010.0,-51393000.0
2012,519787000.0,342197000.0,54467000.0,218787000.0,,364007000.0,46378000.0,96936000.0,,51444000.0,48417000.0,48881000.0,75021000.0,1005010.0,15138000.0
2013,594141000.0,332378000.0,84998000.0,214853000.0,,403095000.0,26056000.0,101708000.0,,73765000.0,46288000.0,52810000.0,106552000.0,1005010.0,16801000.0
2011,1170958000.0,465670000.0,189068000.0,285512000.0,273210000.0,691173000.0,82688000.0,691243000.0,25500000.0,154551000.0,,114778000.0,479785000.0,1006892.0,-7477000.0
2010,2015800000.0,849200000.0,500400000.0,248700000.0,,789800000.0,225600000.0,,29300000.0,969200000.0,279100000.0,181900000.0,,1008654.0,329400000.0
2011,1844200000.0,769400000.0,675400000.0,138200000.0,610900000.0,500800000.0,86900000.0,,49000000.0,1091700000.0,302500000.0,163700000.0,,1008654.0,342300000.0
2012,1821800000.0,766500000.0,694500000.0,119800000.0,617800000.0,479100000.0,74500000.0,,34900000.0,1172400000.0,313900000.0,173400000.0,,1008654.0,306500000.0
2013,1843900000.0,779000000.0,737500000.0,127300000.0,,252900000.0,89800000.0,0.0,40200000.0,1289200000.0,313400000.0,168800000.0,,1008654.0,403500000.0
2014,1783100000.0,753600000.0,747400000.0,77000000.0,,185800000.0,82300000.0,0.0,46500000.0,1348200000.0,306000000.0,168100000.0,,1008654.0,367700000.0
2015,1598200000.0,550500000.0,614000000.0,79800000.0,,161000000.0,58100000.0,0.0,47600000.0,1371200000.0,254600000.0,142700000.0,,1008654.0,315200000.0
2016,1587800000.0,545300000.0,547600000.0,93200000.0,,212800000.0,79000000.0,0.0,48800000.0,1455300000.0,240400000.0,125300000.0,,1008654.0,347000000.0
2017,1388000000.0,630500000.0,658800000.0,144100000.0,,-119400000.0,-326500000.0,,46100000.0,1043100000.0,262200000.0,144400000.0,,1008654.0,229100000.0
2018,1308800000.0,620600000.0,759100000.0,149000000.0,,-235200000.0,17300000.0,,46500000.0,1086800000.0,257700000.0,144700000.0,,1008654.0,319800000.0
2019,1262400000.0,538500000.0,688900000.0,123200000.0,,-277000000.0,-71700000.0,,41500000.0,1067300000.0,245200000.0,110700000.0,,1008654.0,125900000.0
2020,1219900000.0,546100000.0,909700000.0,139100000.0,,-204700000.0,21800000.0,,38600000.0,1161600000.0,236300000.0,114700000.0,1424600000.0,1008654.0,197600000.0
2021,1255400000.0,648200000.0,555900000.0,267200000.0,,-207100000.0,18600000.0,,35200000.0,1139400000.0,232200000.0,86200000.0,1462500000.0,1008654.0,250500000.0
2022,743600000.0,431600000.0,1001900000.0,110100000.0,,-429800000.0,-244700000.0,,21800000.0,887300000.0,217600000.0,63700000.0,1173400000.0,1008654.0,1000000.0
2010,1547405000.0,837084000.0,285682000.0,324188000.0,,1174970000.0,68409000.0,1218489000.0,,11617000.0,113994000.0,154507000.0,372435000.0,1010552.0,90069000.0
2011,1844805000.0,953565000.0,359165000.0,375441000.0,,1370116000.0,49573000.0,407007000.0,,118265000.0,107613000.0,219557000.0,474689000.0,1010552.0,148859000.0
2012,1915351000.0,1073253000.0,355688000.0,477073000.0,,1430689000.0,2195000.0,353026000.0,,100019000.0,99960000.0,194654000.0,484662000.0,1010552.0,6366000.0
2013,1749030000.0,901428000.0,386593000.0,392629000.0,242200000.0,976365000.0,-1969000.0,347942000.0,,-132348000.0,103309000.0,183369000.0,772665000.0,1010552.0,-17193000.0
2014,1831222000.0,998520000.0,421104000.0,443132000.0,235938000.0,1023733000.0,42059000.0,1345154000.0,5893000.0,-136275000.0,100328000.0,169400000.0,807489000.0,1010552.0,46453000.0
2015,1782247000.0,949467000.0,377966000.0,435093000.0,228799000.0,1053209000.0,69975000.0,1267225000.0,6131000.0,-113355000.0,89392000.0,187888000.0,729038000.0,1010552.0,87774000.0
2009,14936030000.0,4594772000.0,1717728000.0,1275430000.0,,12493320000.0,597992000.0,6460315000.0,,1599638000.0,,1003362000.0,2417394000.0,1011006.0,386692000.0
2010,14928104000.0,4345548000.0,1625872000.0,1526427000.0,,12558129000.0,312020000.0,1525109000.0,,1942656000.0,,1028900000.0,2331694000.0,1011006.0,772524000.0
2011,14782786000.0,3452536000.0,1207361000.0,1562390000.0,,12541067000.0,295572000.0,1324153000.0,,2432294000.0,,1037474000.0,2201439000.0,1011006.0,800341000.0
2012,17103253000.0,5652713000.0,1290232000.0,2667778000.0,,14560200000.0,272267000.0,1345807000.0,,5792459000.0,,1008448000.0,2497650000.0,1011006.0,189990000.0
2013,16804959000.0,5025857000.0,1340312000.0,2077590000.0,,13074909000.0,348190000.0,1265795000.0,14319000.0,4267429000.0,,979559000.0,3674362000.0,1011006.0,174218000.0
2014,61960344000.0,9699107000.0,4528581000.0,2667916000.0,,38741837000.0,166344000.0,1253072000.0,68851000.0,8937036000.0,,1032704000.0,23174752000.0,1011006.0,32154000.0
2015,45203966000.0,7507319000.0,1277380000.0,1631911000.0,,29043537000.0,-4434987000.0,1273393000.0,71865000.0,4570807000.0,,1047504000.0,16124546000.0,1011006.0,-4530034000.0
2016,48083079000.0,8126160000.0,1287424000.0,1119469000.0,,31049283000.0,161998000.0,1469140000.0,73783000.0,4353958000.0,,1084267000.0,16999003000.0,1011006.0,64151000.0
2011,1118368000.0,189113000.0,351103000.0,49549000.0,450549000.0,96627000.0,-23390000.0,1312213000.0,18320000.0,-385294000.0,,38251000.0,1016475000.0,1011064.0,-14166000.0
2011,64241000.0,,,1862000.0,520000.0,38002000.0,-1577000.0,107579000.0,655000.0,3697000.0,4357000.0,,26239000.0,1014041.0,-1250000.0
2011,1726128000.0,581424000.0,535226000.0,345859000.0,,932276000.0,13758000.0,218797000.0,5764000.0,303639000.0,93028000.0,97853000.0,790208000.0,1014507.0,25033000.0
2012,1494534000.0,409280000.0,186237000.0,151088000.0,75478000.0,989358000.0,34736000.0,247364000.0,4603000.0,437471000.0,81007000.0,132569000.0,502159000.0,1014507.0,45399000.0
2013,1738419000.0,563084000.0,246087000.0,241745000.0,75447000.0,1155625000.0,36235000.0,278604000.0,3975000.0,584216000.0,109175000.0,145212000.0,580375000.0,1014507.0,47922000.0
2014,1811000000.0,687100000.0,237300000.0,382800000.0,75300000.0,1258800000.0,42700000.0,290000000.0,3900000.0,759900000.0,123400000.0,115600000.0,549800000.0,1014507.0,58300000.0
2015,1902300000.0,876600000.0,295100000.0,517800000.0,75300000.0,1338200000.0,45400000.0,304900000.0,4900000.0,946100000.0,129400000.0,154900000.0,561400000.0,1014507.0,65100000.0
2010,9084032000.0,8590088000.0,5235186000.0,1155551000.0,531127000.0,3241182000.0,318060000.0,34588984000.0,39259000.0,2200755000.0,2914525000.0,4138629000.0,5842850000.0,1018003.0,484433000.0
2011,9146516000.0,8618402000.0,5509875000.0,891403000.0,300000000.0,3272777000.0,244240000.0,36328701000.0,52509000.0,2444995000.0,2942164000.0,4465329000.0,5873739000.0,1018003.0,458646000.0
2012,11480448000.0,10166379000.0,6761831000.0,595147000.0,943275000.0,3611253000.0,305909000.0,37827299000.0,55690000.0,2750904000.0,3591543000.0,5457299000.0,7869195000.0,1018003.0,462352000.0
2013,11791195000.0,10375571000.0,6934416000.0,674390000.0,797454000.0,3949625000.0,310583000.0,42553918000.0,59165000.0,3061487000.0,3724447000.0,5454832000.0,7841570000.0,1018003.0,514875000.0
2014,12831443000.0,11485523000.0,7436433000.0,692777000.0,1096889000.0,4165826000.0,266691000.0,46487426000.0,77728000.0,3328178000.0,4145012000.0,6115328000.0,8665617000.0,1018003.0,487262000.0
2015,12307260000.0,10531850000.0,7108115000.0,935267000.0,1097273000.0,3967786000.0,215105000.0,43025852000.0,81866000.0,3513101000.0,3457016000.0,5663754000.0,8339474000.0,1018003.0,415316000.0
2010,1978002000.0,585371000.0,686824000.0,163169000.0,40000000.0,1128650000.0,-32359000.0,914133000.0,,-359466000.0,,346751000.0,849352000.0,1020416.0,-42021000.0
2011,2057998000.0,675932000.0,782963000.0,250317000.0,40000000.0,1164127000.0,10906000.0,249979000.0,,-305669000.0,,343546000.0,893871000.0,1020416.0,16952000.0
2012,1684865000.0,579653000.0,584980000.0,148185000.0,145975000.0,880039000.0,-73025000.0,211244000.0,,-564389000.0,,335905000.0,804826000.0,1020416.0,-988000.0
2013,1586257000.0,504065000.0,518837000.0,88581000.0,125900000.0,789671000.0,-20115000.0,198718000.0,,-564871000.0,,332675000.0,742112000.0,1020416.0,9984000.0
2014,1217151000.0,460146000.0,469314000.0,94297000.0,201821000.0,420498000.0,-289719000.0,186203000.0,,-854160000.0,,282523000.0,742406000.0,1020416.0,-329877000.0
2015,1159909000.0,481032000.0,427676000.0,167915000.0,188457000.0,481406000.0,56065000.0,159209000.0,,-780548000.0,,260518000.0,678503000.0,1020416.0,7203000.0
2009,4305700000.0,2134800000.0,947200000.0,643800000.0,904700000.0,1316400000.0,220700000.0,,60900000.0,2667200000.0,436400000.0,726300000.0,,1024478.0,
2010,4748300000.0,2586600000.0,1222300000.0,813400000.0,904900000.0,1460400000.0,131300000.0,,60500000.0,2912400000.0,603300000.0,859000000.0,,1024478.0,
2011,5284900000.0,3075100000.0,1329900000.0,988900000.0,905000000.0,1748000000.0,201800000.0,,59500000.0,3382800000.0,641700000.0,1063400000.0,,1024478.0,
2012,5636500000.0,3387500000.0,1531600000.0,903900000.0,905000000.0,1851700000.0,195200000.0,,60100000.0,3858800000.0,619000000.0,1187300000.0,,1024478.0,
2013,5844600000.0,3679900000.0,1544700000.0,1200900000.0,905100000.0,2585500000.0,215300000.0,,60900000.0,4333400000.0,615400000.0,1186100000.0,,1024478.0,
2014,6229500000.0,3934200000.0,1692100000.0,1191300000.0,905600000.0,2658100000.0,248700000.0,,59300000.0,4839600000.0,588400000.0,1215800000.0,,1024478.0,
2015,6404700000.0,4048000000.0,1327700000.0,1427300000.0,1500900000.0,2256800000.0,201300000.0,,63700000.0,5316900000.0,535600000.0,1041000000.0,,1024478.0,
2016,7101200000.0,4185000000.0,1975900000.0,1526400000.0,1516300000.0,1990100000.0,185200000.0,,71300000.0,5668400000.0,526600000.0,1079000000.0,,1024478.0,
2017,7161700000.0,4420700000.0,2145800000.0,1410900000.0,1243400000.0,2663600000.0,204600000.0,,76200000.0,6103400000.0,558700000.0,1135500000.0,,1024478.0,
2018,6262000000.0,2830700000.0,2236900000.0,618800000.0,1225200000.0,1617500000.0,345900000.0,1729500000.0,73000000.0,6198100000.0,581600000.0,1190100000.0,,1024478.0,
2019,6113000000.0,2985700000.0,1936800000.0,,1956400000.0,404200000.0,8100000.0,,98200000.0,6440200000.0,575700000.0,1178700000.0,,1024478.0,
2020,7264700000.0,2685800000.0,1810800000.0,704600000.0,1974700000.0,1027800000.0,262700000.0,,103500000.0,7139800000.0,584000000.0,1249100000.0,,1024478.0,
2021,10701600000.0,3063400000.0,2992200000.0,662200000.0,3464600000.0,2389600000.0,1358100000.0,,94600000.0,8000400000.0,798100000.0,1424500000.0,,1024478.0,
2022,10758700000.0,3610700000.0,3572200000.0,490700000.0,,2725600000.0,932200000.0,,123200000.0,8411800000.0,1054200000.0,1736700000.0,,1024478.0,
2023,11304000000.0,4910800000.0,3365300000.0,1071800000.0,,3561600000.0,1387400000.0,,135300000.0,9255200000.0,1404900000.0,2167400000.0,,1024478.0,
2024,11232100000.0,3881200000.0,3603900000.0,471000000.0,,3498300000.0,952500000.0,,,9634900000.0,1293100000.0,1802000000.0,,1024478.0,
2025,11219000000.0,3911000000.0,3445000000.0,468000000.0,2614000000.0,3654000000.0,869000000.0,,,5422000000.0,1247000000.0,1931000000.0,,1024478.0,1703000000.0
2009,34304000000.0,3320000000.0,5288000000.0,874000000.0,,8559000000.0,1006000000.0,12967000000.0,,4495000000.0,647000000.0,1244000000.0,,1031296.0,1879000000.0
2010,34805000000.0,3698000000.0,4698000000.0,1019000000.0,,8545000000.0,185000000.0,,,4609000000.0,638000000.0,1392000000.0,,1031296.0,448000000.0
2011,47326000000.0,3355000000.0,4855000000.0,202000000.0,,13280000000.0,885000000.0,,,3047000000.0,811000000.0,1525000000.0,,1031296.0,1698000000.0
2012,50406000000.0,3768000000.0,7605000000.0,172000000.0,,13084000000.0,-148000000.0,,,2888000000.0,861000000.0,1614000000.0,,1031296.0,-34000000.0
2013,50424000000.0,3887000000.0,7637000000.0,218000000.0,,12692000000.0,142000000.0,,1016000000.0,2590000000.0,752000000.0,1720000000.0,,1031296.0,401000000.0
2014,52166000000.0,3876000000.0,5561000000.0,85000000.0,,12420000000.0,299000000.0,15049000000.0,1073000000.0,2285000000.0,817000000.0,1554000000.0,,1031296.0,-337000000.0
2015,52187000000.0,3040000000.0,5602000000.0,131000000.0,,12421000000.0,578000000.0,15026000000.0,1132000000.0,2256000000.0,785000000.0,1415000000.0,,1031296.0,236000000.0
2016,43148000000.0,2950000000.0,7126000000.0,199000000.0,,6241000000.0,-6177000000.0,14562000000.0,1157000000.0,-4532000000.0,564000000.0,1440000000.0,,1031296.0,-8924000000.0
2017,42257000000.0,3108000000.0,4077000000.0,589000000.0,,,-2499000000.0,14017000000.0,1178000000.0,-6262000000.0,463000000.0,1463000000.0,,1031296.0,-1830000000.0
2018,40063000000.0,2392000000.0,4634000000.0,367000000.0,,6814000000.0,138000000.0,2710000000.0,1116000000.0,-4879000000.0,252000000.0,1221000000.0,,1031296.0,512000000.0
2019,42301000000.0,2444000000.0,4862000000.0,627000000.0,,6975000000.0,-111000000.0,2673000000.0,1033000000.0,-3967000000.0,281000000.0,1091000000.0,,1031296.0,615000000.0
2020,44464000000.0,3714000000.0,5004000000.0,1734000000.0,,7237000000.0,1079000000.0,10790000000.0,1065000000.0,-2888000000.0,317000000.0,1203000000.0,,1031296.0,2162000000.0
2021,45432000000.0,3237000000.0,4416000000.0,1462000000.0,,8675000000.0,1283000000.0,11132000000.0,1141000000.0,-1605000000.0,260000000.0,1033000000.0,,1031296.0,1726000000.0
2022,46108000000.0,2415000000.0,3958000000.0,160000000.0,,10166000000.0,406000000.0,12459000000.0,1039000000.0,-1199000000.0,421000000.0,1318000000.0,,1031296.0,1910000000.0
2023,48767000000.0,2568000000.0,5386000000.0,137000000.0,,10437000000.0,1102000000.0,12870000000.0,1124000000.0,-97000000.0,512000000.0,1318000000.0,37851000000.0,1031296.0,2266000000.0
2024,52044000000.0,2776000000.0,4997000000.0,111000000.0,,12455000000.0,978000000.0,13472000000.0,,43000000.0,549000000.0,1530000000.0,38324000000.0,1031296.0,2375000000.0
2025,55904000000.0,2979000000.0,5271000000.0,57000000.0,,12510000000.0,1020000000.0,15090000000.0,,35000000.0,577000000.0,1726000000.0,41978000000.0,1031296.0,2206000000.0
2011,1102639000.0,,,168646000.0,83571000.0,39925000.0,,,13867000.0,-38217000.0,,,1062714000.0,1035976.0,
2012,968274000.0,,,115271000.0,53903000.0,36925000.0,,,2096000.0,-51928000.0,,,931349000.0,1035976.0,
2013,1003808000.0,,,103556000.0,62433000.0,33578000.0,,,1689000.0,-45546000.0,,,970230000.0,1035976.0,
2014,970029000.0,,,35667000.0,96504000.0,51398000.0,,,1523000.0,-32126000.0,,,918631000.0,1035976.0,
2015,1090618000.0,,,21083000.0,160112000.0,86178000.0,,,991000.0,3714000.0,,,1004440000.0,1035976.0,
2016,1195375000.0,,,112445000.0,78847000.0,90147000.0,,,1056000.0,8531000.0,,,1105228000.0,1035976.0,
2017,1162305000.0,,,37746000.0,60278000.0,89191000.0,,,1321000.0,6779000.0,,,1073114000.0,1035976.0,
2018,1237732000.0,,,36481000.0,34240000.0,97219000.0,13349000.0,,2581000.0,17186000.0,,,1140513000.0,1035976.0,
2019,1203541000.0,,,34565000.0,57219000.0,133607000.0,11075000.0,,2170000.0,24207000.0,,,1069934000.0,1035976.0,
2020,1465679000.0,,,155811000.0,10310000.0,155860000.0,15347000.0,,1127000.0,35080000.0,,,1309819000.0,1035976.0,
2021,1664323000.0,,,99020000.0,30310000.0,162457000.0,21371000.0,,2705000.0,50990000.0,,,1501866000.0,1035976.0,
2022,1745530000.0,,,41916000.0,182360000.0,118949000.0,20445000.0,,6732000.0,64873000.0,,,1626581000.0,1035976.0,
2023,1880986000.0,,,107868000.0,200272000.0,134599000.0,12983000.0,,34127000.0,71782000.0,,,1746387000.0,1035976.0,
2009,20380000000.0,4614000000.0,5097000000.0,2406000000.0,12004000000.0,-1178000000.0,662000000.0,12311000000.0,1089000000.0,-42953000000.0,,1302000000.0,21558000000.0,1037949.0,1975000000.0
2010,17220000000.0,2222000000.0,3871000000.0,372000000.0,10858000000.0,-1655000000.0,-161000000.0,2899000000.0,1039000000.0,-43425000000.0,,1264000000.0,18875000000.0,1037949.0,427000000.0
2011,31220000000.0,2822000000.0,3060000000.0,48000000.0,,11276000000.0,19000000.0,8327000000.0,486000000.0,-551000000.0,,1204000000.0,,1037949.0,543000000.0
2012,29246000000.0,2557000000.0,4942000000.0,87000000.0,,10624000000.0,111000000.0,2856000000.0,611000000.0,-831000000.0,,1177000000.0,,1037949.0,375000000.0
2016,11865000000.0,3697000000.0,2135000000.0,363000000.0,3325000000.0,4553000000.0,188000000.0,,,6218000000.0,330000000.0,731000000.0,7241000000.0,1039101.0,294000000.0
2017,12729000000.0,4448000000.0,2379000000.0,662000000.0,3330000000.0,5083000000.0,289000000.0,,,6659000000.0,389000000.0,723000000.0,7578000000.0,1039101.0,263000000.0
2018,13518000000.0,4810000000.0,2447000000.0,1066000000.0,3321000000.0,5839000000.0,225000000.0,2771000000.0,,7424000000.0,879000000.0,919000000.0,7611000000.0,1039101.0,276000000.0
2009,7590263000.0,2878959000.0,1375785000.0,1604723000.0,,5822136000.0,116999000.0,,,-3236525000.0,,458652000.0,,1043604.0,310695000.0
2010,8467851000.0,3214370000.0,1471976000.0,1811887000.0,,6608200000.0,190200000.0,,,-3108337000.0,,596622000.0,,1043604.0,226800000.0
2011,9983820000.0,4439661000.0,1466703000.0,2910420000.0,999034000.0,7089182000.0,96200000.0,,49500000.0,-2972402000.0,69100000.0,577386000.0,,1043604.0,133200000.0
2012,9832100000.0,3600700000.0,1422000000.0,2407800000.0,999200000.0,6999000000.0,95700000.0,,52900000.0,-2911400000.0,62500000.0,438400000.0,2832600000.0,1043604.0,130900000.0
2013,10326000000.0,3703900000.0,1441400000.0,2284000000.0,999300000.0,7302200000.0,151800000.0,,58400000.0,-2631300000.0,52700000.0,578300000.0,3023800000.0,1043604.0,195400000.0
2014,8403100000.0,2971900000.0,1527700000.0,1639600000.0,1349000000.0,4919100000.0,-769600000.0,,66900000.0,-3861100000.0,62500000.0,598900000.0,3484000000.0,1043604.0,-701800000.0
2015,8619200000.0,2912400000.0,1801900000.0,1420900000.0,1648800000.0,4574400000.0,197800000.0,,83300000.0,-3741200000.0,75000000.0,780700000.0,4044800000.0,1043604.0,279100000.0
2016,9656500000.0,3971900000.0,1735900000.0,1833200000.0,2133700000.0,4962500000.0,188900000.0,,97700000.0,-3281800000.0,95500000.0,1054100000.0,4694000000.0,1043604.0,889700000.0
2017,9833800000.0,4184500000.0,1738200000.0,2006500000.0,,,-148100000.0,,101200000.0,-3355800000.0,97800000.0,852000000.0,5152900000.0,1043604.0,848100000.0
2018,9363300000.0,4581800000.0,1842500000.0,2489000000.0,1789100000.0,,192200000.0,1181000000.0,103200000.0,-2831400000.0,82000000.0,754600000.0,4540100000.0,1043604.0,572200000.0
2019,8837700000.0,3209800000.0,1543900000.0,1215800000.0,1683900000.0,,168400000.0,1208100000.0,88700000.0,-2741400000.0,94200000.0,879700000.0,4227100000.0,1043604.0,442200000.0
2020,9378300000.0,3271200000.0,2161100000.0,1361900000.0,1705800000.0,,30800000.0,1222600000.0,77000000.0,-2669000000.0,221900000.0,964100000.0,4834800000.0,1043604.0,353100000.0
2021,8887000000.0,2956600000.0,1876500000.0,922500000.0,1686800000.0,4316900000.0,252700000.0,4735400000.0,50800000.0,-2653600000.0,272600000.0,994400000.0,4570100000.0,1043604.0,387500000.0
2022,9326700000.0,3617100000.0,2078900000.0,880100000.0,1601300000.0,4475100000.0,471000000.0,5301200000.0,58600000.0,-2375500000.0,619400000.0,1227300000.0,4851600000.0,1043604.0,519100000.0
2023,9518500000.0,3795500000.0,2104000000.0,1068100000.0,1616800000.0,4492700000.0,310200000.0,5564500000.0,80000000.0,-2296400000.0,952400000.0,1044100000.0,5025800000.0,1043604.0,470100000.0
2024,10008000000.0,3845600000.0,2642000000.0,1224300000.0,1215700000.0,4784200000.0,287900000.0,5073600000.0,,-2020400000.0,830100000.0,1163300000.0,5223800000.0,1043604.0,291800000.0
2010,4495246000.0,3226950000.0,942682000.0,665361000.0,,3181462000.0,171651000.0,886376000.0,3127000.0,2149328000.0,345525000.0,348770000.0,,1045810.0,255747000.0
2011,5552928000.0,3905358000.0,929958000.0,667876000.0,,4145724000.0,116025000.0,953194000.0,3089000.0,2730418000.0,340297000.0,336143000.0,,1045810.0,648299000.0
2012,6412245000.0,4775258000.0,976223000.0,732786000.0,,4827703000.0,173973000.0,1106902000.0,3294000.0,3246088000.0,419686000.0,454252000.0,,1045810.0,648239000.0
2013,7250894000.0,5624711000.0,945496000.0,1151587000.0,,4456398000.0,146917000.0,1144218000.0,10443000.0,3504742000.0,387765000.0,426357000.0,,1045810.0,496227000.0
2015,7201368000.0,5713297000.0,896030000.0,496654000.0,,4417982000.0,193128000.0,1250514000.0,46133000.0,3948877000.0,482893000.0,473637000.0,,1045810.0,758989000.0
2016,7370000000.0,6053000000.0,2351000000.0,596000000.0,,4469000000.0,207000000.0,1401000000.0,47000000.0,4350000000.0,418000000.0,505000000.0,2814000000.0,1045810.0,747000000.0
2017,9841000000.0,8536000000.0,1788000000.0,1766000000.0,,5762000000.0,655000000.0,2173000000.0,58000000.0,6108000000.0,794000000.0,826000000.0,4048000000.0,1045810.0,1934000000.0
2018,11241000000.0,9255000000.0,1153000000.0,4002000000.0,,7471000000.0,1118000000.0,2911000000.0,61000000.0,8787000000.0,796000000.0,1265000000.0,3770000000.0,1045810.0,3210000000.0
2019,13292000000.0,10557000000.0,1329000000.0,782000000.0,,9342000000.0,567000000.0,,58000000.0,12565000000.0,1575000000.0,1424000000.0,3950000000.0,1045810.0,3804000000.0
2020,17315000000.0,13690000000.0,1784000000.0,10896000000.0,,12204000000.0,950000000.0,,52000000.0,14971000000.0,979000000.0,1657000000.0,5111000000.0,1045810.0,2846000000.0
2021,28791000000.0,16055000000.0,3925000000.0,847000000.0,5964000000.0,16893000000.0,4332000000.0,,184000000.0,18908000000.0,1826000000.0,2429000000.0,11898000000.0,1045810.0,4532000000.0
2022,44187000000.0,28829000000.0,4335000000.0,1990000000.0,10946000000.0,26612000000.0,9752000000.0,26914000000.0,236000000.0,16235000000.0,2605000000.0,4650000000.0,17575000000.0,1045810.0,10041000000.0
2023,41182000000.0,23073000000.0,6563000000.0,3389000000.0,9703000000.0,22101000000.0,4368000000.0,26974000000.0,262000000.0,10171000000.0,5159000000.0,3827000000.0,19081000000.0,1045810.0,4224000000.0
2024,65728000000.0,44345000000.0,10631000000.0,7280000000.0,8459000000.0,42978000000.0,29760000000.0,60922000000.0,257000000.0,29817000000.0,5282000000.0,9999000000.0,22750000000.0,1045810.0,32972000000.0
2025,111601000000.0,80126000000.0,18047000000.0,8589000000.0,8463000000.0,79327000000.0,72880000000.0,130497000000.0,,68038000000.0,10080000000.0,23065000000.0,32274000000.0,1045810.0,81453000000.0
2026,206803000000.0,125605000000.0,32163000000.0,10605000000.0,7469000000.0,157293000000.0,120067000000.0,215938000000.0,,146973000000.0,21403000000.0,38466000000.0,49510000000.0,1045810.0,130387000000.0
2009,23607000000.0,7868000000.0,5523000000.0,2642000000.0,2329000000.0,9827000000.0,1935000000.0,,123000000.0,9102000000.0,344000000.0,120000000.0,,1047122.0,3042000000.0
2010,24422000000.0,8822000000.0,5960000000.0,3638000000.0,3610000000.0,9754000000.0,459000000.0,,126000000.0,10390000000.0,363000000.0,,,1047122.0,2607000000.0
2011,25854000000.0,9309000000.0,6130000000.0,4000000000.0,4605000000.0,8181000000.0,543000000.0,,172000000.0,11656000000.0,336000000.0,,,1047122.0,2857000000.0
2012,26686000000.0,9246000000.0,5902000000.0,3188000000.0,4731000000.0,8026000000.0,469000000.0,,201000000.0,12883000000.0,381000000.0,,,1047122.0,2989000000.0
2013,25967000000.0,9816000000.0,5810000000.0,3296000000.0,4734000000.0,11035000000.0,531000000.0,,210000000.0,14173000000.0,363000000.0,,,1047122.0,2938000000.0
2014,27900000000.0,10292000000.0,5930000000.0,3222000000.0,5330000000.0,9525000000.0,582000000.0,,213000000.0,15671000000.0,414000000.0,,,1047122.0,3179000000.0
2015,29281000000.0,9812000000.0,6126000000.0,2328000000.0,5330000000.0,10128000000.0,571000000.0,,233000000.0,16903000000.0,635000000.0,,,1047122.0,3013000000.0
2016,30052000000.0,10678000000.0,6427000000.0,3303000000.0,5335000000.0,10066000000.0,544000000.0,,232000000.0,17474000000.0,659000000.0,,,1047122.0,3240000000.0
2017,30860000000.0,11326000000.0,7348000000.0,3103000000.0,4750000000.0,9963000000.0,393000000.0,,205000000.0,17895000000.0,594000000.0,,,1047122.0,3318000000.0
2018,31864000000.0,12136000000.0,8288000000.0,3608000000.0,4755000000.0,11472000000.0,832000000.0,7360000000.0,184000000.0,20087000000.0,758000000.0,,,1047122.0,4538000000.0
2019,34566000000.0,13082000000.0,9791000000.0,4292000000.0,3261000000.0,12223000000.0,885000000.0,7842000000.0,180000000.0,21480000000.0,671000000.0,,,1047122.0,4774000000.0
2011,180244000.0,160495000.0,98774000.0,35577000.0,10289000.0,64301000.0,-37823000.0,475363000.0,2277000.0,-94520000.0,8443000.0,85728000.0,115943000.0,1048268.0,-35478000.0
2012,164713000.0,147385000.0,104384000.0,18729000.0,24000.0,53157000.0,-1474000.0,123381000.0,2324000.0,-106322000.0,15141000.0,76259000.0,111556000.0,1048268.0,-389000.0
2013,179252000.0,144025000.0,98558000.0,20757000.0,10210000.0,62486000.0,-1844000.0,123782000.0,1771000.0,-109895000.0,20147000.0,73540000.0,116766000.0,1048268.0,426000.0
2014,201108000.0,167957000.0,95884000.0,47342000.0,10208000.0,87972000.0,2130000.0,135858000.0,1574000.0,-104571000.0,16048000.0,77459000.0,113136000.0,1048268.0,7641000.0
2015,226710000.0,189040000.0,108079000.0,49360000.0,10234000.0,101414000.0,7479000.0,159687000.0,1130000.0,-88033000.0,13977000.0,92976000.0,125296000.0,1048268.0,18488000.0
2016,394340000.0,209728000.0,133051000.0,32961000.0,29257000.0,223405000.0,101980000.0,205647000.0,1282000.0,32745000.0,13236000.0,124368000.0,169140000.0,1048268.0,24960000.0
2017,424494000.0,231752000.0,150628000.0,28290000.0,29434000.0,236704000.0,3146000.0,206581000.0,1702000.0,46427000.0,16923000.0,142946000.0,184519000.0,1048268.0,20342000.0
2018,421994000.0,262693000.0,164417000.0,26247000.0,29564000.0,220407000.0,4675000.0,240275000.0,1946000.0,32314000.0,20966000.0,151578000.0,198355000.0,1048268.0,25954000.0
2019,445258000.0,296455000.0,193472000.0,,299000.0,246248000.0,9861000.0,293607000.0,,65600000.0,21543000.0,186279000.0,195716000.0,1048268.0,41850000.0
2020,560528000.0,371450000.0,242449000.0,,217000.0,283313000.0,14606000.0,330411000.0,,107005000.0,24889000.0,213016000.0,275411000.0,1048268.0,50083000.0
2021,766622000.0,484180000.0,311600000.0,,39746000.0,345953000.0,66658000.0,1536493000.0,,173134000.0,68573000.0,286707000.0,396075000.0,1048268.0,85583000.0
2022,934709000.0,624398000.0,401886000.0,,81628000.0,361288000.0,34762000.0,2166808000.0,,203197000.0,96333000.0,370726000.0,544228000.0,1048268.0,56008000.0
2023,981600000.0,671296000.0,400568000.0,,0.0,449985000.0,108288000.0,2377227000.0,3022000.0,295784000.0,95655000.0,363836000.0,481664000.0,1048268.0,159776000.0
2024,1595661000.0,1085481000.0,633428000.0,127171000.0,0.0,883955000.0,305975000.0,3371468000.0,1814000.0,800818000.0,111536000.0,552158000.0,707699000.0,1048268.0,383529000.0
2011,2831255000.0,,,232411000.0,49300000.0,266711000.0,24558000.0,,20077000.0,71423000.0,,,2564544000.0,1050441.0,
2012,3409441000.0,,,,39300000.0,349976000.0,35289000.0,,14414000.0,106146000.0,,,3059465000.0,1050441.0,
2013,3771503000.0,,,,39300000.0,393863000.0,47007000.0,,12504000.0,96393000.0,,,3377640000.0,1050441.0,
2014,5247880000.0,,,256025000.0,119300000.0,620759000.0,14727000.0,,4275000.0,150037000.0,,,4627121000.0,1050441.0,
2015,6076649000.0,,,298363000.0,70000000.0,738601000.0,22348000.0,,4735000.0,233604000.0,,,5338048000.0,1050441.0,
2016,6890096000.0,,,368163000.0,216514000.0,842799000.0,25717000.0,,8771000.0,331311000.0,,,6047297000.0,1050441.0,
2017,7479029000.0,,,190473000.0,216905000.0,950438000.0,15569000.0,,11167000.0,431544000.0,,,6528591000.0,1050441.0,
2018,8389137000.0,,,321864000.0,217296000.0,1108941000.0,40317000.0,,23869000.0,584494000.0,,,7280196000.0,1050441.0,
2019,8988719000.0,,,241973000.0,217687000.0,1190681000.0,35456000.0,,26473000.0,705105000.0,,,7798038000.0,1050441.0,
2020,11117802000.0,,,,268077000.0,1240892000.0,132217000.0,,68424000.0,798061000.0,,,9876910000.0,1050441.0,
2021,11847310000.0,,,,69670000.0,1350775000.0,176691000.0,,39982000.0,930061000.0,,,10496535000.0,1050441.0,
2022,11150854000.0,,,,69794000.0,1228321000.0,140930000.0,,91746000.0,1015215000.0,,,9922533000.0,1050441.0,
2023,11664538000.0,,,,,1274283000.0,100534000.0,,334781000.0,1061456000.0,,,10390255000.0,1050441.0,
2024,11129508000.0,,,,76108000.0,1226061000.0,-47035000.0,,,982304000.0,,,9903447000.0,1050441.0,
2025,10497203000.0,,,,76428000.0,1131283000.0,-138052000.0,,,837643000.0,,,9365920000.0,1050441.0,
2011,453851000.0,343205000.0,218393000.0,199634000.0,,168978000.0,9000000.0,160266000.0,,188360000.0,,94723000.0,284873000.0,1050446.0,15042000.0
2012,477938000.0,358141000.0,219056000.0,224393000.0,,200311000.0,8240000.0,164453000.0,,208906000.0,,93758000.0,277627000.0,1050446.0,30153000.0
2013,585514000.0,479948000.0,233519000.0,220171000.0,,310326000.0,16148000.0,165881000.0,,292238000.0,,86181000.0,275188000.0,1050446.0,19440000.0
2014,558797000.0,462365000.0,197300000.0,146919000.0,,324471000.0,22699000.0,148871000.0,,297273000.0,,78633000.0,234326000.0,1050446.0,5104000.0
2015,656894000.0,565314000.0,172658000.0,292341000.0,,455281000.0,39111000.0,143522000.0,,403204000.0,,68154000.0,201613000.0,1050446.0,134022000.0
2016,768319000.0,684987000.0,185486000.0,401975000.0,,552177000.0,31124000.0,140108000.0,,494112000.0,,83319000.0,216142000.0,1050446.0,107625000.0
2017,835728000.0,763611000.0,184858000.0,420244000.0,,590539000.0,-26224000.0,138145000.0,,511755000.0,,69500000.0,245189000.0,1050446.0,74355000.0
2018,855768000.0,778399000.0,258269000.0,109924000.0,,529731000.0,3301000.0,497638000.0,,549134000.0,,171359000.0,326037000.0,1050446.0,3981000.0
2019,916571000.0,753446000.0,269818000.0,456727000.0,,508559000.0,12167000.0,486327000.0,,583489000.0,,163516000.0,408012000.0,1050446.0,-1002000.0
2020,1465612000.0,272620000.0,285618000.0,59675000.0,,553045000.0,2661000.0,480735000.0,,575965000.0,,197461000.0,912567000.0,1050446.0,-13625000.0
2021,3557124000.0,267965000.0,311985000.0,63356000.0,2155151000.0,978958000.0,-535480000.0,510762000.0,,41442000.0,,189280000.0,2578166000.0,1050446.0,-784527000.0
2022,2410272000.0,264566000.0,317403000.0,43835000.0,2378560000.0,-383120000.0,-1469797000.0,499264000.0,,-1428355000.0,,189280000.0,2793392000.0,1050446.0,-1275742000.0
2023,4762528000.0,267895000.0,323273000.0,46817000.0,2182108000.0,2164972000.0,429121000.0,496261000.0,,-999234000.0,,183815000.0,2597556000.0,1050446.0,-115047000.0
2024,25843685000.0,252324000.0,355384000.0,38117000.0,7191158000.0,18229984000.0,-1166661000.0,463456000.0,,-2166876000.0,,181203000.0,7613701000.0,1050446.0,-1852978000.0
2025,61641082000.0,2564137000.0,456492000.0,2301470000.0,8158842000.0,44123458000.0,-3848152000.0,,,6321763000.0,,205748000.0,10598110000.0,1050446.0,-5444385000.0
2009,9325725000.0,2055365000.0,2070240000.0,354748000.0,,-5155955000.0,285572000.0,,753485000.0,-4749714000.0,,614860000.0,14468984000.0,1053112.0,1415468000.0
2010,8840685000.0,1639875000.0,2162113000.0,393951000.0,,-6296918000.0,113863000.0,,787093000.0,-5494829000.0,,537848000.0,15121420000.0,1053112.0,355880000.0
2011,7143325000.0,1354952000.0,1595428000.0,611947000.0,5446660000.0,-5575855000.0,60629000.0,,746587000.0,-5245483000.0,,295277000.0,12703628000.0,1053112.0,346237000.0
2012,7246224000.0,1373487000.0,1692948000.0,364503000.0,5738219000.0,-5639164000.0,116538000.0,,720692000.0,-5011960000.0,,325064000.0,12872231000.0,1053112.0,29297000.0
2013,6591076000.0,1724434000.0,1441052000.0,702224000.0,5138515000.0,-5284330000.0,51842000.0,,601102000.0,-4546299000.0,,283079000.0,11865326000.0,1053112.0,168647000.0
2014,6765171000.0,1930666000.0,1750168000.0,850413000.0,5855867000.0,-5041469000.0,55975000.0,,576000000.0,-4234860000.0,,277526000.0,11797185000.0,1053112.0,205836000.0
2015,6867293000.0,1875586000.0,2188642000.0,1003279000.0,5860642000.0,-4911316000.0,32118000.0,,585764000.0,-4059411000.0,,266383000.0,11778877000.0,1053112.0,197140000.0
2009,5127242000.0,2914332000.0,1148350000.0,1397093000.0,,3891846000.0,65261000.0,4490323000.0,,-7259069000.0,362428000.0,508627000.0,,1054374.0,56072000.0
2010,7944310000.0,4183507000.0,1271196000.0,1622423000.0,696978000.0,5826089000.0,266189000.0,1945555000.0,,-6177269000.0,597955000.0,819629000.0,,1054374.0,1081860000.0
2011,9040000000.0,5752000000.0,1099000000.0,4146000000.0,1196000000.0,6521000000.0,254000000.0,1820000000.0,,-5250000000.0,421000000.0,678000000.0,,1054374.0,953000000.0
2012,11208000000.0,3781000000.0,1682000000.0,1617000000.0,1393000000.0,7839000000.0,251000000.0,2080000000.0,,-4531000000.0,527000000.0,740000000.0,,1054374.0,676000000.0
2013,11495000000.0,3915000000.0,1496000000.0,1657000000.0,1394000000.0,8371000000.0,168000000.0,2064000000.0,30000000.0,-4107000000.0,525000000.0,795000000.0,,1054374.0,472000000.0
2014,12471000000.0,5072000000.0,1550000000.0,2545000000.0,1593000000.0,9051000000.0,390000000.0,2143000000.0,36000000.0,-3455000000.0,531000000.0,804000000.0,,1054374.0,694000000.0
2009,14813000000.0,5151000000.0,2482000000.0,1016000000.0,4112000000.0,6567000000.0,901000000.0,15615000000.0,279000000.0,4108000000.0,,1149000000.0,8153000000.0,1056239.0,1656000000.0
2010,15451000000.0,5078000000.0,2733000000.0,607000000.0,4126000000.0,6764000000.0,268000000.0,-15680000000.0,-269000000.0,4877000000.0,,1299000000.0,8596000000.0,1056239.0,461000000.0
2011,15497000000.0,5244000000.0,2690000000.0,764000000.0,4125000000.0,6635000000.0,274000000.0,15169000000.0,235000000.0,5641000000.0,,1240000000.0,8773000000.0,1056239.0,398000000.0
2012,13826000000.0,4571000000.0,2597000000.0,349000000.0,3629000000.0,5463000000.0,212000000.0,13146000000.0,184000000.0,5191000000.0,363000000.0,968000000.0,8287000000.0,1056239.0,364000000.0
2013,13988000000.0,4594000000.0,2534000000.0,500000000.0,3630000000.0,5981000000.0,185000000.0,12622000000.0,177000000.0,5726000000.0,359000000.0,991000000.0,7932000000.0,1056239.0,306000000.0
2014,13836000000.0,4737000000.0,2525000000.0,442000000.0,3939000000.0,5285000000.0,203000000.0,3208000000.0,178000000.0,6181000000.0,288000000.0,852000000.0,8476000000.0,1056239.0,303000000.0
2015,12085000000.0,4232000000.0,2879000000.0,207000000.0,3143000000.0,4355000000.0,-166000000.0,,,5728000000.0,333000000.0,746000000.0,7656000000.0,1056239.0,-96000000.0
2011,13127275000.0,,,446566000.0,,1444144000.0,-82232000.0,,266103000.0,457384000.0,,,11683131000.0,1057706.0,
2012,13099741000.0,,,946851000.0,,1485023000.0,29782000.0,687168000.0,176072000.0,487166000.0,,,11614718000.0,1057706.0,
2013,12656925000.0,,,655671000.0,,1215858000.0,-164487000.0,630299000.0,130843000.0,322679000.0,,,11441067000.0,1057706.0,
2014,12727835000.0,,,796108000.0,,1671743000.0,392287000.0,695297000.0,115876000.0,716625000.0,,,11056092000.0,1057706.0,
2015,12573019000.0,,,752458000.0,,1694134000.0,21297000.0,686894000.0,103303000.0,737922000.0,,,10878885000.0,1057706.0,
2016,11922455000.0,,,299685000.0,,1786243000.0,93229000.0,673246000.0,101174000.0,830928000.0,,,10136212000.0,1057706.0,
2017,12261268000.0,,,716395000.0,,1869097000.0,66956000.0,650810000.0,96872000.0,895208000.0,,,10392171000.0,1057706.0,
2018,12243561000.0,,,586203000.0,,2044704000.0,201608000.0,707277000.0,99584000.0,1087617000.0,,,10198857000.0,1057706.0,
2019,12611266000.0,,,644099000.0,,2228073000.0,167377000.0,766469000.0,108816000.0,1221817000.0,,,10383193000.0,1057706.0,
2020,18793071000.0,,,1493833000.0,,2275179000.0,102273000.0,804208000.0,92660000.0,1215321000.0,,,16517892000.0,1057706.0,
2021,20785275000.0,,,2543058000.0,,2101767000.0,281025000.0,915872000.0,64779000.0,1427295000.0,,,18683508000.0,1057706.0,
2022,18634484000.0,,,,,1325540000.0,305072000.0,985706000.0,67321000.0,1644209000.0,,,17308944000.0,1057706.0,
2023,18909549000.0,,,,,1497609000.0,302864000.0,1156180000.0,226376000.0,1846112000.0,,,17411940000.0,1057706.0,
2024,19292921000.0,,,,561700000.0,1669236000.0,298724000.0,1225875000.0,,2038812000.0,,,17623685000.0,1057706.0,
2025,19132892000.0,,,,290000000.0,1966865000.0,344866000.0,1255034000.0,,2268011000.0,,,17166027000.0,1057706.0,
2009,5170940000.0,2465545000.0,566610000.0,1105428000.0,,4417979000.0,353456000.0,2807687000.0,1732000.0,-190257000.0,241541000.0,356796000.0,752961000.0,1058057.0,334115000.0
2010,6338157000.0,3712647000.0,640686000.0,1847074000.0,,5521869000.0,222853000.0,900513000.0,144000.0,713872000.0,245448000.0,459406000.0,816288000.0,1058057.0,901192000.0
2011,5767619000.0,3078961000.0,589554000.0,784902000.0,,5014018000.0,80717000.0,742701000.0,,1328963000.0,354119000.0,407263000.0,753601000.0,1058057.0,604146000.0
2012,5261764000.0,2585346000.0,607888000.0,751953000.0,,4484595000.0,50152000.0,775294000.0,,1536787000.0,250420000.0,330238000.0,777169000.0,1058057.0,294657000.0
2013,5451010000.0,2839220000.0,651306000.0,965750000.0,,4675910000.0,97129000.0,931749000.0,,1732658000.0,347861000.0,453496000.0,775100000.0,1058057.0,280691000.0
2015,5884387000.0,3344040000.0,637376000.0,1210977000.0,,5146089000.0,81693000.0,857452000.0,1167000.0,2045203000.0,308162000.0,420955000.0,738298000.0,1058057.0,408819000.0
2016,5442127000.0,2918626000.0,1225785000.0,1278180000.0,,4140123000.0,4200000.0,616158000.0,706000.0,1110982000.0,210017000.0,323300000.0,1302004000.0,1058057.0,-816739000.0
2017,4648650000.0,2280330000.0,496416000.0,814092000.0,,4027651000.0,21151000.0,2317674000.0,368000.0,1009841000.0,171969000.0,335384000.0,620999000.0,1058057.0,99994000.0
2018,4708287000.0,2363955000.0,421142000.0,888482000.0,,4141413000.0,520831000.0,2409170000.0,685000.0,1409452000.0,170039000.0,280395000.0,566874000.0,1058057.0,429695000.0
2019,10016752000.0,1395258000.0,636796000.0,582410000.0,1732699000.0,7306410000.0,-179094000.0,,60362000.0,1116495000.0,276005000.0,493122000.0,2710342000.0,1058057.0,43270000.0
2020,11133235000.0,1537497000.0,710166000.0,647604000.0,1439024000.0,8678580000.0,1584391000.0,,85631000.0,2541313000.0,322980000.0,492346000.0,2454655000.0,1058057.0,-243358000.0
2021,10764924000.0,1617145000.0,1077097000.0,748467000.0,993170000.0,8435804000.0,-277298000.0,,69264000.0,2103441000.0,268228000.0,536668000.0,2329120000.0,1058057.0,-258389000.0
2011,4040591000.0,324339000.0,178435000.0,30592000.0,2227287000.0,290713000.0,63860000.0,,,-985473000.0,,236804000.0,3636431000.0,1058623.0,82254000.0
2012,3743575000.0,353119000.0,195243000.0,88050000.0,2014599000.0,246633000.0,-84791000.0,,198628000.0,-1018202000.0,,207563000.0,3425073000.0,1058623.0,-54974000.0
2013,3870435000.0,377055000.0,156320000.0,32792000.0,1985956000.0,512740000.0,150933000.0,,176981000.0,-842119000.0,,264805000.0,3357695000.0,1058623.0,31317000.0
2014,3745441000.0,370826000.0,155622000.0,7271000.0,1875127000.0,541580000.0,3361000.0,,145533000.0,-830350000.0,,248308000.0,3203861000.0,1058623.0,42375000.0
2015,3024787000.0,359275000.0,122770000.0,31657000.0,1815300000.0,16032000.0,-4599000.0,,141679000.0,-1376844000.0,,243428000.0,3008755000.0,1058623.0,28821000.0
2016,2412691000.0,439927000.0,100791000.0,131259000.0,1780357000.0,-491738000.0,-543677000.0,,138634000.0,-1887564000.0,,231585000.0,2904429000.0,1058623.0,-568585000.0
2017,2027319000.0,393620000.0,36157000.0,102891000.0,0.0,-696115000.0,-206116000.0,,126952000.0,-2093554000.0,,235247000.0,2723434000.0,1058623.0,-321225000.0
2019,1761332000.0,380681000.0,139562000.0,15142000.0,1006493000.0,455216000.0,61257000.0,1113445000.0,82916000.0,122682000.0,,242599000.0,1306116000.0,1058623.0,166207000.0
2020,1859738000.0,502964000.0,129036000.0,271761000.0,967661000.0,397591000.0,-59719000.0,816218000.0,68099000.0,62963000.0,,201275000.0,1462147000.0,1058623.0,-10602000.0
2021,1717382000.0,406516000.0,139814000.0,177028000.0,798924000.0,419497000.0,17278000.0,916467000.0,67847000.0,80241000.0,,196934000.0,1297885000.0,1058623.0,69116000.0
2022,1609031000.0,345271000.0,145608000.0,107433000.0,714456000.0,408405000.0,16235000.0,953506000.0,64890000.0,96476000.0,,210254000.0,1200626000.0,1058623.0,79789000.0
2023,1440301000.0,286897000.0,143739000.0,80660000.0,672424000.0,286582000.0,-117879000.0,844548000.0,71269000.0,-21403000.0,,180706000.0,1153719000.0,1058623.0,-41278000.0
2024,1118649000.0,248051000.0,133778000.0,63836000.0,669041000.0,6951000.0,-283254000.0,827076000.0,,-304657000.0,,161986000.0,1111698000.0,1058623.0,-239664000.0
2025,940960000.0,242847000.0,157939000.0,81979000.0,694808000.0,-191521000.0,-200702000.0,741695000.0,,-505359000.0,,134136000.0,1132481000.0,1058623.0,-138137000.0
2011,52232000.0,15013000.0,15604000.0,3329000.0,7933000.0,13714000.0,-10099000.0,,1763000.0,-194911000.0,2297000.0,3702000.0,28600000.0,1063537.0,-9584000.0
2012,47006000.0,10816000.0,15533000.0,1040000.0,11581000.0,4436000.0,-9509000.0,37723000.0,1926000.0,-204420000.0,1994000.0,3487000.0,33308000.0,1063537.0,-8687000.0
2013,44578000.0,13532000.0,18961000.0,5091000.0,10919000.0,5836000.0,-15021000.0,35051000.0,3934000.0,-219441000.0,2430000.0,2673000.0,31565000.0,1063537.0,-9970000.0
2014,46084000.0,14072000.0,15130000.0,3610000.0,11288000.0,15672000.0,-23029000.0,40108000.0,10334000.0,-242470000.0,3508000.0,3055000.0,27769000.0,1063537.0,-12764000.0
2015,33635000.0,10721000.0,14678000.0,1070000.0,10908000.0,7268000.0,-8268000.0,39896000.0,3101000.0,-250738000.0,3857000.0,2169000.0,26298000.0,1063537.0,-6276000.0
2016,28845000.0,7528000.0,21361000.0,451000.0,6009000.0,-632000.0,-8530000.0,,,-259819000.0,3773000.0,2085000.0,28926000.0,1063537.0,-11131000.0
2017,17361000.0,9448000.0,2616000.0,6203000.0,12000.0,,-4531000.0,,1623000.0,-265128000.0,,1273000.0,2628000.0,1063537.0,-6097000.0
2018,30717000.0,12513000.0,6861000.0,7044000.0,145000.0,23711000.0,-8101000.0,,12000.0,-273229000.0,,2529000.0,7006000.0,1063537.0,-8212000.0
2019,40492000.0,13771000.0,5812000.0,8444000.0,73000.0,,,,96000.0,-287180000.0,898000.0,3738000.0,8749000.0,1063537.0,-14557000.0
2020,34796000.0,11340000.0,5826000.0,5263000.0,3107000.0,23420000.0,-11730000.0,,318000.0,-298910000.0,1878000.0,2819000.0,11376000.0,1063537.0,-11289000.0
2021,31313000.0,13215000.0,9156000.0,5825000.0,1356000.0,18495000.0,-8949000.0,,463000.0,-307859000.0,2444000.0,4136000.0,12818000.0,1063537.0,-10566000.0
2022,27433000.0,11068000.0,11364000.0,3941000.0,1296000.0,12909000.0,-7858000.0,,572000.0,-315717000.0,2378000.0,3703000.0,14524000.0,1063537.0,-7302000.0
2023,9322000.0,4814000.0,8960000.0,1139000.0,2960000.0,-3000000.0,-17560000.0,,672000.0,-333277000.0,543000.0,2824000.0,12322000.0,1063537.0,-7897000.0
2011,144353690.0,134085663.0,77871756.0,61639064.0,,65076762.0,5523037.0,45052839.0,,-31729090.0,,49305881.0,79276928.0,1065332.0,9620512.0
2012,145139937.0,127846602.0,62819501.0,62358266.0,,78924370.0,8622613.0,57211431.0,,-5390342.0,,55261023.0,66215567.0,1065332.0,12386787.0
2013,179973865.0,162652549.0,83264549.0,74245467.0,,91936287.0,6180680.0,60786825.0,,3533087.0,,52818352.0,88037578.0,1065332.0,11029686.0
2014,173078417.0,157991422.0,64056139.0,,,104136778.0,8292244.0,66017902.0,,9440597.0,,57467548.0,68941639.0,1065332.0,
2015,241237370.0,227789967.0,121172175.0,,,115806020.0,8983989.0,71158615.0,,14869995.0,,80362227.0,125431350.0,1065332.0,
2016,240861670.0,224763641.0,99797245.0,,,133902697.0,13643939.0,78341975.0,,27226682.0,,82721636.0,106958973.0,1065332.0,
2017,295731000.0,277558000.0,119094000.0,,,168242000.0,10840000.0,83472000.0,,56960000.0,,103938000.0,127489000.0,1065332.0,
2018,310526000.0,286334000.0,89125000.0,,,211689000.0,9848000.0,78649000.0,,93919000.0,,80904000.0,98837000.0,1065332.0,
2019,362359000.0,312723000.0,100592000.0,,,245928000.0,9958000.0,,,122713000.0,,85399000.0,116431000.0,1065332.0,
2020,464349000.0,415635000.0,157997000.0,,,293149000.0,17844000.0,,,163686000.0,,155484000.0,171200000.0,1065332.0,
2009,22505000000.0,2008000000.0,2686000000.0,635000000.0,,3206000000.0,-539000000.0,4631000000.0,1008000000.0,-3192000000.0,175000000.0,346000000.0,,1066107.0,-51000000.0
2010,25270000000.0,1552000000.0,2565000000.0,347000000.0,,3917000000.0,758000000.0,4616000000.0,1031000000.0,-2434000000.0,,333000000.0,,1066107.0,2043000000.0
2011,24314000000.0,1577000000.0,2148000000.0,194000000.0,12967000000.0,4354000000.0,141000000.0,4860000000.0,948000000.0,-2293000000.0,,331000000.0,,1066107.0,1132000000.0
2011,160303368.0,104029482.0,16473973.0,61154007.0,,137926594.0,14131362.0,84021429.0,849743.0,64623453.0,6126376.0,35999858.0,,1066923.0,19048706.0
2012,195219011.0,134637959.0,31769400.0,77560278.0,,156510966.0,19182887.0,102356001.0,888574.0,82793585.0,7278191.0,49435961.0,,1066923.0,25194517.0
2013,233119543.0,115076016.0,43163611.0,66888954.0,,173533419.0,13169578.0,78986296.0,1983831.0,94962299.0,4381900.0,34179426.0,51163611.0,1066923.0,18177096.0
2014,279434092.0,104611525.0,69761724.0,25130302.0,,181401971.0,8630816.0,99060202.0,4547914.0,102933747.0,4118630.0,66570314.0,93346302.0,1066923.0,17442410.0
2015,270403070.0,112995153.0,70718607.0,50006914.0,,178068534.0,2948735.0,86440402.0,3885018.0,105782482.0,3444740.0,50062300.0,87443786.0,1066923.0,10244067.0
2016,261661030.0,101626483.0,76974711.0,1143585.0,,135028212.0,-5545471.0,34407422.0,1659300.0,100237011.0,3041300.0,7325773.0,91468714.0,1066923.0,2231102.0
2017,190680253.0,61987337.0,117965858.0,4586757.0,22252150.0,12606785.0,-102583700.0,10463135.0,,-2346689.0,2097307.0,17156130.0,157730410.0,1066923.0,-99087205.0
2018,62946609.0,24164227.0,117173578.0,253804.0,32450867.0,-91287957.0,-169997054.0,888670.0,,-188085680.0,63017.0,73244.0,149624445.0,1066923.0,-190516623.0
2019,115980570.0,94996986.0,202789675.0,539316.0,32450867.0,-92438567.0,-25228932.0,955172.0,,-213314612.0,3594.0,4954.0,204057776.0,1066923.0,-12936291.0
2020,15931712.0,15519869.0,5184103.0,9788041.0,,8778600.0,88930311.0,370657.0,,-124384301.0,3594.0,4954.0,7200571.0,1066923.0,-15017631.0
2021,91657085.0,72721055.0,7230668.0,50273517.0,,81444919.0,14205925.0,25050801.0,,-138611914.0,73400.0,9101816.0,10802927.0,1066923.0,-13208584.0
2022,85017719.0,65050379.0,18571116.0,,,66965221.0,20440.0,23881006.0,,-152276434.0,518069.0,7796672.0,19332078.0,1066923.0,-17113547.0
2023,60940750.0,54490469.0,17728362.0,,,43983251.0,-33653228.0,34865553.0,,-185929662.0,,5705877.0,18525706.0,1066923.0,-24421916.0
2024,25902938.0,20716887.0,13113365.0,,,14462885.0,-32955872.0,2158125.0,,-218885534.0,,2088962.0,13306119.0,1066923.0,-33911080.0
2025,53287334.0,50760432.0,8209906.0,2396619.0,,43957690.0,-4620065.0,3829805.0,,-223505599.0,,605236.0,9329644.0,1066923.0,-34007122.0
2011,4143000000.0,723000000.0,864000000.0,36000000.0,,64000000.0,29000000.0,746000000.0,,-499000000.0,44000000.0,464000000.0,4040000000.0,1067701.0,115000000.0
2012,11026000000.0,1343000000.0,1351000000.0,106000000.0,7278000000.0,1543000000.0,41000000.0,1249000000.0,,-424000000.0,68000000.0,793000000.0,9452000000.0,1067701.0,236000000.0
2013,11231000000.0,1362000000.0,1286000000.0,175000000.0,7137000000.0,1828000000.0,140000000.0,1338000000.0,,-37000000.0,70000000.0,804000000.0,9383000000.0,1067701.0,342000000.0
2014,12467000000.0,1546000000.0,1478000000.0,158000000.0,7992000000.0,1796000000.0,194000000.0,5685000000.0,,503000000.0,78000000.0,940000000.0,10669000000.0,1067701.0,426000000.0
2015,12083000000.0,1294000000.0,1233000000.0,179000000.0,8206000000.0,1476000000.0,169000000.0,,,1088000000.0,69000000.0,930000000.0,10607000000.0,1067701.0,397000000.0
2016,11988000000.0,1361000000.0,1184000000.0,312000000.0,7843000000.0,1648000000.0,153000000.0,,,1654000000.0,68000000.0,920000000.0,10340000000.0,1067701.0,402000000.0
2017,15030000000.0,1772000000.0,1668000000.0,352000000.0,9516000000.0,3106000000.0,897000000.0,,,3005000000.0,75000000.0,1233000000.0,11924000000.0,1067701.0,462000000.0
2018,18133000000.0,1761000000.0,2116000000.0,43000000.0,11834000000.0,3403000000.0,310000000.0,2306000000.0,,4101000000.0,109000000.0,1545000000.0,14730000000.0,1067701.0,563000000.0
2019,18970000000.0,1842000000.0,2198000000.0,52000000.0,11516000000.0,3830000000.0,338000000.0,2456000000.0,,5275000000.0,120000000.0,1530000000.0,15140000000.0,1067701.0,599000000.0
2020,17868000000.0,2017000000.0,1890000000.0,202000000.0,9755000000.0,4545000000.0,297000000.0,2279000000.0,,6165000000.0,125000000.0,1315000000.0,13323000000.0,1067701.0,510000000.0
2021,20292000000.0,2151000000.0,2603000000.0,144000000.0,9754000000.0,5991000000.0,481000000.0,2776000000.0,,7551000000.0,164000000.0,1677000000.0,14301000000.0,1067701.0,745000000.0
2022,24183000000.0,2723000000.0,2445000000.0,106000000.0,11447000000.0,7062000000.0,639000000.0,3296000000.0,,9656000000.0,232000000.0,2004000000.0,17121000000.0,1067701.0,1024000000.0
2023,25589000000.0,2933000000.0,3637000000.0,363000000.0,11582000000.0,8130000000.0,679000000.0,3728000000.0,,11672000000.0,205000000.0,2230000000.0,17459000000.0,1067701.0,1063000000.0
2024,28163000000.0,3249000000.0,3323000000.0,457000000.0,13472000000.0,8622000000.0,689000000.0,4095000000.0,,13813000000.0,200000000.0,2357000000.0,19541000000.0,1067701.0,1087000000.0
2025,29866000000.0,3608000000.0,3819000000.0,459000000.0,14302000000.0,8968000000.0,653000000.0,4208000000.0,,15843000000.0,240000000.0,2510000000.0,20898000000.0,1067701.0,1052000000.0
2011,212000.0,118000.0,50752000.0,24000.0,,-52173000.0,-32830000.0,,7648000.0,,,,52385000.0,1072379.0,-26787000.0
2012,7570000.0,7458000.0,10744000.0,7346000.0,,-16073000.0,-67320000.0,,13442000.0,,,,12626000.0,1072379.0,-43825000.0
2013,18784000.0,18646000.0,19689000.0,18499000.0,,-9818000.0,-65789000.0,,842000.0,,,,19689000.0,1072379.0,-57473000.0
2014,58441000.0,14642000.0,68880000.0,13390000.0,,-35027000.0,-135634000.0,,996000.0,,,,93468000.0,1072379.0,-101143000.0
2015,70797000.0,24101000.0,64789000.0,21813000.0,,-4676000.0,-24078000.0,,4153000.0,,,,75473000.0,1072379.0,-126284000.0
2016,52906000.0,7884000.0,76405000.0,6186000.0,31711000.0,-26499000.0,-80214000.0,,3818000.0,,,,79405000.0,1072379.0,-79266000.0
2017,48907000.0,1402000.0,87683000.0,117000.0,31429000.0,-67333000.0,-73143000.0,,5545000.0,,,,96200000.0,1072379.0,-54678000.0
2018,24667000.0,23798000.0,69840000.0,22224000.0,16797000.0,-47159000.0,-35794000.0,412000.0,9871000.0,-824413000.0,,,71826000.0,1072379.0,-41481000.0
2019,9129000.0,3200000.0,41194000.0,372000.0,12723000.0,-43567000.0,-20296000.0,2410000.0,2975000.0,-839907000.0,,,52696000.0,1072379.0,-27463000.0
2020,32899000.0,15511000.0,382424000.0,9983000.0,14774000.0,-362948000.0,-529821000.0,1291000.0,8544000.0,-1371216000.0,,,395847000.0,1072379.0,-86605000.0
2021,40160000.0,17290000.0,133769000.0,15169000.0,32395000.0,-123991000.0,179126000.0,1005000.0,5011000.0,-1192090000.0,,,164151000.0,1072379.0,-52702000.0
2022,31323000.0,9425000.0,126005000.0,6965000.0,21529000.0,-128103000.0,-105032000.0,1683000.0,6068000.0,-1297122000.0,,,136366000.0,1072379.0,-67181000.0
2023,27865000.0,4125000.0,45204000.0,2126000.0,40792000.0,-65773000.0,-62599000.0,1932000.0,5241000.0,-1359721000.0,,,74920000.0,1072379.0,-55508000.0
2024,26728000.0,4062000.0,68274000.0,2175000.0,62676000.0,-94487000.0,-83778000.0,,,-1443499000.0,,,105708000.0,1072379.0,-66508000.0
2025,81290000.0,5517000.0,91700000.0,3040000.0,60042000.0,-60280000.0,-60162000.0,,,-1503661000.0,,,128860000.0,1072379.0,-59914000.0
2011,348503000.0,206821000.0,58208000.0,54835000.0,58000000.0,209003000.0,28973000.0,,13062000.0,-227760000.0,65810000.0,50167000.0,139143000.0,1076930.0,43939000.0
2012,337460000.0,208468000.0,54926000.0,65788000.0,42500000.0,227809000.0,15818000.0,,,-208222000.0,52801000.0,42652000.0,109254000.0,1076930.0,3297000.0
2013,378807000.0,199802000.0,60070000.0,60980000.0,64000000.0,241984000.0,4308000.0,,,-200913000.0,66744000.0,53913000.0,136404000.0,1076930.0,6677000.0
2014,398919000.0,183327000.0,54214000.0,51146000.0,107500000.0,210825000.0,-30485000.0,,,-225165000.0,62943000.0,51494000.0,187665000.0,1076930.0,-34176000.0
2015,416045000.0,185212000.0,56953000.0,59959000.0,88426000.0,244701000.0,35615000.0,90219000.0,,-189550000.0,59566000.0,57188000.0,171344000.0,1076930.0,4214000.0
2016,425637000.0,199250000.0,70496000.0,68108000.0,70554000.0,258870000.0,22003000.0,384758000.0,,-167547000.0,59745000.0,63769000.0,166767000.0,1076930.0,32563000.0
2017,726703000.0,287879000.0,98168000.0,100057000.0,225500000.0,311545000.0,60051000.0,521290000.0,,-127740000.0,91278000.0,81482000.0,368235000.0,1076930.0,57195000.0
2018,719576000.0,281769000.0,104196000.0,82043000.0,202843000.0,368255000.0,49109000.0,,,-79092000.0,104764000.0,83955000.0,351321000.0,1076930.0,71013000.0
2019,869736000.0,304512000.0,134846000.0,78944000.0,215334000.0,417172000.0,40773000.0,,,-38319000.0,116618000.0,91078000.0,452564000.0,1076930.0,55282000.0
2020,865179000.0,304173000.0,114229000.0,125054000.0,194927000.0,476809000.0,44521000.0,,,6202000.0,92737000.0,75054000.0,388370000.0,1076930.0,55888000.0
2021,1227883000.0,373825000.0,183938000.0,117393000.0,429361000.0,521291000.0,50331000.0,,,56533000.0,125657000.0,115617000.0,706592000.0,1076930.0,64054000.0
2022,1241212000.0,420519000.0,164522000.0,100105000.0,430662000.0,577586000.0,74051000.0,,,130584000.0,167997000.0,137697000.0,663626000.0,1076930.0,103079000.0
2023,1226056000.0,415297000.0,139175000.0,105051000.0,349404000.0,673460000.0,72878000.0,,,203462000.0,149371000.0,139410000.0,552596000.0,1076930.0,110496000.0
2024,1388511000.0,433648000.0,167791000.0,113989000.0,411949000.0,745698000.0,64087000.0,,,267549000.0,144606000.0,151026000.0,642813000.0,1076930.0,110584000.0
2025,1807106000.0,782601000.0,212367000.0,380871000.0,212538000.0,1314287000.0,53829000.0,,,321378000.0,188284000.0,184880000.0,492819000.0,1076930.0,94012000.0
2011,121413216.0,74424397.0,28411271.0,44865191.0,,88144448.0,-8184121.0,,,-171065720.0,,6225424.0,33268768.0,1080056.0,-8814805.0
2012,111535068.0,50277088.0,31448484.0,23845360.0,,75457835.0,-2176000.0,13826000.0,,-183780671.0,,5750753.0,36077233.0,1080056.0,-13067664.0
2013,108894027.0,60979444.0,29771448.0,45443759.0,,74163158.0,-3785701.0,,,-187566372.0,,4502344.0,34730869.0,1080056.0,-3995164.0
2014,111932327.0,41749524.0,36423143.0,32459009.0,,67870110.0,-1556000.0,,,-191356249.0,,5103899.0,44062217.0,1080056.0,-3403709.0
2015,102891654.0,35704986.0,33630653.0,28445416.0,,61994239.0,-249000.0,,,-192899252.0,,5102464.0,40897415.0,1080056.0,-239025.0
2016,78463112.0,28266303.0,31102353.0,21371122.0,,42049456.0,-11639000.0,,,-210413967.0,,5119959.0,36413656.0,1080056.0,-17211587.0
2017,69010548.0,18466314.0,30992884.0,11684817.0,,34020949.0,3219000.0,,,-207787130.0,,4684570.0,34989599.0,1080056.0,697720.0
2018,85741692.0,48209368.0,28638169.0,37029262.0,,55568457.0,18214574.0,,,-187872026.0,,4889164.0,30173235.0,1080056.0,-29342182.0
2011,44812103.0,14164409.0,8931785.0,6009576.0,,34917233.0,-25310735.0,32232981.0,201184.0,-180128371.0,,6441528.0,9717003.0,1084384.0,-25676272.0
2012,37475541.0,9409207.0,13892960.0,1233268.0,,19973510.0,-22630160.0,6836870.0,780852.0,-203260307.0,,5123803.0,17326055.0,1084384.0,-5137747.0
2013,43317440.0,9675007.0,11381343.0,1252315.0,,23590268.0,-6075540.0,6031634.0,,-225391922.0,,5976879.0,19582366.0,1084384.0,-4634559.0
2014,44920998.0,15572989.0,29158842.0,1904160.0,,10603246.0,-4943322.0,5454503.0,,-250629296.0,,8877213.0,34308431.0,1084384.0,-3545619.0
2015,25392386.0,4016094.0,14821800.0,369250.0,5580277.0,8044659.0,-5006235.0,31015453.0,,-255635531.0,,1112032.0,17338845.0,1084384.0,-4298192.0
2016,13045289.0,3194871.0,13292992.0,931189.0,,-9370578.0,-31444704.0,12855811.0,,-287080234.0,,614670.0,22409820.0,1084384.0,-18902681.0
2017,25326033.0,16696328.0,7537842.0,13537899.0,,15421533.0,-12462979.0,13547507.0,,-299543213.0,,2058284.0,9904500.0,1084384.0,-8787186.0
2018,159509274.0,11904528.0,19093946.0,6051709.0,,131474879.0,-18023634.0,20257605.0,,-317131686.0,,3338214.0,28034395.0,1084384.0,-12037219.0
2019,54028000.0,18662000.0,49934000.0,4447000.0,,-1562000.0,-226770000.0,62049000.0,,-543902000.0,,8307000.0,55590000.0,1084384.0,-220353000.0
2020,61258000.0,30334000.0,67567000.0,8275000.0,,-40401000.0,-44661000.0,,,-584593000.0,,11608000.0,76760000.0,1084384.0,-36402000.0
2010,1635584000.0,681427000.0,417939000.0,356533000.0,,1032266000.0,98567000.0,767097000.0,,301697000.0,,179621000.0,603318000.0,1088033.0,120576000.0
2011,1697651000.0,496201000.0,591101000.0,192165000.0,,867200000.0,43975000.0,857415000.0,3957000.0,345672000.0,,201636000.0,795502000.0,1088033.0,90525000.0
2009,31883000000.0,9275000000.0,6239000000.0,1542000000.0,8668000000.0,7630000000.0,2152000000.0,45297000000.0,445000000.0,12745000000.0,,5369000000.0,,1090727.0,3801000000.0
2010,33597000000.0,11569000000.0,5902000000.0,3370000000.0,10491000000.0,7979000000.0,1119000000.0,13421000000.0,354000000.0,14164000000.0,319000000.0,5627000000.0,,1090727.0,1814000000.0
2011,34701000000.0,12284000000.0,6514000000.0,3034000000.0,11095000000.0,7035000000.0,725000000.0,14166000000.0,348000000.0,10128000000.0,345000000.0,6246000000.0,,1090727.0,1197000000.0
2012,38863000000.0,15591000000.0,8390000000.0,7327000000.0,11089000000.0,4653000000.0,-1748000000.0,14571000000.0,393000000.0,7997000000.0,393000000.0,6111000000.0,,1090727.0,-2782000000.0
2013,36212000000.0,13387000000.0,7131000000.0,4665000000.0,10824000000.0,6474000000.0,1167000000.0,14976000000.0,380000000.0,6925000000.0,403000000.0,6502000000.0,,1090727.0,1908000000.0
2014,35471000000.0,11808000000.0,8639000000.0,2291000000.0,9864000000.0,2141000000.0,453000000.0,15895000000.0,353000000.0,5726000000.0,344000000.0,6661000000.0,,1090727.0,754000000.0
2015,38311000000.0,13208000000.0,10696000000.0,2730000000.0,11316000000.0,2470000000.0,1331000000.0,16054000000.0,341000000.0,6001000000.0,308000000.0,7134000000.0,,1090727.0,2051000000.0
2016,40377000000.0,13849000000.0,11730000000.0,3476000000.0,12394000000.0,405000000.0,-239000000.0,16931000000.0,381000000.0,4879000000.0,342000000.0,7695000000.0,,1090727.0,-428000000.0
2017,45403000000.0,15548000000.0,12708000000.0,3320000000.0,20278000000.0,1000000000.0,1104000000.0,18829000000.0,453000000.0,5858000000.0,404000000.0,8773000000.0,,1090727.0,1494000000.0
2018,50016000000.0,16210000000.0,14087000000.0,4225000000.0,19931000000.0,3021000000.0,453000000.0,,605000000.0,8006000000.0,421000000.0,8958000000.0,,1090727.0,2004000000.0
2019,57857000000.0,17103000000.0,15413000000.0,5238000000.0,21818000000.0,3267000000.0,-106000000.0,,653000000.0,9105000000.0,511000000.0,9552000000.0,,1090727.0,2133000000.0
2020,62408000000.0,20216000000.0,17016000000.0,5910000000.0,22031000000.0,657000000.0,-3347000000.0,,701000000.0,6896000000.0,620000000.0,10750000000.0,,1090727.0,2037000000.0
2021,69405000000.0,24934000000.0,17569000000.0,10255000000.0,19784000000.0,14253000000.0,12890000000.0,,694000000.0,16179000000.0,717000000.0,12541000000.0,,1090727.0,12810000000.0
2022,71124000000.0,22217000000.0,18140000000.0,5602000000.0,17321000000.0,19786000000.0,11548000000.0,,704000000.0,21326000000.0,889000000.0,12583000000.0,,1090727.0,13094000000.0
2023,70857000000.0,19413000000.0,17676000000.0,3206000000.0,,17306000000.0,6708000000.0,,785000000.0,21055000000.0,935000000.0,11216000000.0,,1090727.0,9141000000.0
2024,70070000000.0,19310000000.0,16441000000.0,6112000000.0,,16718000000.0,5782000000.0,,,20882000000.0,826000000.0,10871000000.0,,1090727.0,8468000000.0
2025,73090000000.0,19045000000.0,15620000000.0,5887000000.0,,16227000000.0,5572000000.0,,,20151000000.0,739000000.0,11209000000.0,,1090727.0,7867000000.0
2011,461166.0,241882.0,74187.0,16675.0,,386979.0,118907.0,,-6098.0,-24145738.0,,176651.0,,1091566.0,
2012,15599000000.0,333000000.0,1224000000.0,7000000.0,12808000000.0,149000000.0,-304000000.0,1913000000.0,907000000.0,-1392000000.0,,234000000.0,,1091667.0,206000000.0
2013,17295000000.0,322000000.0,1467000000.0,21000000.0,14181000000.0,151000000.0,-169000000.0,2148000000.0,846000000.0,-1568000000.0,,234000000.0,,1091667.0,246000000.0
2014,24550000000.0,371000000.0,1635000000.0,3000000.0,21023000000.0,146000000.0,-183000000.0,2360000000.0,,-1762000000.0,,285000000.0,,1091667.0,277000000.0
2015,39316000000.0,345000000.0,1972000000.0,5000000.0,35723000000.0,146000000.0,-271000000.0,2512000000.0,,-2061000000.0,,279000000.0,,1091667.0,323000000.0
2016,149067000000.0,3300000000.0,9572000000.0,1535000000.0,59719000000.0,40139000000.0,454000000.0,10275000000.0,,733000000.0,,1432000000.0,,1091667.0,1439000000.0
2019,148188000000.0,6471000000.0,12385000000.0,3483000000.0,75578000000.0,31445000000.0,714000000.0,11761000000.0,,40000000.0,,2227000000.0,,1091667.0,1959000000.0
2020,144206000000.0,3906000000.0,9875000000.0,998000000.0,81744000000.0,23805000000.0,1246000000.0,12624000000.0,,-5195000000.0,,2201000000.0,,1091667.0,2462000000.0
2021,142491000000.0,3566000000.0,12458000000.0,601000000.0,88564000000.0,14050000000.0,4654000000.0,51682000000.0,,-12675000000.0,,2579000000.0,,1091667.0,10526000000.0
2022,144523000000.0,4017000000.0,12065000000.0,645000000.0,96093000000.0,9119000000.0,5055000000.0,54022000000.0,,-14821000000.0,,2921000000.0,,1091667.0,11962000000.0
2023,147193000000.0,4132000000.0,13214000000.0,709000000.0,95777000000.0,11086000000.0,4557000000.0,54607000000.0,,-12260000000.0,,2965000000.0,,1091667.0,12559000000.0
2024,150020000000.0,4233000000.0,13486000000.0,459000000.0,92134000000.0,15587000000.0,5083000000.0,55085000000.0,,-7750000000.0,,3097000000.0,,1091667.0,13118000000.0
2025,154213000000.0,5144000000.0,13306000000.0,477000000.0,94006000000.0,16054000000.0,4987000000.0,54774000000.0,,-5393000000.0,,3680000000.0,,1091667.0,12908000000.0
2012,461934000.0,389462000.0,16272000.0,136654000.0,,442231000.0,-2525000.0,16799000.0,,-1146882000.0,8469000.0,7785000.0,19703000.0,1092367.0,-2960000.0
2013,461934000.0,389462000.0,16272000.0,19824000.0,,27006000.0,-3512000.0,,,-1146882000.0,8469000.0,7785000.0,19703000.0,1092367.0,-12768000.0
2014,,,,19824000.0,,27006000.0,-3512000.0,,,,,,,1092367.0,-12768000.0
2011,11497312.0,11324782.0,23128514.0,849510.0,,-11631202.0,1099885.0,54127742.0,1460930.0,-51595708.0,534000.0,8900508.0,,1092492.0,2624920.0
2012,18164062.0,17864965.0,20029168.0,1875487.0,1600000.0,-6961106.0,824126.0,59656439.0,1134661.0,-47281407.0,330000.0,15198752.0,,1092492.0,913521.0
2012,261674000.0,190714000.0,83345000.0,56717000.0,,112844000.0,16105000.0,,7484000.0,-70279000.0,55296000.0,48313000.0,148830000.0,1092796.0,44916000.0
2013,326989000.0,229566000.0,82593000.0,100487000.0,,181299000.0,25166000.0,,5781000.0,8434000.0,62998000.0,46088000.0,145690000.0,1092796.0,132834000.0
2014,381503000.0,239171000.0,92543000.0,68860000.0,,166823000.0,25056000.0,,12261000.0,97739000.0,86742000.0,55890000.0,214680000.0,1092796.0,150988000.0
2015,494992000.0,197076000.0,81011000.0,42222000.0,,194370000.0,21886000.0,,11330000.0,147352000.0,,55280000.0,300622000.0,1092796.0,89628000.0
2016,619503000.0,333231000.0,122592000.0,191279000.0,,307816000.0,35646000.0,,13704000.0,241310000.0,,57792000.0,311687000.0,1092796.0,158643000.0
2017,788036000.0,318441000.0,151245000.0,61549000.0,,393162000.0,27696000.0,,,369164000.0,,108444000.0,394874000.0,1092796.0,199939000.0
2018,745060000.0,270364000.0,100682000.0,48860000.0,,422148000.0,7664000.0,,,389146000.0,,56676000.0,322912000.0,1092796.0,27048000.0
2019,766789000.0,298684000.0,111283000.0,41015000.0,,444444000.0,9825000.0,175733000.0,,402946000.0,,84907000.0,322345000.0,1092796.0,38056000.0
2020,728961000.0,395851000.0,129971000.0,125398000.0,,387118000.0,-66146000.0,233642000.0,,341716000.0,,93433000.0,341843000.0,1092796.0,-48819000.0
2021,446388000.0,268253000.0,125655000.0,113017000.0,,266384000.0,252049000.0,1059195000.0,,325181000.0,,67442000.0,180004000.0,1092796.0,319632000.0
2022,497476000.0,327597000.0,88949000.0,120728000.0,,360514000.0,194494000.0,864126000.0,,504640000.0,,62695000.0,136962000.0,1092796.0,251653000.0
2023,541294000.0,291920000.0,87213000.0,53556000.0,,384623000.0,36876000.0,479242000.0,,523184000.0,,55153000.0,156671000.0,1092796.0,48407000.0
2024,577996000.0,287878000.0,96700000.0,60839000.0,,398160000.0,39609000.0,535833000.0,,540660000.0,,59071000.0,179836000.0,1092796.0,44779000.0
2025,559612000.0,277265000.0,66640000.0,25231000.0,,372454000.0,13425000.0,474661000.0,,532615000.0,,55868000.0,187158000.0,1092796.0,23884000.0
2026,512766000.0,241403000.0,75367000.0,28190000.0,,376559000.0,18481000.0,523845000.0,,373738000.0,,40014000.0,136207000.0,1092796.0,29211000.0
2011,55655999.0,39494523.0,20079742.0,13856893.0,,29035665.0,-27453954.0,27625942.0,,-754783812.0,10354707.0,13388909.0,26620334.0,1093691.0,-31127101.0
2012,39460002.0,23940698.0,17039200.0,9380059.0,,15030303.0,-8474.0,26108457.0,,-786646266.0,8550457.0,4021725.0,24429699.0,1093691.0,-36671781.0
2013,35355621.0,23713102.0,12603071.0,5026523.0,,-17872150.0,-62790800.0,26601428.0,,-849437066.0,10406320.0,,50856691.0,1093691.0,-28964571.0
2014,205880660.0,192745226.0,25706641.0,146205071.0,,158283119.0,-88487823.0,64229884.0,,-938080766.0,24735601.0,,46444821.0,1093691.0,-37931536.0
2015,209456000.0,131230000.0,42706000.0,63961000.0,,124736000.0,-55690000.0,103288000.0,,-993876000.0,32752000.0,,83567000.0,1093691.0,-24120000.0
2016,240832000.0,110933000.0,66485000.0,46014000.0,20829000.0,85088000.0,-57487000.0,85928000.0,,-1051467000.0,29940000.0,,146122000.0,1093691.0,-11937000.0
2017,270810000.0,119607000.0,115721000.0,24828000.0,13371000.0,73646000.0,-127080000.0,33663000.0,,-1178636000.0,48776000.0,,196455000.0,1093691.0,-17717000.0
2018,390326000.0,155615000.0,146370000.0,38602000.0,133000.0,2713000.0,-78115000.0,174632000.0,,-1260290000.0,47910000.0,,355970000.0,1093691.0,-12919000.0
2019,771184000.0,313340000.0,150791000.0,139496000.0,,134679000.0,-85465000.0,230239000.0,,-1345807000.0,72391000.0,,635355000.0,1093691.0,-7541000.0
2020,2251282000.0,1603196000.0,222366000.0,1312404000.0,,1466919000.0,-596155000.0,-309099000.0,,-1946488000.0,139386000.0,,784363000.0,1093691.0,-477774000.0
2021,5950076000.0,4448525000.0,420553000.0,2481269000.0,,4605696000.0,-459965000.0,502342000.0,43225000.0,-2396903000.0,269163000.0,,1344380000.0,1093691.0,-437324000.0
2022,5764276000.0,3305298000.0,635275000.0,690630000.0,,4060214000.0,-724008000.0,701440000.0,39037000.0,-3120911000.0,645636000.0,,1704062000.0,1093691.0,-679550000.0
2023,4902738000.0,1786965000.0,964800000.0,135033000.0,,2898125000.0,-1368833000.0,891340000.0,45201000.0,-4489744000.0,961253000.0,243811000.0,2004613000.0,1093691.0,-1343523000.0
2024,3602846000.0,1477484000.0,748489000.0,205693000.0,,1734137000.0,-2104701000.0,628814000.0,46622000.0,-6594445000.0,682642000.0,157244000.0,1795090000.0,1093691.0,-2019844000.0
2025,2594568000.0,1410268000.0,610588000.0,368540000.0,,978069000.0,-1631594000.0,709919000.0,65127000.0,-8226039000.0,520968000.0,134758000.0,1591254000.0,1093691.0,-1467385000.0
2011,1405185000.0,,,369713000.0,,316654000.0,20137000.0,1464685000.0,24606000.0,-80726000.0,,,904218000.0,1094831.0,
2012,1638939000.0,,,388409000.0,,334292000.0,23864000.0,1766993000.0,34885000.0,-147452000.0,,,1132688000.0,1094831.0,
2013,2079363000.0,,,716919000.0,,464368000.0,70924000.0,426605000.0,38332000.0,-167923000.0,,,1309698000.0,1094831.0,
2014,2751127000.0,,,648277000.0,,401516000.0,4135000.0,1787490000.0,37945000.0,-268920000.0,,,2109704000.0,1094831.0,
2015,3991454000.0,,,461207000.0,,651123000.0,126788000.0,2575437000.0,69359000.0,-273492000.0,,,2691739000.0,1094831.0,
2016,3508400000.0,,,502024000.0,,841863000.0,102477000.0,2612623000.0,57637000.0,-358526000.0,,,2302085000.0,1094831.0,
2017,5457130000.0,,,634333000.0,1650509000.0,633886000.0,51475000.0,3353356000.0,102504000.0,-859009000.0,,,4270974000.0,1094831.0,
2018,3432757000.0,,,336535000.0,763548000.0,768373000.0,197520000.0,1937810000.0,41733000.0,-1105019000.0,,,2544877000.0,1094831.0,
2019,3916120000.0,,,415379000.0,1142687000.0,685826000.0,55707000.0,2104231000.0,59077000.0,-1241754000.0,,,3148745000.0,1094831.0,
2020,3949300000.0,,,593646000.0,1315935000.0,748939000.0,-2338000.0,479426000.0,21811000.0,-1265504000.0,,,3120397000.0,1094831.0,
2021,3342166000.0,,,553598000.0,1052831000.0,619752000.0,124007000.0,2015364000.0,69329000.0,-1171919000.0,,,2660090000.0,1094831.0,
2022,3074971000.0,,,484989000.0,1049217000.0,669645000.0,48712000.0,1795302000.0,57932000.0,-1138066000.0,,,2326244000.0,1094831.0,
2023,3175937000.0,,,655641000.0,1183506000.0,885083000.0,38775.0,2025401000.0,77231000.0,-1119182000.0,,,2277781000.0,1094831.0,
2024,3591967000.0,,,711584000.0,1337540000.0,898507000.0,123228000.0,2262818000.0,,-1026359000.0,,,2512728000.0,1094831.0,
2025,4411989000.0,,,851502000.0,1775705000.0,972483000.0,154962000.0,2941460000.0,,-910391000.0,,,3266647000.0,1094831.0,
2011,819408000.0,478189000.0,169037000.0,375939000.0,,474348000.0,47024000.0,487113000.0,911000.0,-794967000.0,10134000.0,67626000.0,,1095600.0,65856000.0
2011,,,89188.0,,,-89188.0,-29920.0,,-5977.0,-121388.0,,,,1099574.0,
2012,104500.0,104500.0,713508.0,100000.0,,-609008.0,-622820.0,,-17023.0,-744208.0,,,,1099574.0,
2013,71755.0,458.0,2398932.0,458.0,,-2327177.0,-1720316.0,,-64234.0,,,,,1099574.0,
2014,482935.0,339689.0,1881210.0,286481.0,,-1398275.0,-4907686.0,,88879.0,,,,1881210.0,1099574.0,-4818807.0
2015,297919.0,113517.0,2728614.0,19241.0,,-2481081.0,-4281310.0,,109924.0,-11653520.0,,,2779000.0,1099574.0,-4171386.0
2016,0.0,113517.0,4578042.0,0.0,,-4618066.0,-2977471.0,,159555.0,-14630991.0,,,4618066.0,1099574.0,-2633514.0
2011,334948000.0,97240000.0,41518000.0,44319000.0,,249126000.0,166269000.0,403217000.0,1666000.0,-128077000.0,16497000.0,21616000.0,,1100270.0,25567000.0
2012,341938000.0,134784000.0,46676000.0,66332000.0,,246432000.0,4780000.0,118145000.0,440000.0,-107298000.0,12358000.0,25627000.0,,1100270.0,8450000.0
2013,338546000.0,127487000.0,46408000.0,55748000.0,,265093000.0,14760000.0,112746000.0,135000.0,-73042000.0,16750000.0,25268000.0,,1100270.0,9070000.0
2015,352713000.0,127847000.0,49958000.0,50971000.0,,267786000.0,6546000.0,125367000.0,321000.0,-42982000.0,18194000.0,27799000.0,,1100270.0,9564000.0
2016,342875000.0,99142000.0,49719000.0,50785000.0,,256140000.0,8246000.0,130360000.0,437000.0,-10584000.0,16312000.0,28088000.0,,1100270.0,10723000.0
2011,2118.0,2118.0,1243256.0,2118.0,,-1241138.0,-93020.0,0.0,-81030.0,-32931476.0,,,1243256.0,1100778.0,-11990.0
2012,2606.0,2606.0,1343550.0,2606.0,60000.0,-1340944.0,-99806.0,0.0,-87794.0,-33031282.0,,,1343550.0,1100778.0,-12012.0
2013,2568.0,2568.0,1440351.0,,,-1437783.0,-96839.0,0.0,-88001.0,-33128121.0,,,1440351.0,1100778.0,-8838.0
2014,1004.0,1004.0,1553545.0,1004.0,,-1552541.0,-114758.0,0.0,-89436.0,-33242879.0,,,1553545.0,1100778.0,-25322.0
2015,0.0,0.0,1720745.0,0.0,,-1720745.0,-168204.0,0.0,93126.0,-33411083.0,,,1720745.0,1100778.0,-75078.0
2016,0.0,0.0,1865702.0,0.0,,-1865702.0,-144957.0,0.0,-95437.0,-33556040.0,,,1865702.0,1100778.0,-49520.0
2017,1000000.0,,630355.0,,,369645.0,-37898285.0,,592824.0,-71454325.0,,,,1100778.0,-39195399.0
2018,4236190.0,3217175.0,257632.0,,,1259139.0,-3409801.0,2301939.0,40993.0,-74968545.0,,400182.0,,1100778.0,-3367803.0
2011,80732000.0,79853000.0,36826000.0,18190000.0,,39527000.0,-11726000.0,,44000.0,-1032131000.0,27393000.0,31598000.0,41205000.0,1101680.0,-11736000.0
2012,61724000.0,60933000.0,26065000.0,11119000.0,,31940000.0,699000.0,,102000.0,-1041146000.0,21404000.0,25820000.0,29784000.0,1101680.0,805000.0
2013,71817000.0,70845000.0,31554000.0,15686000.0,,37559000.0,1432000.0,,,-1036832000.0,19562000.0,33328000.0,34258000.0,1101680.0,1394000.0
2014,65712000.0,64292000.0,29388000.0,11528000.0,,34343000.0,-2097000.0,,,-1040963000.0,19985000.0,29916000.0,31369000.0,1101680.0,-2092000.0
2015,56645000.0,55038000.0,20795000.0,10113000.0,,34157000.0,403000.0,,,-1042980000.0,14802000.0,28209000.0,22488000.0,1101680.0,558000.0
2016,145447000.0,124573000.0,67754000.0,17893000.0,,66452000.0,-6260000.0,,,-19923000.0,31032000.0,38324000.0,78579000.0,1101680.0,-3429000.0
2017,159127000.0,133309000.0,71023000.0,17475000.0,,73233000.0,4227000.0,,,-18852000.0,25344000.0,48257000.0,85360000.0,1101680.0,2393000.0
2018,190007000.0,168751000.0,93471000.0,27709000.0,,77239000.0,2767000.0,282348000.0,,-15777000.0,33868000.0,,112153000.0,1101680.0,7180000.0
2019,246147000.0,194686000.0,79801000.0,28747000.0,19033000.0,106548000.0,-13457000.0,306882000.0,,-29234000.0,35439000.0,,139599000.0,1101680.0,-7029000.0
2020,252230000.0,211923000.0,88638000.0,45219000.0,29754000.0,93579000.0,-23082000.0,300640000.0,,-52316000.0,39572000.0,,158651000.0,1101680.0,-12525000.0
2021,257668000.0,214976000.0,90478000.0,46666000.0,29754000.0,131907000.0,-34683000.0,350206000.0,,-86999000.0,56893000.0,,125761000.0,1101680.0,-32252000.0
2022,373161000.0,291205000.0,201547000.0,34347000.0,,138582000.0,-41270000.0,357528000.0,,-128670000.0,94288000.0,,234579000.0,1101680.0,-37027000.0
2023,249381000.0,196368000.0,165811000.0,18957000.0,37908000.0,22559000.0,-135218000.0,244541000.0,,-263888000.0,82227000.0,,226822000.0,1101680.0,-128989000.0
2009,66714000000.0,12454000000.0,11491000000.0,2101000000.0,,25876000000.0,3021000000.0,40386000000.0,,14636000000.0,3775000000.0,,40742000000.0,1103982.0,5524000000.0
2010,95289000000.0,16221000000.0,15660000000.0,2481000000.0,26859000000.0,35834000000.0,4114000000.0,49207000000.0,,16619000000.0,5310000000.0,,59347000000.0,1103982.0,5666000000.0
2011,93837000000.0,16202000000.0,18445000000.0,1974000000.0,23095000000.0,35217000000.0,830000000.0,14688000000.0,,18012000000.0,5706000000.0,,58509000000.0,1103982.0,6657000000.0
2012,75478000000.0,15622000000.0,14873000000.0,4475000000.0,,32215000000.0,534000000.0,9495000000.0,,10457000000.0,3741000000.0,,43123000000.0,1103982.0,3637000000.0
2013,72557000000.0,13216000000.0,14396000000.0,,,32373000000.0,1766000000.0,9488000000.0,,13419000000.0,3743000000.0,,40025000000.0,1103982.0,3971000000.0
2014,66815000000.0,11750000000.0,14007000000.0,,,27750000000.0,500000000.0,8830000000.0,,14529000000.0,3480000000.0,3802000000.0,38962000000.0,1103982.0,3242000000.0
2015,62843000000.0,8958000000.0,10922000000.0,,,28012000000.0,-729000000.0,7364000000.0,,20700000000.0,2609000000.0,2634000000.0,34743000000.0,1103982.0,8897000000.0
2016,61538000000.0,8480000000.0,14417000000.0,,,25161000000.0,93000000.0,6770000000.0,,21149000000.0,2469000000.0,2611000000.0,36323000000.0,1103982.0,2569000000.0
2017,63109000000.0,7520000000.0,15793000000.0,,,26111000000.0,802000000.0,6966000000.0,,22749000000.0,2557000000.0,2691000000.0,36918000000.0,1103982.0,3506000000.0
2018,62729000000.0,7604000000.0,16737000000.0,,,25637000000.0,823000000.0,6773000000.0,,24491000000.0,2592000000.0,2262000000.0,37016000000.0,1103982.0,3312000000.0
2019,64549000000.0,7630000000.0,15322000000.0,,,27275000000.0,726000000.0,6913000000.0,,26653000000.0,2546000000.0,2212000000.0,37198000000.0,1103982.0,3843000000.0
2020,67810000000.0,9979000000.0,15159000000.0,,,27578000000.0,1156000000.0,7298000000.0,,28402000000.0,2647000000.0,2297000000.0,40156000000.0,1103982.0,3853000000.0
2021,67092000000.0,10342000000.0,14008000000.0,,,28269000000.0,4300000000.0,28720000000.0,,30806000000.0,2708000000.0,2337000000.0,38769000000.0,1103982.0,4653000000.0
2022,71161000000.0,10091000000.0,16731000000.0,,,26883000000.0,2717000000.0,31496000000.0,,31481000000.0,3381000000.0,3088000000.0,44241000000.0,1103982.0,3534000000.0
2023,71391000000.0,11703000000.0,19013000000.0,,,28332000000.0,4959000000.0,36016000000.0,,34236000000.0,3615000000.0,3634000000.0,43025000000.0,1103982.0,5502000000.0
2024,68497000000.0,13242000000.0,19549000000.0,,,26932000000.0,4611000000.0,36441000000.0,,36476000000.0,3827000000.0,3874000000.0,41539000000.0,1103982.0,6345000000.0
2025,71487000000.0,12951000000.0,21864000000.0,,,25838000000.0,2451000000.0,38537000000.0,,36413000000.0,4419000000.0,3903000000.0,45596000000.0,1103982.0,3548000000.0
2009,65730000000.0,13007000000.0,8765000000.0,4800000000.0,,33383000000.0,2468000000.0,25785000000.0,,-97148000000.0,1779000000.0,,,1105705.0,4545000000.0
2010,66524000000.0,13138000000.0,8643000000.0,3663000000.0,,32940000000.0,2578000000.0,26888000000.0,1277000000.0,-94557000000.0,1920000000.0,,,1105705.0,5428000000.0
2011,67801000000.0,13432000000.0,8922000000.0,3476000000.0,,29957000000.0,2886000000.0,28974000000.0,1321000000.0,-91671000000.0,1890000000.0,,,1105705.0,5805000000.0
2012,68304000000.0,13288000000.0,9829000000.0,2841000000.0,,29877000000.0,3019000000.0,28729000000.0,1360000000.0,-88652000000.0,2060000000.0,,,1105705.0,5918000000.0
2013,67994000000.0,12844000000.0,8383000000.0,1862000000.0,,29904000000.0,3691000000.0,29795000000.0,1283000000.0,-85041000000.0,2028000000.0,,,1105705.0,6605000000.0
2014,63259000000.0,13180000000.0,9204000000.0,2618000000.0,,24476000000.0,3827000000.0,27359000000.0,1353000000.0,-81214000000.0,1700000000.0,,,1105705.0,5975000000.0
2015,63848000000.0,12513000000.0,8002000000.0,2155000000.0,,,3833000000.0,28118000000.0,1382000000.0,-77381000000.0,1753000000.0,,,1105705.0,6865000000.0
2016,65966000000.0,13485000000.0,9703000000.0,1539000000.0,,24335000000.0,3926000000.0,29318000000.0,1388000000.0,-73455000000.0,2062000000.0,,,1105705.0,7547000000.0
2017,69209000000.0,15219000000.0,14077000000.0,2621000000.0,,28375000000.0,5247000000.0,31271000000.0,1214000000.0,-68208000000.0,2401000000.0,,,1105705.0,7920000000.0
2011,3161688.0,17928.0,405236.0,13871.0,,2756452.0,-485031.0,6873.0,,-11890719.0,0.0,4057.0,,1108645.0,-338904.0
2012,33623294.0,6746244.0,22197591.0,67824.0,2225570.0,4491785.0,42414.0,16375629.0,944163.0,-18127139.0,320731.0,3920008.0,29131509.0,1108645.0,-4834160.0
2013,23225051.0,3947419.0,17381494.0,52120.0,1656231.0,4187326.0,-8735054.0,30208968.0,1840982.0,-27470966.0,214969.0,1536084.0,19037725.0,1108645.0,-6206438.0
2014,16092283.0,1572083.0,14624211.0,114698.0,1594795.0,-126723.0,-5285366.0,16080914.0,1823322.0,-32802515.0,197551.0,930841.0,16219006.0,1108645.0,-2636683.0
2015,6827462.0,854334.0,12838015.0,22400.0,60273.0,-6070826.0,-6027313.0,3816060.0,1259594.0,-38878922.0,947.0,210346.0,12898288.0,1108645.0,-7681646.0
2016,4753031.0,226279.0,12375684.0,20253.0,60273.0,-7622653.0,-1787527.0,1278527.0,1112649.0,-40666449.0,947.0,73836.0,12375684.0,1108645.0,-772893.0
2017,3762116.0,116531.0,10756892.0,17156.0,,-6994776.0,-1385669.0,1136697.0,871260.0,-42052118.0,,69962.0,10756892.0,1108645.0,-1039931.0
2018,3171524.0,101211.0,10696039.0,26158.0,,-7524515.0,-886295.0,,439305.0,-42938413.0,,75053.0,10696039.0,1108645.0,-885586.0
2019,72575.0,70273.0,161091.0,26158.0,,-88516.0,-4154634.0,,904983.0,-47093047.0,,70273.0,161091.0,1108645.0,-3835466.0
2020,1699.0,1699.0,277241.0,1699.0,,-275542.0,-106182.0,,,-285542.0,,,,1108645.0,-116182.0
2021,1457097.0,292996.0,1004277.0,252189.0,,432420.0,-90249.0,,15000.0,-1105518.0,,40807.0,1024677.0,1108645.0,-75249.0
2022,2256955.0,1176446.0,4718034.0,96308.0,344595.0,-2805674.0,-7162908.0,3403648.0,198845.0,-8268426.0,,0.0,5062629.0,1108645.0,-5717158.0
2023,4560690.0,2885421.0,6805036.0,,,-3179653.0,-12788399.0,7562982.0,656655.0,-21056825.0,,,7740343.0,1108645.0,-6216785.0
2011,1710500000.0,1194100000.0,755800000.0,246000000.0,,621500000.0,,475100000.0,7300000.0,441500000.0,576200000.0,282800000.0,,1109354.0,53700000.0
2012,1856400000.0,1309700000.0,681800000.0,310600000.0,,706600000.0,12800000.0,517300000.0,14300000.0,519000000.0,611500000.0,289300000.0,,1109354.0,39200000.0
2013,1988300000.0,1431900000.0,648600000.0,438700000.0,,846100000.0,35200000.0,552100000.0,13400000.0,599100000.0,589800000.0,307600000.0,,1109354.0,61000000.0
2014,1864800000.0,1366300000.0,582700000.0,319500000.0,,765900000.0,26100000.0,508000000.0,13300000.0,655800000.0,477400000.0,293200000.0,,1109354.0,44500000.0
2015,1730900000.0,1231600000.0,554600000.0,267100000.0,,726100000.0,61400000.0,478200000.0,13000000.0,757400000.0,422000000.0,234700000.0,,1109354.0,70700000.0
2016,1808400000.0,1275900000.0,524700000.0,342400000.0,,686400000.0,69000000.0,470300000.0,13200000.0,885200000.0,440400000.0,243900000.0,,1109354.0,76900000.0
2017,1948500000.0,1358800000.0,524500000.0,325000000.0,,725400000.0,-3400000.0,530500000.0,15400000.0,942000000.0,486200000.0,319300000.0,,1109354.0,93700000.0
2018,2128600000.0,1304300000.0,599300000.0,322400000.0,,896600000.0,78100000.0,553600000.0,12600000.0,1102500000.0,509600000.0,357200000.0,,1109354.0,106400000.0
2019,2771500000.0,1796300000.0,645600000.0,678300000.0,812800000.0,906800000.0,68600000.0,,16000000.0,1274700000.0,577200000.0,362200000.0,,1109354.0,117700000.0
2020,3049000000.0,1925000000.0,791900000.0,681800000.0,842300000.0,961200000.0,157800000.0,,14400000.0,1406500000.0,692300000.0,335300000.0,,1109354.0,248300000.0
2021,3650000000.0,2471800000.0,938500000.0,1068200000.0,1221800000.0,1070500000.0,277100000.0,,14300000.0,1659500000.0,710100000.0,416900000.0,,1109354.0,413300000.0
2022,3611800000.0,2113200000.0,914300000.0,645500000.0,1200500000.0,1113800000.0,296600000.0,,16100000.0,1926000000.0,800100000.0,472700000.0,,1109354.0,432700000.0
2023,4249900000.0,2164200000.0,1202100000.0,488300000.0,1160300000.0,1377200000.0,427200000.0,,16400000.0,2323800000.0,968300000.0,492000000.0,2836600000.0,1109354.0,436900000.0
2024,5806700000.0,2053200000.0,1281300000.0,183400000.0,2061800000.0,1781200000.0,113100000.0,,,2406700000.0,1067800000.0,565500000.0,3991500000.0,1109354.0,253100000.0
2025,6241400000.0,2212500000.0,1279200000.0,298800000.0,1852500000.0,2456500000.0,-8600000.0,,,2361800000.0,1094600000.0,544900000.0,3731100000.0,1109354.0,68200000.0
2010,52240000000.0,6398000000.0,4240000000.0,1612000000.0,11614000000.0,13560000000.0,524000000.0,4494000000.0,792000000.0,9304000000.0,,1932000000.0,38590000000.0,1109357.0,939000000.0
2011,55092000000.0,5489000000.0,4989000000.0,1016000000.0,11799000000.0,14385000000.0,606000000.0,3991000000.0,701000000.0,10055000000.0,,1613000000.0,40617000000.0,1109357.0,1062000000.0
2012,78554000000.0,10133000000.0,7784000000.0,1486000000.0,17190000000.0,21431000000.0,378000000.0,6284000000.0,903000000.0,9893000000.0,,2787000000.0,56737000000.0,1109357.0,704000000.0
2013,79924000000.0,10137000000.0,7728000000.0,1609000000.0,17325000000.0,22732000000.0,,6163000000.0,1315000000.0,10358000000.0,,2721000000.0,56984000000.0,1109357.0,3656000000.0
2014,86814000000.0,12097000000.0,8762000000.0,1878000000.0,19362000000.0,22608000000.0,,7255000000.0,1024000000.0,10910000000.0,,3482000000.0,62681000000.0,1109357.0,3096000000.0
2015,95384000000.0,15334000000.0,9118000000.0,6502000000.0,23645000000.0,25793000000.0,,6702000000.0,992000000.0,12068000000.0,,3187000000.0,68062000000.0,1109357.0,4409000000.0
2016,114904000000.0,12412000000.0,13457000000.0,635000000.0,31575000000.0,25837000000.0,,7875000000.0,1495000000.0,12030000000.0,,4158000000.0,87292000000.0,1109357.0,714000000.0
2017,116700000000.0,11834000000.0,10796000000.0,898000000.0,32176000000.0,29857000000.0,,8381000000.0,1524000000.0,13503000000.0,,4401000000.0,84568000000.0,1109357.0,1258000000.0
2018,119666000000.0,13360000000.0,11404000000.0,1349000000.0,34075000000.0,30764000000.0,,8814000000.0,1529000000.0,14766000000.0,,4607000000.0,86596000000.0,1109357.0,708000000.0
2019,124977000000.0,12037000000.0,14185000000.0,587000000.0,31329000000.0,32224000000.0,,8343000000.0,1591000000.0,16267000000.0,,4592000000.0,90404000000.0,1109357.0,962000000.0
2020,129317000000.0,12562000000.0,12771000000.0,663000000.0,35093000000.0,32585000000.0,,33039000000.0,1610000000.0,16735000000.0,,3231000000.0,94449000000.0,1109357.0,2823000000.0
2021,133013000000.0,13957000000.0,16111000000.0,1182000000.0,35324000000.0,34393000000.0,,36347000000.0,,16942000000.0,,3538000000.0,98218000000.0,1109357.0,2723000000.0
2022,95349000000.0,7336000000.0,10611000000.0,407000000.0,35272000000.0,24744000000.0,,19078000000.0,,4597000000.0,,2217000000.0,70605000000.0,1109357.0,3315000000.0
2023,101546000000.0,7777000000.0,9591000000.0,445000000.0,,25755000000.0,,21727000000.0,,5490000000.0,,2342000000.0,75791000000.0,1109357.0,4023000000.0
2024,107784000000.0,8384000000.0,9611000000.0,357000000.0,,26921000000.0,,23028000000.0,,6426000000.0,,2738000000.0,80863000000.0,1109357.0,4319000000.0
2025,116570000000.0,9546000000.0,10331000000.0,626000000.0,,28798000000.0,,24258000000.0,,7577000000.0,,3297000000.0,87772000000.0,1109357.0,5148000000.0
2010,17852000000.0,7050000000.0,3556000000.0,1485000000.0,1862000000.0,10069000000.0,-143000000.0,1953000000.0,162000000.0,3178000000.0,2649000000.0,1590000000.0,,1110783.0,1603000000.0
2011,19844000000.0,8809000000.0,4729000000.0,2572000000.0,1543000000.0,11545000000.0,-112000000.0,2247000000.0,162000000.0,4174000000.0,2591000000.0,2117000000.0,,1110783.0,2502000000.0
2012,20224000000.0,9658000000.0,4221000000.0,3283000000.0,2038000000.0,11833000000.0,-229000000.0,2098000000.0,191000000.0,5537000000.0,2839000000.0,1897000000.0,,1110783.0,3148000000.0
2013,20664000000.0,10077000000.0,4336000000.0,3668000000.0,2061000000.0,12559000000.0,-249000000.0,2202000000.0,172000000.0,7188000000.0,2947000000.0,1715000000.0,,1110783.0,3570000000.0
2014,21981000000.0,9675000000.0,5112000000.0,2367000000.0,7528000000.0,7875000000.0,-156000000.0,2630000000.0,248000000.0,9012000000.0,3597000000.0,2014000000.0,,1110783.0,4075000000.0
2015,21920000000.0,10625000000.0,5177000000.0,3701000000.0,8429000000.0,6990000000.0,-495000000.0,2355000000.0,433000000.0,10374000000.0,3496000000.0,1636000000.0,,1110783.0,3523000000.0
2016,19736000000.0,8157000000.0,6729000000.0,1676000000.0,7453000000.0,4534000000.0,-191000000.0,2562000000.0,436000000.0,10763000000.0,3241000000.0,1926000000.0,,1110783.0,2375000000.0
2017,21333000000.0,8651000000.0,6398000000.0,1856000000.0,7254000000.0,6438000000.0,20000000.0,2686000000.0,452000000.0,12072000000.0,3340000000.0,2161000000.0,,1110783.0,3212000000.0
2012,33011000.0,21831000.0,9904000.0,11374000.0,167000.0,21932000.0,-3040000.0,,97000.0,-181517000.0,5955000.0,2674000.0,11079000.0,1114925.0,-2788000.0
2013,29359000.0,17621000.0,9099000.0,5243000.0,167000.0,19957000.0,-2769000.0,,59000.0,-184286000.0,8741000.0,2599000.0,9402000.0,1114925.0,-2638000.0
2014,30682000.0,19182000.0,10378000.0,6264000.0,,20166000.0,-933000.0,,28000.0,-185219000.0,8404000.0,3631000.0,10516000.0,1114925.0,-816000.0
2015,29413000.0,17919000.0,10472000.0,4989000.0,,18709000.0,-2771000.0,,17000.0,-187990000.0,9503000.0,2658000.0,10704000.0,1114925.0,-2666000.0
2016,27779000.0,16659000.0,7598000.0,5962000.0,,19718000.0,-1962000.0,,32000.0,-189952000.0,6584000.0,3164000.0,8061000.0,1114925.0,-1928000.0
2017,30132000.0,19380000.0,8989000.0,8073000.0,,20688000.0,-277000.0,,23000.0,-190235000.0,6959000.0,3432000.0,9444000.0,1114925.0,-183000.0
2018,33855000.0,23270000.0,9726000.0,9568000.0,,23813000.0,680000.0,45580000.0,18000.0,-189555000.0,8439000.0,4244000.0,10042000.0,1114925.0,804000.0
2019,48944000.0,38190000.0,11472000.0,18282000.0,,37266000.0,-408000.0,46890000.0,,-189381000.0,10509000.0,7388000.0,11678000.0,1114925.0,-488000.0
2020,67933000.0,34510000.0,15769000.0,7691000.0,3682000.0,46520000.0,-10738000.0,,239000.0,-200119000.0,13781000.0,11411000.0,21413000.0,1114925.0,-10538000.0
2021,72566000.0,43153000.0,22864000.0,9739000.0,2210000.0,46096000.0,-4044000.0,,278000.0,-204163000.0,15059000.0,13515000.0,26470000.0,1114925.0,-3337000.0
2022,137374000.0,90033000.0,35521000.0,17221000.0,14274000.0,79896000.0,-5362000.0,129655000.0,,-209525000.0,37679000.0,26262000.0,57478000.0,1114925.0,-5011000.0
2023,151624000.0,96551000.0,46388000.0,13452000.0,16221000.0,77556000.0,-8980000.0,,,-218505000.0,49736000.0,27682000.0,74068000.0,1114925.0,-6674000.0
2024,136208000.0,88950000.0,30156000.0,26237000.0,13219000.0,81355000.0,-4516000.0,,,-223021000.0,27698000.0,31279000.0,54853000.0,1114925.0,-2862000.0
2025,123722000.0,77393000.0,30422000.0,20098000.0,8684000.0,74378000.0,-11373000.0,122923000.0,,-234394000.0,26371000.0,25092000.0,49344000.0,1114925.0,-11001000.0
2010,1905500000.0,668300000.0,927700000.0,78500000.0,972000000.0,-654400000.0,252100000.0,1676600000.0,46000000.0,2012700000.0,,504300000.0,2551100000.0,1115222.0,409100000.0
2011,1977100000.0,726900000.0,953500000.0,84400000.0,963900000.0,-743900000.0,93500000.0,498700000.0,37000000.0,2179300000.0,,507500000.0,2717300000.0,1115222.0,145100000.0
2012,1991800000.0,747400000.0,876700000.0,149100000.0,,-1017400000.0,96000000.0,463100000.0,39500000.0,2405500000.0,,514300000.0,3006100000.0,1115222.0,158700000.0
2013,1890300000.0,822400000.0,852300000.0,235900000.0,,-1048400000.0,75300000.0,476700000.0,40700000.0,2600900000.0,,518500000.0,2932600000.0,1115222.0,134900000.0
2014,1986200000.0,935900000.0,1158900000.0,319400000.0,,-1203300000.0,91700000.0,489800000.0,43300000.0,2831100000.0,,527100000.0,3180800000.0,1115222.0,157400000.0
2015,2273600000.0,959600000.0,959200000.0,365700000.0,,-1116800000.0,76700000.0,499300000.0,51000000.0,2932800000.0,,523500000.0,3378900000.0,1115222.0,128700000.0
2016,2209200000.0,944400000.0,1010000000.0,352600000.0,,-1002000000.0,78000000.0,517100000.0,53100000.0,2959600000.0,,543600000.0,3197000000.0,1115222.0,162700000.0
2017,2480900000.0,1093700000.0,1052400000.0,442400000.0,,-827300000.0,26200000.0,527000000.0,59700000.0,3176300000.0,,596800000.0,3292100000.0,1115222.0,170400000.0
2011,634467000.0,304709000.0,74164000.0,42729000.0,,344362000.0,23775000.0,308356000.0,7200000.0,63962000.0,27239000.0,65357000.0,290105000.0,1120295.0,32195000.0
2012,819249000.0,358044000.0,130735000.0,47508000.0,,447498000.0,3653000.0,125469000.0,7215000.0,117296000.0,37220000.0,103523000.0,371751000.0,1120295.0,24327000.0
2013,894464000.0,284518000.0,161976000.0,34189000.0,,499112000.0,-3069000.0,120629000.0,7771000.0,129166000.0,47136000.0,109590000.0,395352000.0,1120295.0,12304000.0
2014,869911000.0,317585000.0,362343000.0,46394000.0,,481091000.0,286000.0,127206000.0,8266000.0,87574000.0,44826000.0,99528000.0,388820000.0,1120295.0,-44407000.0
2015,779877000.0,266581000.0,196856000.0,52472000.0,,519011000.0,5751000.0,138478000.0,8331000.0,93525000.0,33289000.0,121932000.0,260866000.0,1120295.0,23046000.0
2016,757567000.0,304773000.0,169939000.0,71759000.0,,511537000.0,-37520000.0,128163000.0,1930000.0,59614000.0,28657000.0,103395000.0,246030000.0,1120295.0,18409000.0
2011,276983808.0,24396224.0,32171346.0,9622883.0,,190757311.0,15261932.0,124221526.0,771916.0,,1938754.0,2997845.0,86226497.0,1120830.0,20855808.0
2012,288500809.0,24748441.0,79498850.0,10857456.0,4761000.0,204240959.0,11200514.0,145281288.0,1248842.0,,2473933.0,2148379.0,84259850.0,1120830.0,19813960.0
2010,3015999000.0,1100004000.0,554175000.0,96350000.0,,1627906000.0,168018000.0,,16274000.0,1128133000.0,501435000.0,478739000.0,1387066000.0,1121484.0,255582000.0
2011,3703641000.0,1489659000.0,474949000.0,71721000.0,,1962156000.0,94282000.0,,57506000.0,1450586000.0,653698000.0,732240000.0,1740369000.0,1121484.0,507523000.0
2012,4439962000.0,1826092000.0,518532000.0,253172000.0,,2464405000.0,98519000.0,,68922000.0,1899195000.0,701496000.0,832785000.0,1974162000.0,1121484.0,683780000.0
2013,4131261000.0,1525907000.0,373836000.0,599306000.0,,2623417000.0,421258000.0,2670163000.0,75902000.0,2320453000.0,266552000.0,620333000.0,1505967000.0,1121484.0,512294000.0
2014,1809612000.0,826666000.0,271412000.0,53263000.0,,1340657000.0,179003000.0,1819609000.0,17173000.0,1151266000.0,232490000.0,497124000.0,468955000.0,1121484.0,310255000.0
2015,1599138000.0,611473000.0,154200000.0,35973000.0,,1255672000.0,28597000.0,1099977000.0,6427000.0,1179863000.0,212882000.0,333494000.0,343466000.0,1121484.0,55006000.0
2016,1383898000.0,489977000.0,107232000.0,68800000.0,,1204307000.0,-46390000.0,694444000.0,5343000.0,1133473000.0,175490000.0,234513000.0,179591000.0,1121484.0,-69283000.0
2017,1301511000.0,455937000.0,115270000.0,53459000.0,,1132713000.0,-84850000.0,670627000.0,4674000.0,1048623000.0,168285000.0,216139000.0,168798000.0,1121484.0,-73872000.0
2018,2003821000.0,534031000.0,181034000.0,19316000.0,306177000.0,1439768000.0,-19105000.0,1088133000.0,19314000.0,1029518000.0,209393000.0,283607000.0,564053000.0,1121484.0,-5876000.0
2019,1727867000.0,483429000.0,183071000.0,8493000.0,222552000.0,1223967000.0,-231808000.0,,17898000.0,797710000.0,221342000.0,233487000.0,503900000.0,1121484.0,-228180000.0
2020,1152260000.0,423593000.0,162132000.0,72011000.0,165759000.0,757631000.0,-468383000.0,,14259000.0,329327000.0,170376000.0,163135000.0,394629000.0,1121484.0,-534340000.0
2021,1085748000.0,426727000.0,177287000.0,52852000.0,,695826000.0,-63993000.0,,10328000.0,281567000.0,168573000.0,186080000.0,389922000.0,1121484.0,-64792000.0
2022,1064392000.0,462762000.0,193676000.0,42018000.0,,689558000.0,-9540000.0,,10571000.0,272027000.0,182658000.0,218769000.0,374834000.0,1121484.0,2905000.0
2023,1046486000.0,487997000.0,157270000.0,47111000.0,,709545000.0,12891000.0,,9570000.0,284918000.0,202027000.0,203211000.0,336941000.0,1121484.0,23164000.0
2024,1005108000.0,498226000.0,157703000.0,65363000.0,,680654000.0,-11258000.0,,,273660000.0,214836000.0,194336000.0,324454000.0,1121484.0,-1689000.0
2025,883431000.0,495291000.0,266180000.0,69914000.0,,573191000.0,-109377000.0,,,164283000.0,183409000.0,202445000.0,310240000.0,1121484.0,-97971000.0
2010,6797319000.0,4297655000.0,1789152000.0,1628965000.0,,3808443000.0,357439000.0,2857343000.0,,828670000.0,,614726000.0,2988876000.0,1124610.0,427993000.0
2011,8680808000.0,5677772000.0,2401506000.0,1955756000.0,,4770282000.0,200400000.0,1060300000.0,,1552606000.0,,882857000.0,3910526000.0,1124610.0,735171000.0
2012,10596392000.0,6120039000.0,2960234000.0,1609322000.0,,5739981000.0,205800000.0,1293200000.0,,2298308000.0,,1150906000.0,4856411000.0,1124610.0,871943000.0
2013,12327000000.0,7681000000.0,3293000000.0,2305000000.0,,6816000000.0,335000000.0,1483000000.0,,3312000000.0,,1220000000.0,5511000000.0,1124610.0,1093000000.0
2014,15216000000.0,9130000000.0,3996000000.0,2071000000.0,,7581000000.0,326000000.0,1703000000.0,,4198000000.0,,1520000000.0,7630000000.0,1124610.0,1027000000.0
2015,15746000000.0,9360000000.0,4129000000.0,2493000000.0,,7919000000.0,373000000.0,1868000000.0,,5195000000.0,,1633000000.0,7823000000.0,1124610.0,1197000000.0
2018,20622000000.0,13734000000.0,5033000000.0,5971000000.0,3964000000.0,7776000000.0,-440000000.0,2309000000.0,74000000.0,6943000000.0,,1312000000.0,12846000000.0,1124610.0,1689000000.0
2019,14662000000.0,5651000000.0,5696000000.0,2830000000.0,3972000000.0,551000000.0,502000000.0,,134000000.0,14000000.0,,1576000000.0,14111000000.0,1124610.0,2050000000.0
2020,26294000000.0,6691000000.0,10324000000.0,2915000000.0,2731000000.0,7009000000.0,321000000.0,,149000000.0,5009000000.0,,1883000000.0,19285000000.0,1124610.0,1441000000.0
2021,29016000000.0,8612000000.0,8386000000.0,4692000000.0,4717000000.0,9051000000.0,2058000000.0,,204000000.0,7067000000.0,,1929000000.0,19965000000.0,1124610.0,2388000000.0
2022,28676000000.0,7966000000.0,9651000000.0,3614000000.0,12671000000.0,-876000000.0,1820000000.0,,252000000.0,-875000000.0,,2297000000.0,29552000000.0,1124610.0,2387000000.0
2023,31237000000.0,10231000000.0,12391000000.0,5100000000.0,9440000000.0,1534000000.0,1314000000.0,,304000000.0,439000000.0,,2510000000.0,29703000000.0,1124610.0,2022000000.0
2011,21439900000.0,,,194300000.0,426900000.0,1126200000.0,8100000.0,1849700000.0,,-1155400000.0,,,20313700000.0,1129633.0,
2012,21629800000.0,,,246400000.0,378800000.0,510500000.0,-168500000.0,1789200000.0,,-1697200000.0,,,21119300000.0,1129633.0,
2013,21624600000.0,,,496400000.0,378800000.0,573000000.0,128400000.0,463700000.0,,-1692100000.0,,,21040900000.0,1129633.0,
2014,21745900000.0,,,450000000.0,378900000.0,326600000.0,-140300000.0,440400000.0,,-1889000000.0,,,21399300000.0,1129633.0,
2015,21091900000.0,,,627300000.0,378900000.0,161200000.0,-21400000.0,430300000.0,28300000.0,-2022700000.0,,,20918100000.0,1129633.0,
2009,3509500000.0,2225600000.0,1678500000.0,460700000.0,391600000.0,1102800000.0,361800000.0,4405400000.0,11900000.0,1438900000.0,591800000.0,,,1135152.0,
2010,3644200000.0,2345300000.0,1495400000.0,315500000.0,351100000.0,1311700000.0,375500000.0,,11100000.0,1814900000.0,566500000.0,,,1135152.0,
2011,4271000000.0,2787900000.0,2232900000.0,344000000.0,36000000.0,1424600000.0,99200000.0,,11000000.0,2214700000.0,712200000.0,,,1135152.0,619300000.0
2012,5902900000.0,3488300000.0,1970400000.0,342100000.0,1580400000.0,1836900000.0,120400000.0,,26200000.0,2644700000.0,965100000.0,1765500000.0,,1135152.0,784700000.0
2013,6605600000.0,4023000000.0,2614700000.0,399100000.0,,2317200000.0,177800000.0,,34400000.0,3146100000.0,980400000.0,2067200000.0,,1135152.0,879600000.0
2014,7175600000.0,4436400000.0,2783600000.0,638800000.0,,2456300000.0,168600000.0,,33600000.0,3844300000.0,1021200000.0,2127000000.0,,1135152.0,1193400000.0
2015,6437900000.0,3948700000.0,2343300000.0,916200000.0,,2511800000.0,55600000.0,,33100000.0,4237400000.0,744600000.0,1522400000.0,,1135152.0,694200000.0
2011,2390998000.0,393837000.0,272657000.0,187111000.0,680009000.0,1137512000.0,,1398216000.0,,668749000.0,,93213000.0,,1135185.0,151100000.0
2012,3152685000.0,632995000.0,328016000.0,409763000.0,1149282000.0,1284261000.0,,1646032000.0,,798676000.0,,127704000.0,,1135185.0,226491000.0
2013,3718259000.0,593953000.0,417145000.0,321816000.0,1539139000.0,1317773000.0,,1656900000.0,,892513000.0,,132159000.0,,1135185.0,186790000.0
2014,4101620000.0,606104000.0,484798000.0,298601000.0,1782744000.0,1417795000.0,,1799198000.0,,999270000.0,,162092000.0,,1135185.0,175972000.0
2015,4164403000.0,651937000.0,548227000.0,425950000.0,1739496000.0,1454183000.0,,1822659000.0,,1006556000.0,,164308000.0,,1135185.0,123505000.0
2016,4247379000.0,358070000.0,565178000.0,123890000.0,1666663000.0,1517338000.0,,1839627000.0,,1048072000.0,,166486000.0,,1135185.0,168311000.0
2017,4955462000.0,587586000.0,738596000.0,280809000.0,,1789856000.0,223473000.0,2156460000.0,,1271545000.0,,194478000.0,,1135185.0,241974000.0
2018,5534792000.0,629831000.0,817733000.0,221501000.0,,2067964000.0,270567000.0,2677724000.0,,1539956000.0,,269320000.0,,1135185.0,283542000.0
2019,5385641000.0,632531000.0,1099162000.0,103029000.0,1955277000.0,1792179000.0,-293113000.0,2739189000.0,,1246843000.0,,290119000.0,,1135185.0,-460971000.0
2020,6029188000.0,1217721000.0,1147186000.0,845589000.0,1991469000.0,2261539000.0,360286000.0,3211116000.0,,1607129000.0,,265521000.0,,1135185.0,494768000.0
2021,6443243000.0,1326022000.0,1420057000.0,910965000.0,1609599000.0,2809337000.0,493317000.0,4030829000.0,,2100446000.0,,305905000.0,,1135185.0,711294000.0
2022,6696316000.0,1124918000.0,1171283000.0,763314000.0,1819232000.0,3064776000.0,355880000.0,4549104000.0,,2524871000.0,,253738000.0,,1135185.0,522394000.0
2011,71083000.0,66021000.0,51842000.0,,,15324000.0,4061000.0,,1340000.0,9410000.0,33393000.0,29523000.0,55759000.0,1137091.0,9805000.0
2012,90765000.0,82077000.0,32664000.0,,41000.0,22734000.0,6702000.0,,1023000.0,16112000.0,39968000.0,37480000.0,68031000.0,1137091.0,12316000.0
2013,126619000.0,110006000.0,32385000.0,,,50421000.0,-18760000.0,,657000.0,-2648000.0,55986000.0,42730000.0,76198000.0,1137091.0,14967000.0
2014,262637000.0,191003000.0,76048000.0,,2361000.0,90799000.0,10321000.0,,1331000.0,21078000.0,93903000.0,81740000.0,171838000.0,1137091.0,9111000.0
2015,359936000.0,252675000.0,99262000.0,,53820000.0,106297000.0,1704000.0,,4327000.0,35356000.0,130347000.0,104365000.0,253639000.0,1137091.0,-738000.0
2017,247019000.0,170761000.0,126654000.0,0.0,54439000.0,32172000.0,-6130000.0,131476000.0,1703000.0,-82147000.0,86724000.0,68660000.0,214847000.0,1137091.0,-3472000.0
2018,289882000.0,216029000.0,220631000.0,54000.0,54712000.0,-18578000.0,-9898000.0,,2203000.0,-135160000.0,105614000.0,86471000.0,308460000.0,1137091.0,-16171000.0
2019,313672000.0,222522000.0,181587000.0,3000.0,55657000.0,28497000.0,8248000.0,,7871000.0,-126912000.0,108839000.0,104515000.0,285175000.0,1137091.0,17203000.0
2020,283977000.0,202687000.0,239476000.0,20968000.0,781000.0,6097000.0,-22982000.0,,5714000.0,-149894000.0,108213000.0,60148000.0,277880000.0,1137091.0,-21724000.0
2021,300538000.0,230228000.0,283311000.0,6255000.0,25636000.0,-42023000.0,-48472000.0,,7307000.0,-198366000.0,142192000.0,65110000.0,342561000.0,1137091.0,-41570000.0
2022,319913000.0,255273000.0,319267000.0,24296000.0,5029000.0,-30372000.0,11270000.0,,13028000.0,-187096000.0,120560000.0,89894000.0,350285000.0,1137091.0,24602000.0
2023,284303000.0,205382000.0,248301000.0,22758000.0,90000.0,-3917000.0,26306000.0,,17069000.0,-160790000.0,84947000.0,66979000.0,288220000.0,1137091.0,44275000.0
2024,328182000.0,254335000.0,227567000.0,55252000.0,38000.0,65250000.0,69279000.0,,,-91511000.0,93872000.0,68958000.0,262932000.0,1137091.0,81644000.0
2025,424745000.0,290920000.0,92278000.0,41250000.0,10000.0,178609000.0,113987000.0,,,22476000.0,127363000.0,90446000.0,246136000.0,1137091.0,109714000.0
2009,480203000000.0,,,13164000000.0,21037000000.0,25195000000.0,3124000000.0,32688000000.0,,13787000000.0,,,454474000000.0,1137774.0,
2010,539854000000.0,,,12915000000.0,23653000000.0,32415000000.0,177000000.0,8106000000.0,1197000000.0,16381000000.0,,,506926000000.0,1137774.0,
2011,624521000000.0,,,14251000000.0,24622000000.0,37223000000.0,686000000.0,11695000000.0,,19281000000.0,,,586710000000.0,1137774.0,
2012,709298000000.0,,,18100000000.0,24729000000.0,38575000000.0,-232000000.0,45912000000.0,,16138000000.0,,,670007000000.0,1137774.0,
2013,731781000000.0,,,11439000000.0,23553000000.0,35278000000.0,-460000000.0,9939000000.0,,14531000000.0,,,695900000000.0,1137774.0,
2014,766655000000.0,,,14918000000.0,19831000000.0,41770000000.0,-1459000000.0,15725000000.0,,483800000.0,,,724306000000.0,1137774.0,
2015,757388000000.0,,,17612000000.0,19727000000.0,41890000000.0,735000000.0,14256000000.0,1306000000.0,18931000000.0,,,715465000000.0,1137774.0,
2016,783962000000.0,,,14127000000.0,18041000000.0,45863000000.0,284000000.0,13050000000.0,1320000000.0,21946000000.0,,,737874000000.0,1137774.0,
2017,831921000000.0,,,14490000000.0,17172000000.0,54069000000.0,3765000000.0,16265000000.0,1327000000.0,28504000000.0,,,777577000000.0,1137774.0,
2018,815078000000.0,,,15353000000.0,17378000000.0,48617000000.0,842000000.0,18432000000.0,1420000000.0,30470000000.0,,,766047000000.0,1137774.0,
2019,896552000000.0,,,16327000000.0,18646000000.0,63115000000.0,1128000000.0,19223000000.0,1550000000.0,32991000000.0,,,832833000000.0,1137774.0,
2020,940722000000.0,,,13701000000.0,19718000000.0,67425000000.0,819000000.0,16029000000.0,1574000000.0,30749000000.0,,,872512000000.0,1137774.0,
2021,937582000000.0,,,12888000000.0,18622000000.0,61876000000.0,7724000000.0,70934000000.0,1478000000.0,36652000000.0,,,874974000000.0,1137774.0,
2022,689917000000.0,,,17251000000.0,19908000000.0,16250000000.0,-1438000000.0,60050000000.0,1596000000.0,33392000000.0,,,672709000000.0,1137774.0,
2023,721123000000.0,,,19419000000.0,18882000000.0,27820000000.0,1317000000.0,15084000000.0,1762000000.0,32352000000.0,,,691336000000.0,1137774.0,
2024,735587000000.0,,,18497000000.0,19187000000.0,27872000000.0,2727000000.0,70405000000.0,2030000000.0,33187000000.0,,,705461000000.0,1137774.0,
2025,773740000000.0,,,19712000000.0,18856000000.0,32438000000.0,3576000000.0,60774000000.0,,34831000000.0,,,738159000000.0,1137774.0,
2011,2166860000.0,,,138067000.0,,113426000.0,-98614000.0,,29324000.0,-386295000.0,,,2053192000.0,1143155.0,
2012,2054092000.0,,,101217000.0,,183501000.0,-25091000.0,,3805000.0,-411386000.0,,,1869369000.0,1143155.0,
2013,1950272000.0,,,62301000.0,,183398000.0,4076000.0,,3084000.0,-404864000.0,,,1766426000.0,1143155.0,
2014,1988606000.0,,,103619000.0,,196997000.0,998000.0,,3227000.0,-395535000.0,,,1791109000.0,1143155.0,
2015,2065940000.0,,,63746000.0,,290108000.0,88591000.0,,3187000.0,-302580000.0,,,1775319000.0,1143155.0,
2016,3267192000.0,,,126994000.0,,463181000.0,57042000.0,,15548000.0,-245538000.0,,,2803554000.0,1143155.0,
2011,596921000.0,289750000.0,259853000.0,40301000.0,70000000.0,219410000.0,11220000.0,471423000.0,4125000.0,29236000.0,11492000.0,176535000.0,376869000.0,1144354.0,20147000.0
2012,813414000.0,409126000.0,494620000.0,48440000.0,50000000.0,209786000.0,14954000.0,499965000.0,3446000.0,7629000.0,9694000.0,180448000.0,602253000.0,1144354.0,25211000.0
2013,900305000.0,449793000.0,411973000.0,71932000.0,150000000.0,260475000.0,17405000.0,530380000.0,5429000.0,35960000.0,11087000.0,200040000.0,633642000.0,1144354.0,31121000.0
2014,1387773000.0,540591000.0,525448000.0,70793000.0,523122000.0,250760000.0,-19771000.0,604613000.0,8057000.0,-5067000.0,12048000.0,234104000.0,1137013000.0,1144354.0,-4584000.0
2015,1536679000.0,592206000.0,660596000.0,56483000.0,437842000.0,335822000.0,22707000.0,698578000.0,14184000.0,64994000.0,12856000.0,267292000.0,1200857000.0,1144354.0,34844000.0
2011,320057000.0,119373000.0,112390000.0,38071000.0,,190567000.0,-3289000.0,232392000.0,,-69051000.0,,64429000.0,129490000.0,1158172.0,-3929000.0
2012,336485000.0,148929000.0,121306000.0,61764000.0,,195643000.0,-1613000.0,255193000.0,,-80840000.0,,68348000.0,140842000.0,1158172.0,-1574000.0
2013,363413000.0,178799000.0,134973000.0,67795000.0,,198802000.0,170000.0,286860000.0,,-83173000.0,,90040000.0,164611000.0,1158172.0,577000.0
2014,353952000.0,178883000.0,151610000.0,43015000.0,,175265000.0,-2660000.0,329151000.0,,-93076000.0,,98185000.0,178687000.0,1158172.0,-6221000.0
2017,1022439000.0,179554000.0,250490000.0,37859000.0,,656492000.0,-71906000.0,403549000.0,,-609091000.0,,82029000.0,365947000.0,1158172.0,-79830000.0
2018,954143000.0,145779000.0,168936000.0,44096000.0,,551567000.0,-27204000.0,,,-769095000.0,,75609000.0,402576000.0,1158172.0,-23507000.0
2019,723695000.0,153983000.0,190237000.0,46590000.0,,258974000.0,-21390000.0,,,-1108137000.0,,71853000.0,464721000.0,1158172.0,-5908000.0
2020,677970000.0,137030000.0,184275000.0,31126000.0,,228990000.0,-13212000.0,,,-1156055000.0,,69379000.0,448980000.0,1158172.0,-1750000.0
2021,663474000.0,109107000.0,165371000.0,21854000.0,,223176000.0,-50037000.0,,,-1218715000.0,,72059000.0,252413000.0,1158172.0,-28865000.0
2022,580586000.0,104821000.0,165091000.0,20044000.0,,144162000.0,-66561000.0,,,-1300789000.0,,68457000.0,248539000.0,1158172.0,-74873000.0
2023,491295000.0,97990000.0,182561000.0,22750000.0,,56103000.0,-79361000.0,,,-1396420000.0,,63826000.0,247307000.0,1158172.0,-73601000.0
2024,430247000.0,108057000.0,131304000.0,29937000.0,40718000.0,-8263000.0,-60248000.0,,,-1474268000.0,,64266000.0,231040000.0,1158172.0,-59509000.0
2025,407709000.0,96270000.0,122891000.0,23621000.0,,111439000.0,-10004000.0,,,-1429995000.0,,57260000.0,206548000.0,1158172.0,4509000.0
2011,1502868000.0,400690000.0,383352000.0,150662000.0,591151000.0,141425000.0,17179000.0,211993000.0,32358000.0,-357764000.0,14414000.0,154753000.0,1073031000.0,1166388.0,86478000.0
2012,1564269000.0,501653000.0,394210000.0,209973000.0,570822000.0,224802000.0,25889000.0,228961000.0,31034000.0,-303762000.0,15014000.0,168415000.0,1049051000.0,1166388.0,99553000.0
2013,1772907000.0,694391000.0,413483000.0,378618000.0,635830000.0,626974000.0,22887000.0,255745000.0,29780000.0,-250005000.0,10693000.0,194312000.0,1139789000.0,1166388.0,122286000.0
2015,2350996000.0,710192000.0,477888000.0,285072000.0,736779000.0,997856000.0,4583000.0,311653000.0,36661000.0,-219074000.0,17505000.0,262092000.0,1346093000.0,1166388.0,79111000.0
2016,2355735000.0,754112000.0,442430000.0,352105000.0,735983000.0,1060137000.0,17505000.0,280794000.0,33885000.0,-201436000.0,18312000.0,256419000.0,1287571000.0,1166388.0,67852000.0
2017,2362784000.0,672054000.0,462399000.0,307363000.0,744260000.0,1006580000.0,8018000.0,295859000.0,34962000.0,-230816000.0,17537000.0,266590000.0,1347744000.0,1166388.0,17366000.0
2018,2580620000.0,782192000.0,505511000.0,337942000.0,768484000.0,1120592000.0,17097000.0,318731000.0,35959000.0,-238312000.0,19871000.0,296324000.0,1448284000.0,1166388.0,48630000.0
2019,2867027000.0,1006346000.0,661821000.0,369975000.0,777785000.0,1249236000.0,27306000.0,330230000.0,37344000.0,-134274000.0,24952000.0,375663000.0,1606223000.0,1166388.0,114235000.0
2020,3261295000.0,1277742000.0,1163439000.0,663843000.0,402781000.0,1267437000.0,-7267000.0,1273705000.0,39975000.0,-113797000.0,20083000.0,381158000.0,1773262000.0,1166388.0,108705000.0
2022,2361105000.0,655178000.0,479466000.0,358805000.0,406954000.0,952194000.0,-4623000.0,,10325000.0,-54509000.0,5337000.0,193831000.0,970205000.0,1166388.0,46843000.0
2023,2313601000.0,619656000.0,471051000.0,282099000.0,408908000.0,855790000.0,14898000.0,,7877000.0,-45333000.0,12628000.0,188414000.0,1019131000.0,1166388.0,57356000.0
2024,2226424000.0,573174000.0,418171000.0,241400000.0,410965000.0,830049000.0,38610000.0,,10334000.0,-6723000.0,14209000.0,190461000.0,957437000.0,1166388.0,68185000.0
2025,2290049000.0,578772000.0,518683000.0,215707000.0,312753000.0,886849000.0,82267000.0,,,57864000.0,14311000.0,203113000.0,964454000.0,1166388.0,106387000.0
2016,11440117000.0,1192614000.0,633293000.0,725722000.0,4040229000.0,5758681000.0,-1302850000.0,410156000.0,222915000.0,5154221000.0,,319152000.0,4972672000.0,1169055.0,-1384912000.0
2012,1070835.0,1028300.0,5035269.0,284991.0,,-3973434.0,-7474224.0,,,,,,5044269.0,1175680.0,-7455646.0
2013,4157699.0,840460.0,3228598.0,603681.0,1153017.0,-223916.0,-9568301.0,,,,,,4381615.0,1175680.0,-7993417.0
2014,8427271.0,5443235.0,2166355.0,4886122.0,2338684.0,3922232.0,-12431413.0,,4510396.0,-46434232.0,,,4505039.0,1175680.0,-8112728.0
2015,4679261.0,2037809.0,10725252.0,1050060.0,2338684.0,-10692516.0,-25088070.0,,4655100.0,-71522302.0,,,15371777.0,1175680.0,-19596526.0
2016,13786131.0,11494342.0,3580681.0,9641776.0,,10205450.0,-25703612.0,,4671245.0,-97225914.0,,,3580681.0,1175680.0,-21175511.0
2017,8055438.0,6120938.0,6144005.0,1775583.0,,-1103234.0,-25763801.0,,612767.0,-122989715.0,,,9158672.0,1175680.0,-27330734.0
2018,4898998.0,3320627.0,16733237.0,1231445.0,,-13157971.0,-10947685.0,,1002656.0,-173139396.0,,,18056969.0,1175680.0,-45919313.0
2019,20874125.0,5369420.0,26926348.0,2612910.0,,-8914060.0,-56186660.0,,3312697.0,-229363407.0,,,29788185.0,1175680.0,-55852054.0
2020,50514135.0,36827032.0,44500666.0,14281830.0,,-2480478.0,-124403402.0,,18219791.0,-354710895.0,,,52994613.0,1175680.0,-74647225.0
2021,132080000.0,129581000.0,152546000.0,33943000.0,,-21018000.0,-154674000.0,,,-511294000.0,93479000.0,,153098000.0,1175680.0,-104596000.0
2022,29185000.0,10515000.0,123161000.0,4231000.0,,-94398000.0,-210820000.0,266000.0,,-766131000.0,,,123583000.0,1175680.0,-145404000.0
2023,11292000.0,10805000.0,119796000.0,2541000.0,,-109501000.0,-79824000.0,0.0,,-841690000.0,,,120793000.0,1175680.0,-40576000.0
2024,11136000.0,10815000.0,84182000.0,3110000.0,,-116758000.0,-49841000.0,,,-891531000.0,0.0,,127894000.0,1175680.0,-18058000.0
2025,18047000.0,17878000.0,70518000.0,11903000.0,,-96042000.0,3745000.0,,,-887786000.0,,,114089000.0,1175680.0,9661000.0
2010,1232220000.0,595586000.0,470816000.0,190550000.0,,487212000.0,290533000.0,,,257004000.0,182467000.0,85612000.0,745008000.0,1180262.0,387512000.0
2011,1446209000.0,768819000.0,548689000.0,258775000.0,,560188000.0,105400000.0,,9864000.0,305931000.0,247696000.0,89660000.0,886021000.0,1180262.0,562270000.0
2012,1724143000.0,984047000.0,762362000.0,333534000.0,,395483000.0,112200000.0,,16736000.0,123096000.0,339411000.0,116139000.0,1328660000.0,1180262.0,661447000.0
2013,2473701000.0,1643120000.0,922178000.0,972974000.0,,551446000.0,123500000.0,,26552000.0,247279000.0,351201000.0,100326000.0,1922255000.0,1180262.0,735277000.0
2014,2374900000.0,1393400000.0,874800000.0,645400000.0,1711700000.0,-334400000.0,103300000.0,,,-665400000.0,377700000.0,83600000.0,2709300000.0,1180262.0,513500000.0
2015,2477900000.0,1566300000.0,1024400000.0,889800000.0,1392500000.0,-53500000.0,84500000.0,,100500000.0,-326300000.0,332000000.0,69900000.0,2531400000.0,1180262.0,583600000.0
2016,2565400000.0,1462500000.0,791500000.0,844000000.0,1438400000.0,196300000.0,99400000.0,,99300000.0,-66300000.0,371300000.0,70300000.0,2369100000.0,1180262.0,458100000.0
2017,2895100000.0,1860300000.0,906800000.0,1278800000.0,2165700000.0,-334700000.0,-63400000.0,,160800000.0,-248100000.0,341200000.0,93300000.0,3229800000.0,1180262.0,617100000.0
2018,2789800000.0,1805000000.0,1588800000.0,1198900000.0,1774900000.0,-723400000.0,48900000.0,1186600000.0,181000000.0,-526300000.0,381800000.0,70500000.0,3513200000.0,1180262.0,683100000.0
2019,2678600000.0,1488200000.0,964400000.0,839400000.0,1778900000.0,-390000000.0,56700000.0,1220300000.0,153000000.0,-215300000.0,436200000.0,79700000.0,3068600000.0,1180262.0,568100000.0
2020,3076100000.0,1775800000.0,1127300000.0,1045400000.0,2405500000.0,-856100000.0,73800000.0,1410700000.0,133000000.0,-687400000.0,501400000.0,83300000.0,3932200000.0,1180262.0,640600000.0
2021,2819800000.0,1431800000.0,1080400000.0,601500000.0,2733200000.0,-1391500000.0,447200000.0,5802800000.0,153100000.0,-1169000000.0,575700000.0,66900000.0,4211300000.0,1180262.0,734100000.0
2022,2732000000.0,1356100000.0,976600000.0,508000000.0,2662500000.0,-1265900000.0,321300000.0,5204400000.0,139300000.0,-1204500000.0,580700000.0,70600000.0,3997900000.0,1180262.0,545200000.0
2023,2809400000.0,1399300000.0,1277600000.0,575200000.0,2252900000.0,-1060300000.0,142200000.0,5062400000.0,165900000.0,-1062300000.0,505200000.0,81200000.0,3869700000.0,1180262.0,356400000.0
2024,2728100000.0,1143700000.0,1230400000.0,415300000.0,1976600000.0,-801100000.0,254300000.0,4993100000.0,218300000.0,-808000000.0,475400000.0,68900000.0,3529200000.0,1180262.0,385900000.0
2025,2785900000.0,1144700000.0,1012900000.0,353100000.0,1971700000.0,-515100000.0,228300000.0,5037500000.0,214400000.0,-579700000.0,511700000.0,91900000.0,3295300000.0,1180262.0,481000000.0
2011,216546000.0,181923000.0,90515000.0,37302000.0,,107357000.0,10909000.0,,,-397290000.0,,131489000.0,109189000.0,1210708.0,17435000.0
2012,193468000.0,157412000.0,67168000.0,38653000.0,,106541000.0,-343000.0,777577000.0,,-387027000.0,,107216000.0,86927000.0,1210708.0,1831000.0
2013,158829000.0,132041000.0,68755000.0,37378000.0,,74385000.0,-11296000.0,,,-417422000.0,,85901000.0,84444000.0,1210708.0,-7653000.0
2014,139672000.0,118921000.0,67117000.0,33989000.0,,59257000.0,2743000.0,,,-430616000.0,,74079000.0,80415000.0,1210708.0,-6134000.0
2015,124949000.0,106143000.0,51591000.0,37663000.0,,61180000.0,-2626000.0,,,-428287000.0,,62420000.0,63769000.0,1210708.0,140000.0
2016,101812000.0,84142000.0,50579000.0,21322000.0,,41885000.0,-292000.0,,,-440478000.0,,58517000.0,59927000.0,1210708.0,-671000.0
2017,111640000.0,97043000.0,60577000.0,21040000.0,,43152000.0,-2005000.0,,,-443419000.0,,71878000.0,68488000.0,1210708.0,-1174000.0
2018,53179000.0,52067000.0,10560000.0,40562000.0,,40487000.0,7867000.0,66932000.0,,-435552000.0,,9893000.0,12692000.0,1210708.0,-5217000.0
2019,46704000.0,44937000.0,9488000.0,31190000.0,,36034000.0,-955000.0,93811000.0,,-436507000.0,,12795000.0,10670000.0,1210708.0,-1661000.0
2020,45386000.0,40292000.0,10009000.0,25806000.0,,34280000.0,-1243000.0,101448000.0,,-437750000.0,,13445000.0,11106000.0,1210708.0,-2646000.0
2021,61242000.0,49160000.0,19693000.0,21714000.0,,39316000.0,3227000.0,169207000.0,,-434523000.0,,25748000.0,21926000.0,1210708.0,4394000.0
2022,67942000.0,55512000.0,21122000.0,27123000.0,,45792000.0,7129000.0,200917000.0,,-427394000.0,,26270000.0,22150000.0,1210708.0,9337000.0
2023,60958000.0,45847000.0,11210000.0,22611000.0,,48554000.0,2198000.0,161338000.0,,-425247000.0,,19710000.0,12404000.0,1210708.0,1383000.0
2024,52583000.0,40140000.0,11222000.0,17011000.0,,40428000.0,-4770000.0,140056000.0,,-430017000.0,,20093000.0,12155000.0,1210708.0,-3809000.0
2025,113231000.0,62487000.0,29826000.0,10269000.0,,65707000.0,-5917000.0,172159000.0,,-435934000.0,6988000.0,35220000.0,47524000.0,1210708.0,-3688000.0
2010,1114300000.0,521400000.0,182600000.0,91100000.0,482500000.0,347800000.0,150600000.0,,22700000.0,283600000.0,205000000.0,197200000.0,,1227654.0,226500000.0
2011,1205500000.0,515800000.0,326800000.0,130300000.0,326700000.0,446600000.0,43900000.0,,21000000.0,372500000.0,207200000.0,158800000.0,,1227654.0,215300000.0
2012,1300600000.0,506900000.0,199300000.0,100100000.0,478400000.0,503500000.0,30100000.0,,18200000.0,395000000.0,229700000.0,143700000.0,,1227654.0,133200000.0
2013,1404800000.0,577400000.0,257600000.0,159600000.0,474700000.0,554200000.0,58400000.0,0.0,17900000.0,452500000.0,180700000.0,211900000.0,,1227654.0,185600000.0
2014,1637200000.0,702700000.0,237700000.0,266800000.0,622500000.0,653600000.0,80500000.0,,20100000.0,589500000.0,199000000.0,213000000.0,,1227654.0,311000000.0
2015,1628900000.0,512300000.0,170800000.0,58400000.0,722100000.0,639700000.0,58400000.0,,21500000.0,659100000.0,275300000.0,147800000.0,,1227654.0,221400000.0
2016,2466500000.0,715000000.0,372000000.0,77400000.0,1194800000.0,717100000.0,97600000.0,,34100000.0,727500000.0,280600000.0,320900000.0,,1227654.0,174600000.0
2017,2571000000.0,737500000.0,268000000.0,36600000.0,1330400000.0,694600000.0,-4400000.0,,52900000.0,672500000.0,289900000.0,344500000.0,,1227654.0,159200000.0
2018,2367900000.0,721200000.0,283300000.0,27000000.0,1321200000.0,540200000.0,51000000.0,,62500000.0,643500000.0,266600000.0,311600000.0,,1227654.0,130300000.0
2019,2443200000.0,785000000.0,295900000.0,34700000.0,1363900000.0,529600000.0,56100000.0,,68400000.0,607400000.0,311500000.0,342400000.0,,1227654.0,163600000.0
2020,2261500000.0,756300000.0,296700000.0,10600000.0,1299100000.0,378300000.0,32300000.0,,62700000.0,559100000.0,298700000.0,185100000.0,,1227654.0,103000000.0
2022,1643500000.0,562000000.0,233100000.0,46100000.0,947600000.0,256400000.0,-25100000.0,,55200000.0,226500000.0,304400000.0,167200000.0,,1227654.0,42900000.0
2023,1816900000.0,600900000.0,274600000.0,38700000.0,800300000.0,521000000.0,-4000000.0,,55500000.0,220900000.0,399500000.0,129300000.0,,1227654.0,77400000.0
2024,1640100000.0,587300000.0,217000000.0,20200000.0,910000000.0,316600000.0,-206100000.0,,,2200000.0,414100000.0,126100000.0,,1227654.0,-116800000.0
2025,1519400000.0,572200000.0,265600000.0,59700000.0,832200000.0,234100000.0,-79800000.0,,,-77600000.0,312000000.0,179600000.0,,1227654.0,25300000.0
2011,5133771000.0,4111281000.0,1619690000.0,304679000.0,336535000.0,1181316000.0,69828000.0,983745000.0,24580000.0,,494828000.0,,,1267130.0,109863000.0
2012,5748163000.0,4589028000.0,1429350000.0,288750000.0,328133000.0,1375979000.0,68032000.0,1120746000.0,22969000.0,,552575000.0,,,1267130.0,104182000.0
2013,6396864000.0,4986512000.0,1112780000.0,199072000.0,322647000.0,1606334000.0,80112000.0,1189447000.0,26159000.0,,644883000.0,,,1267130.0,138708000.0
2014,7675317000.0,5937672000.0,2121040000.0,142758000.0,491281000.0,1817510000.0,78610000.0,1274624000.0,29648000.0,,760293000.0,,,1267130.0,128636000.0
2015,8472503000.0,6484945000.0,2475903000.0,315066000.0,637829000.0,1828643000.0,78791000.0,1407827000.0,33390000.0,,819271000.0,,,1267130.0,126924000.0
2016,8970824000.0,7036578000.0,2689770000.0,263825000.0,671509000.0,2011599000.0,58059000.0,1338305000.0,34627000.0,,860360000.0,,,1267130.0,112644000.0
2009,25841796000.0,,,1318552000.0,,,430574000.0,8700501000.0,60669000.0,3054466000.0,,,20988547000.0,1267238.0,
2010,26397018000.0,,,1150516000.0,,,279177000.0,8527722000.0,60646000.0,3264025000.0,,,21616481000.0,1267238.0,
2011,27115445000.0,,,1166713000.0,,,162255000.0,2111531000.0,60360000.0,3742479000.0,,,22088509000.0,1267238.0,
2012,28946607000.0,,,909404000.0,,5185366000.0,24987000.0,2160976000.0,60306000.0,4001096000.0,,,23761241000.0,1267238.0,
2013,29714689000.0,,,1717184000.0,,4833479000.0,108816000.0,2400618000.0,77735000.0,4415875000.0,,,24881210000.0,1267238.0,
2014,31562466000.0,,,1318656000.0,,5181307000.0,49755000.0,2622692000.0,58395000.0,4809287000.0,,,26381159000.0,1267238.0,
2015,30043128000.0,,,1288305000.0,,4523967000.0,65744000.0,2547834000.0,55116000.0,4856674000.0,,,25519161000.0,1267238.0,
2016,29709128000.0,,,1031971000.0,,4098100000.0,31316000.0,1752292000.0,57619000.0,5296678000.0,,,25611028000.0,1267238.0,
2017,31843000000.0,,,996800000.0,,4270600000.0,312900000.0,1676600000.0,49500000.0,5697300000.0,,,27561500000.0,1267238.0,
2018,41089300000.0,,,1254000000.0,2006000000.0,5112000000.0,20300000.0,2317000000.0,100300000.0,5759700000.0,,,35955400000.0,1267238.0,
2019,44291200000.0,,,1867100000.0,2006900000.0,5652800000.0,382600000.0,2606400000.0,110600000.0,5966400000.0,,,38609100000.0,1267238.0,
2020,44649900000.0,,,2228600000.0,,5951400000.0,441800000.0,2555100000.0,104500000.0,3548700000.0,,,38695100000.0,1267238.0,
2021,33911500000.0,,,2040800000.0,,5489700000.0,1372400000.0,2574900000.0,111800000.0,4066800000.0,,,28421800000.0,1267238.0,
2022,33123800000.0,,,1536700000.0,,4228700000.0,276600000.0,2652800000.0,108300000.0,3699300000.0,,,28895100000.0,1267238.0,
2023,33635200000.0,,,1627400000.0,,4809500000.0,642500000.0,11131600000.0,108000000.0,4028200000.0,,,28825700000.0,1267238.0,
2024,35020600000.0,,,1807700000.0,,5106700000.0,760200000.0,11877500000.0,,4378300000.0,,,29913900000.0,1267238.0,
2025,36289600000.0,,,1834100000.0,,5871600000.0,872700000.0,12814300000.0,,4826300000.0,,,30418000000.0,1267238.0,
2010,2247293000.0,1815171000.0,1185701000.0,1359548000.0,,832046000.0,-53400000.0,5440225000.0,229000.0,405112000.0,,,1415247000.0,1279363.0,-72849000.0
2011,2488111000.0,2119894000.0,1123140000.0,1325098000.0,,1116846000.0,85061000.0,1600132000.0,6510000.0,669358000.0,,,1371265000.0,1279363.0,119173000.0
2012,2675516000.0,2100710000.0,1113426000.0,1100495000.0,,1323164000.0,48767000.0,1988129000.0,4122000.0,854086000.0,,,1352352000.0,1279363.0,77355000.0
2013,3450700000.0,2692700000.0,1237100000.0,1482500000.0,,1517900000.0,42900000.0,2438800000.0,11900000.0,1029400000.0,,,1932800000.0,1279363.0,281100000.0
2014,4495000000.0,3526300000.0,1935700000.0,1313500000.0,,1595900000.0,7700000.0,3414800000.0,39400000.0,1093100000.0,,,2899100000.0,1279363.0,56100000.0
2015,5193600000.0,4268500000.0,2441600000.0,2407000000.0,,1728300000.0,13000000.0,3496800000.0,54200000.0,1211700000.0,,,3465300000.0,1279363.0,36300000.0
2016,6152800000.0,5119600000.0,3055800000.0,3961400000.0,997600000.0,2000100000.0,44900000.0,3518200000.0,59100000.0,1453800000.0,,,4152700000.0,1279363.0,529500000.0
2017,8364600000.0,5819200000.0,4443200000.0,4198600000.0,1182400000.0,2416700000.0,60700000.0,4345100000.0,68500000.0,1827500000.0,,,5947900000.0,1279363.0,12000000.0
2018,11764700000.0,6832400000.0,5015600000.0,3653900000.0,2126400000.0,4240000000.0,55900000.0,6070800000.0,87500000.0,2267300000.0,,,7524700000.0,1279363.0,94600000.0
2011,1249125000.0,81497000.0,29547000.0,12058000.0,193835000.0,,-9715000.0,228388000.0,19198000.0,,,48837000.0,1068846000.0,1286131.0,9835000.0
2012,1343725000.0,81091000.0,32981000.0,7946000.0,252774000.0,,-3935000.0,59314000.0,20503000.0,,4700000.0,51895000.0,1208543000.0,1286131.0,13841000.0
2013,1473329000.0,93579000.0,41697000.0,12175000.0,289016000.0,,-3539000.0,63068000.0,21070000.0,,5400000.0,55115000.0,1365809000.0,1286131.0,6383000.0
2014,1699464000.0,101878000.0,38852000.0,10401000.0,285378000.0,,-7796000.0,73991000.0,21610000.0,,5600000.0,62503000.0,1490702000.0,1286131.0,13860000.0
2015,1694357000.0,111176000.0,33932000.0,15153000.0,316399000.0,,-6810000.0,82811000.0,22585000.0,,9700000.0,68415000.0,1512811000.0,1286131.0,2190000.0
2016,1787013000.0,118821000.0,38893000.0,12570000.0,300351000.0,,-5997000.0,88307000.0,24488000.0,,12400000.0,77253000.0,1596659000.0,1286131.0,
2017,1756082000.0,112986000.0,45806000.0,6821000.0,317693000.0,,-45439000.0,85295000.0,27345000.0,,12100000.0,79116000.0,1664386000.0,1286131.0,
2018,1669101000.0,98316000.0,61800000.0,18147000.0,320248000.0,,-20534000.0,83425000.0,30602000.0,,7500000.0,57928000.0,1675679000.0,1286131.0,-43894000.0
2011,407512000.0,231833000.0,108800000.0,17924000.0,,154136000.0,-6017000.0,501456000.0,,73626000.0,,,235118000.0,1287808.0,-3859000.0
2012,421673000.0,257270000.0,150135000.0,16716000.0,,127546000.0,-28217000.0,480781000.0,,45409000.0,,211176000.0,280570000.0,1287808.0,5247000.0
2013,449102000.0,297893000.0,151515000.0,30381000.0,,131144000.0,1629000.0,576681000.0,,47038000.0,,232011000.0,306071000.0,1287808.0,32458000.0
2014,419609000.0,263164000.0,141700000.0,30124000.0,,113288000.0,-4008000.0,170450000.0,,-5726000.0,,195098000.0,297609000.0,1287808.0,3038000.0
2015,442563000.0,291591000.0,143048000.0,24089000.0,,113969000.0,-1114000.0,189754000.0,,1205000.0,,243417000.0,324524000.0,1287808.0,2893000.0
2016,400075000.0,266461000.0,139525000.0,25637000.0,,74358000.0,-33812000.0,516012000.0,,-81349000.0,,164844000.0,323723000.0,1287808.0,-13650000.0
2017,293295000.0,198411000.0,125874000.0,21353000.0,,109075000.0,27366000.0,483736000.0,,-53983000.0,,156860000.0,182625000.0,1287808.0,-556000.0
2018,264769000.0,183095000.0,109039000.0,18711000.0,44587000.0,93840000.0,-31461000.0,428679000.0,,-85444000.0,,117469000.0,170324000.0,1287808.0,-20963000.0
2019,269551000.0,171304000.0,91501000.0,15915000.0,41150000.0,109357000.0,14084000.0,376437000.0,,-71360000.0,,103892000.0,159323000.0,1287808.0,18327000.0
2020,271999000.0,182903000.0,84971000.0,34229000.0,48294000.0,107736000.0,-8182000.0,368524000.0,,-79542000.0,,98186000.0,162711000.0,1287808.0,10499000.0
2021,283057000.0,190483000.0,107424000.0,21821000.0,29302000.0,102795000.0,-4271000.0,377438000.0,,-83813000.0,,119516000.0,179818000.0,1287808.0,9260000.0
2010,788983000.0,200614000.0,166159000.0,6271000.0,257000000.0,348372000.0,8525000.0,604600000.0,,52383000.0,,91389000.0,,1289848.0,42955000.0
2011,786644000.0,211524000.0,169702000.0,5080000.0,193500000.0,396789000.0,20519000.0,657894000.0,,72902000.0,,107820000.0,,1289848.0,55447000.0
2012,787850000.0,200372000.0,116725000.0,25162000.0,192500000.0,445321000.0,18602000.0,194709000.0,,109330000.0,,97206000.0,,1289848.0,35451000.0
2013,885600000.0,272514000.0,173384000.0,58131000.0,143750000.0,530264000.0,22120000.0,227610000.0,,175763000.0,,123750000.0,,1289848.0,36894000.0
2014,1155914000.0,486159000.0,176376000.0,256872000.0,327852000.0,600634000.0,12793000.0,212099000.0,,254814000.0,,98640000.0,,1289848.0,25877000.0
2015,1164160000.0,229589000.0,131421000.0,58437000.0,311993000.0,652325000.0,19343000.0,201847000.0,,313866000.0,,85297000.0,,1289848.0,36709000.0
2016,1153215000.0,180082000.0,135768000.0,17027000.0,292065000.0,648033000.0,4154000.0,195200000.0,,351483000.0,,94246000.0,,1289848.0,8409000.0
2017,1036928000.0,191295000.0,139467000.0,16909000.0,342507000.0,503316000.0,-29612000.0,205240000.0,,180443000.0,,101778000.0,,1289848.0,-27128000.0
2018,1049532000.0,232931000.0,418305000.0,33107000.0,53853000.0,540624000.0,3061000.0,228680000.0,,196106000.0,,109677000.0,,1289848.0,17075000.0
2019,1104271000.0,224736000.0,204544000.0,11604000.0,208324000.0,585465000.0,14313000.0,255199000.0,,237849000.0,,116571000.0,,1289848.0,18499000.0
2020,1057476000.0,237014000.0,193370000.0,67177000.0,202780000.0,551942000.0,-6137000.0,200101000.0,,214009000.0,,86966000.0,,1289848.0,-12654000.0
2021,1119349000.0,257682000.0,205184000.0,20781000.0,232221000.0,571900000.0,62987000.0,926958000.0,,276996000.0,,122316000.0,,1289848.0,52839000.0
2022,1199040000.0,328484000.0,245684000.0,11834000.0,290000000.0,552040000.0,75552000.0,1158961000.0,,352548000.0,,147852000.0,,1289848.0,99760000.0
2023,1262142000.0,400460000.0,302575000.0,12149000.0,324000000.0,532892000.0,62479000.0,1398755000.0,,415027000.0,,162566000.0,,1289848.0,125348000.0
2024,1343617000.0,409117000.0,338820000.0,21911000.0,342857000.0,561327000.0,116626000.0,1521805000.0,,531653000.0,,197771000.0,,1289848.0,168819000.0
2025,1526683000.0,448584000.0,383433000.0,24508000.0,489665000.0,528629000.0,105040000.0,1699143000.0,,636693000.0,,186506000.0,,1289848.0,178570000.0
2011,638865000.0,172932000.0,50320000.0,18931000.0,259317000.0,301399000.0,2892000.0,359046000.0,3862000.0,17140000.0,84678000.0,51835000.0,337466000.0,1292055.0,8252000.0
2012,605318000.0,154014000.0,59361000.0,9815000.0,200113000.0,314730000.0,2923000.0,106556000.0,19620000.0,26267000.0,64437000.0,62593000.0,290588000.0,1292055.0,33045000.0
2013,515836000.0,134177000.0,52963000.0,7362000.0,165450000.0,284797000.0,-2157000.0,101177000.0,17679000.0,-9531000.0,58879000.0,51813000.0,231039000.0,1292055.0,-28359000.0
2011,3010681000.0,,,749174000.0,,271479000.0,8918000.0,,12036000.0,-9277000.0,,,2739202000.0,1295401.0,
2012,3699659000.0,,,968092000.0,,336677000.0,16624000.0,,11411000.0,7347000.0,,,3362982000.0,1295401.0,
2013,4706065000.0,,,1237942000.0,,359604000.0,25110000.0,,10768000.0,27615000.0,,,4346461000.0,1295401.0,
2014,4986317000.0,,,1114235000.0,,319023000.0,57109000.0,,11295000.0,-28242000.0,,,4667294000.0,1295401.0,
2015,4765823000.0,,,1155162000.0,,320001000.0,18619000.0,,13599000.0,-15449000.0,,,4445822000.0,1295401.0,
2016,4858114000.0,,,999059000.0,263099000.0,298963000.0,-28669000.0,,12253000.0,-111941000.0,,,4559151000.0,1295401.0,
2017,4708147000.0,,,908935000.0,42323000.0,324149000.0,-12435000.0,,15340000.0,-89485000.0,,,4383998000.0,1295401.0,
2018,4437911000.0,,,554302000.0,41674000.0,406776000.0,7119000.0,,27111000.0,-817000.0,,,4031135000.0,1295401.0,
2019,5656963000.0,,,944472000.0,,484497000.0,1854000.0,,38281000.0,50742000.0,,,5172466000.0,1295401.0,
2020,6276841000.0,,,345515000.0,40300000.0,581164000.0,24171000.0,,15916000.0,128453000.0,,,5695677000.0,1295401.0,
2021,6843239000.0,,,601784000.0,39500000.0,652454000.0,110653000.0,,11239000.0,239106000.0,,,6190785000.0,1295401.0,
2022,7903000000.0,,,888189000.0,10000000.0,694031000.0,130213000.0,,59454000.0,369319000.0,,,7208969000.0,1295401.0,
2023,7705695000.0,,,1038090000.0,38600000.0,807281000.0,192296000.0,,155455000.0,561615000.0,,,6898414000.0,1295401.0,
2024,8727543000.0,,,570123000.0,14100000.0,789783000.0,217540000.0,,,779155000.0,,,7937760000.0,1295401.0,
2025,9352425000.0,,,112649000.0,,689796000.0,228213000.0,,,1007368000.0,,,8662629000.0,1295401.0,
2011,121591000.0,71209000.0,30177000.0,71000.0,,46794000.0,2780000.0,,2540000.0,-3368000.0,42307000.0,23913000.0,74797000.0,1302028.0,6601000.0
2012,151504000.0,104777000.0,43351000.0,1889000.0,,59533000.0,2014000.0,205249000.0,2457000.0,4679000.0,61290000.0,36189000.0,91971000.0,1302028.0,14459000.0
2013,182730000.0,122037000.0,48016000.0,6091000.0,2896000.0,84991000.0,2991000.0,,2946000.0,14857000.0,72734000.0,38170000.0,97739000.0,1302028.0,17538000.0
2014,316123000.0,174317000.0,84347000.0,4370000.0,107953000.0,104766000.0,472000.0,,3150000.0,21960000.0,97182000.0,60855000.0,188117000.0,1302028.0,13936000.0
2015,406658000.0,202700000.0,120036000.0,8578000.0,169014000.0,107012000.0,-5372000.0,,12984000.0,16588000.0,119269000.0,63388000.0,276358000.0,1302028.0,8421000.0
2016,326954000.0,160134000.0,98500000.0,5314000.0,133916000.0,72465000.0,-37093000.0,,6390000.0,-20505000.0,69487000.0,32982000.0,229325000.0,1302028.0,-9974000.0
2017,225188000.0,110322000.0,79428000.0,5366000.0,89995000.0,70845000.0,-8078000.0,,6498000.0,-28583000.0,54360000.0,46633000.0,154343000.0,1302028.0,-265000.0
2018,217249000.0,131993000.0,72954000.0,22348000.0,67528000.0,,-13177000.0,,5508000.0,-41761000.0,58024000.0,45448000.0,129245000.0,1302028.0,-235000.0
2019,195402000.0,123417000.0,68076000.0,,59741000.0,,-8492000.0,,4603000.0,-50253000.0,58734000.0,35232000.0,115852000.0,1302028.0,-5985000.0
2020,173595000.0,106271000.0,64521000.0,,42741000.0,68909000.0,-13610000.0,,3595000.0,-63863000.0,56055000.0,30418000.0,104686000.0,1302028.0,-7826000.0
2021,179775000.0,121536000.0,81863000.0,,41207000.0,62815000.0,-4573000.0,,2084000.0,-68436000.0,64965000.0,30515000.0,116960000.0,1302028.0,-4422000.0
2022,236603000.0,127504000.0,86461000.0,7973000.0,86406000.0,58395000.0,-4901000.0,,4637000.0,-73338000.0,69801000.0,43856000.0,168642000.0,1302028.0,4377000.0
2023,255731000.0,145573000.0,92791000.0,9269000.0,91558000.0,69617000.0,7356000.0,,7774000.0,-65982000.0,82337000.0,49118000.0,176047000.0,1302028.0,15842000.0
2012,,,,8285.0,,-252761.0,-106671.0,,,,,,261046.0,1304730.0,
2013,,,26462.0,1369.0,,-25093.0,-120932.0,,,,,,,1304730.0,
2014,,,,8096.0,,-875.0,-89382.0,,,,,,,1304730.0,
2015,,,,372.0,,-8373.0,-116098.0,,,-943273.0,,,,1304730.0,
2016,,,65600.0,2649.0,,-62951.0,-148178.0,,,-1091451.0,,,,1304730.0,
2017,,50100.0,15887.0,2649.0,,34213.0,29464.0,50000.0,,-1061987.0,,,,1304730.0,
2018,27995834.0,9760519.0,1991371.0,9701075.0,,26004463.0,-467482.0,50000.0,,-1529469.0,,,,1304730.0,
2019,27706848.0,926231.0,,350734.0,,25367943.0,-1823334.0,,,-3352803.0,,1558.0,2338905.0,1304730.0,-1359347.0
2020,25353800.0,367298.0,,119955.0,,20514832.0,-4756825.0,,,-8109628.0,,,4838968.0,1304730.0,-4799575.0
2021,26491216.0,106307.0,6451737.0,28080.0,,19916784.0,-1242355.0,,,-9351983.0,,,6574432.0,1304730.0,-222210.0
2010,2097951000.0,,,18045000.0,,559007000.0,87629000.0,,,499767000.0,,,1538944000.0,1309108.0,150709000.0
2011,2278060000.0,,,25791000.0,,709315000.0,32792000.0,,,633389000.0,,,1568745000.0,1309108.0,60733000.0
2012,3106684000.0,,,197662000.0,,817931000.0,29053000.0,,,730311000.0,,,2267091000.0,1309108.0,49499000.0
2013,3433043000.0,,,361486000.0,,903297000.0,34468000.0,,,879519000.0,,,2511017000.0,1309108.0,71235000.0
2014,4118347000.0,,,284763000.0,,1077721000.0,47893000.0,,,1081730000.0,,,3024036000.0,1309108.0,61842000.0
2015,3857946000.0,,,279989000.0,,1095681000.0,20901000.0,,,1183634000.0,,,2762265000.0,1309108.0,49890000.0
2016,5997097000.0,,,190930000.0,,,5288000.0,,,1244271000.0,,,4491350000.0,1309108.0,47798000.0
2017,6739175000.0,,,508072000.0,,1711338000.0,79804000.0,,,1404683000.0,,,5018617000.0,1309108.0,67214000.0
2018,6770595000.0,3398126000.0,2311571000.0,541498000.0,2133923000.0,1785697000.0,56644000.0,1492639000.0,,1481593000.0,,,4974671000.0,1309108.0,380638000.0
2019,8298418000.0,3842375000.0,3049943000.0,810932000.0,2686513000.0,1926947000.0,156323000.0,440045000.0,,1539201000.0,,,6205017000.0,1309108.0,103858000.0
2020,8183361000.0,3502847000.0,2740853000.0,852033000.0,2874113000.0,1904895000.0,-283950000.0,1559869000.0,157080000.0,1286976000.0,,,6148225000.0,1309108.0,-91673000.0
2021,10306828000.0,5299512000.0,4399699000.0,588923000.0,2695365000.0,1838773000.0,135293000.0,1850542000.0,128422000.0,1289089000.0,,,8213949000.0,1309108.0,342000000.0
2022,11529229000.0,6817149000.0,6294067000.0,921978000.0,2522206000.0,1649513000.0,167193000.0,2350511000.0,130690000.0,1490527000.0,,,9879716000.0,1309108.0,469842000.0
2023,13882100000.0,8935300000.0,8519200000.0,975800000.0,2827500000.0,1820600000.0,266600000.0,2548000000.0,,1757100000.0,,,12061500000.0,1309108.0,647100000.0
2024,13321600000.0,8515500000.0,8327300000.0,595800000.0,3082100000.0,1488800000.0,309600000.0,2628100000.0,,2066800000.0,,,11832800000.0,1309108.0,686300000.0
2025,14399500000.0,9713000000.0,9286600000.0,905800000.0,3532000000.0,1234500000.0,304100000.0,2660800000.0,,2370800000.0,,,13165000000.0,1309108.0,663900000.0
2011,2313561000.0,1160448000.0,703280000.0,594562000.0,483811000.0,1194193000.0,282404000.0,1303866000.0,28950000.0,-269056000.0,144316000.0,294440000.0,1118068000.0,1312073.0,105710000.0
2012,3490607000.0,1135443000.0,570390000.0,454072000.0,1307617000.0,1307795000.0,65033000.0,1865971000.0,62830000.0,-204023000.0,178274000.0,366887000.0,2145130000.0,1312073.0,147545000.0
2013,2993720000.0,824992000.0,587664000.0,268220000.0,1035861000.0,1114606000.0,-296055000.0,1702221000.0,,-500078000.0,138695000.0,284020000.0,1842066000.0,1312073.0,-66354000.0
2014,2702243000.0,785572000.0,492414000.0,250187000.0,,1033790000.0,-38130000.0,1868874000.0,,-538208000.0,124275000.0,305500000.0,1631571000.0,1312073.0,5885000.0
2015,2473062000.0,782264000.0,541241000.0,208870000.0,,899504000.0,79097000.0,2000457000.0,,-535716000.0,129716000.0,361988000.0,1538621000.0,1312073.0,106991000.0
2016,2494807000.0,757427000.0,538799000.0,148352000.0,,813731000.0,-9281000.0,1992149000.0,,-618339000.0,175231000.0,323447000.0,1641422000.0,1312073.0,32779000.0
2017,2322170000.0,718655000.0,542253000.0,131029000.0,,754593000.0,-173829000.0,1870976000.0,,-792168000.0,126563000.0,322667000.0,1539698000.0,1312073.0,-112378000.0
2011,8442592000.0,,,35973000.0,137455000.0,119628000.0,-32592000.0,14437000.0,5678000.0,-823826000.0,,,8019276000.0,1313918.0,-48603000.0
2012,10504911000.0,,,47692000.0,138233000.0,,-9616000.0,10922000.0,5912000.0,-833442000.0,,,10305563000.0,1313918.0,-60281000.0
2013,11600188000.0,,,25497000.0,139164000.0,151260000.0,23371000.0,8733000.0,5865000.0,-810858000.0,,,11292435000.0,1313918.0,-54252000.0
2014,13148135000.0,,,59290000.0,120000000.0,176320000.0,8381000.0,5658000.0,4236000.0,-811695000.0,,,12626233000.0,1313918.0,-59670000.0
2011,78325000.0,18132000.0,37616000.0,3249000.0,21312000.0,18131000.0,255000.0,,,-43874000.0,,10855000.0,60194000.0,1315255.0,3539000.0
2012,97756000.0,18952000.0,40594000.0,4726000.0,34981000.0,17039000.0,-1563000.0,,,-45437000.0,,11003000.0,80717000.0,1315255.0,4923000.0
2013,171756000.0,32943000.0,61279000.0,5785000.0,85960000.0,9510000.0,-20789000.0,,,-66226000.0,,22305000.0,162246000.0,1315255.0,-1956000.0
2014,269278000.0,84848000.0,70328000.0,49256000.0,117438000.0,77566000.0,-22979000.0,,,-89205000.0,,29328000.0,191712000.0,1315255.0,-702000.0
2015,596454000.0,92898000.0,99543000.0,14630000.0,382243000.0,110486000.0,27589000.0,,,-69901000.0,,60446000.0,485968000.0,1315255.0,1427000.0
2016,953261000.0,118785000.0,95791000.0,29748000.0,725208000.0,127759000.0,-856000.0,,,-64641000.0,,76292000.0,825502000.0,1315255.0,10596000.0
2017,1798200000.0,228100000.0,187700000.0,101200000.0,1236500000.0,231400000.0,-49500000.0,,,-124900000.0,,102800000.0,1566800000.0,1315255.0,10900000.0
2018,4537600000.0,279000000.0,446800000.0,55300000.0,3151600000.0,414700000.0,-53000000.0,454800000.0,,-368300000.0,,174500000.0,4122900000.0,1315255.0,11800000.0
2019,4757700000.0,254300000.0,486900000.0,41800000.0,3192600000.0,291100000.0,-19100000.0,423900000.0,,-474200000.0,,162100000.0,4466600000.0,1315255.0,23500000.0
2010,669200000.0,370400000.0,149400000.0,35300000.0,295400000.0,88700000.0,44100000.0,,27100000.0,-11700000.0,165400000.0,128900000.0,569300000.0,1315257.0,99000000.0
2011,730700000.0,427400000.0,170400000.0,54100000.0,302100000.0,94800000.0,-14200000.0,,27200000.0,6700000.0,159000000.0,160900000.0,623500000.0,1315257.0,-19200000.0
2012,780000000.0,481200000.0,181200000.0,66700000.0,296100000.0,150600000.0,13600000.0,,27900000.0,52000000.0,195800000.0,162700000.0,611900000.0,1315257.0,25900000.0
2013,784900000.0,473100000.0,195100000.0,82200000.0,303100000.0,169800000.0,-4100000.0,,26800000.0,71300000.0,168800000.0,157900000.0,595100000.0,1315257.0,7800000.0
2014,1293900000.0,541300000.0,292100000.0,51100000.0,806600000.0,70000000.0,-33500000.0,,39100000.0,18000000.0,241200000.0,198700000.0,1210000000.0,1315257.0,2100000.0
2015,1125400000.0,444300000.0,280500000.0,21800000.0,694900000.0,-18500000.0,-87700000.0,,50700000.0,-54000000.0,226400000.0,155000000.0,1137800000.0,1315257.0,-90600000.0
2016,1087500000.0,438100000.0,293100000.0,20800000.0,619800000.0,30400000.0,6400000.0,,50800000.0,-24700000.0,228700000.0,136800000.0,1052900000.0,1315257.0,18900000.0
2017,1200200000.0,506700000.0,281200000.0,60300000.0,665600000.0,99900000.0,-14800000.0,,42500000.0,7400000.0,236900000.0,159200000.0,1094400000.0,1315257.0,12200000.0
2018,1479900000.0,540300000.0,298700000.0,40600000.0,978800000.0,56200000.0,-2600000.0,425400000.0,56300000.0,27200000.0,284700000.0,189700000.0,1412900000.0,1315257.0,13600000.0
2019,1564600000.0,519500000.0,296200000.0,33000000.0,891000000.0,147300000.0,20600000.0,393200000.0,62500000.0,93800000.0,299100000.0,163900000.0,1405900000.0,1315257.0,24300000.0
2020,1598600000.0,564500000.0,292100000.0,38500000.0,765800000.0,341700000.0,122000000.0,1669100000.0,48900000.0,215800000.0,295800000.0,175100000.0,1252600000.0,1315257.0,156700000.0
2021,1661900000.0,628100000.0,285700000.0,45500000.0,781500000.0,406600000.0,85200000.0,1678600000.0,40500000.0,300900000.0,313800000.0,182800000.0,1251100000.0,1315257.0,156500000.0
2022,1711400000.0,636800000.0,324000000.0,,817700000.0,399400000.0,63400000.0,1980500000.0,44800000.0,360200000.0,355700000.0,215700000.0,1308400000.0,1315257.0,137700000.0
2023,1835500000.0,699000000.0,325900000.0,,835400000.0,498900000.0,89200000.0,2154200000.0,71000000.0,444000000.0,395700000.0,202400000.0,1332500000.0,1315257.0,195200000.0
2024,1890200000.0,680600000.0,325800000.0,,925900000.0,488700000.0,52400000.0,2092100000.0,76200000.0,490300000.0,404600000.0,191800000.0,1401200000.0,1315257.0,148200000.0
2025,1886800000.0,668700000.0,227100000.0,,914300000.0,574000000.0,56000000.0,1879300000.0,,539400000.0,411200000.0,158700000.0,1312500000.0,1315257.0,167800000.0
2012,1299349000.0,278196000.0,216609000.0,3291000.0,,324794000.0,-32936000.0,,33976000.0,2559000.0,165708000.0,85041000.0,,1320947.0,-50637000.0
2013,1172315000.0,231105000.0,290645000.0,5885000.0,585077000.0,166720000.0,-147062000.0,,57925000.0,-160673000.0,115456000.0,97202000.0,,1320947.0,-118264000.0
2014,1192834000.0,243871000.0,133549000.0,5318000.0,637327000.0,283800000.0,-1856000.0,,51969000.0,-322054000.0,124273000.0,95505000.0,,1320947.0,-27338000.0
2015,1212692000.0,283229000.0,136751000.0,12758000.0,633134000.0,308577000.0,7869000.0,,40757000.0,-289024000.0,158805000.0,95005000.0,904115000.0,1320947.0,75974000.0
2011,,,,,,215690000.0,,,,,,,,1325702.0,
2012,789966000.0,456826000.0,148295000.0,182238000.0,201653000.0,310309000.0,125286000.0,218084000.0,22600000.0,287251000.0,89363000.0,143331000.0,479657000.0,1325702.0,105807000.0
2013,625190000.0,334162000.0,162095000.0,153606000.0,223923000.0,81541000.0,-22197000.0,175510000.0,,105889000.0,74698000.0,78898000.0,543649000.0,1325702.0,-33179000.0
2014,527731000.0,276036000.0,169273000.0,102434000.0,224035000.0,-18502000.0,-63830000.0,167652000.0,,-11343000.0,75334000.0,72957000.0,546233000.0,1325702.0,-30409000.0
2015,477881000.0,260234000.0,166511000.0,90882000.0,224156000.0,-62330000.0,22854000.0,152430000.0,,-96210000.0,57619000.0,63498000.0,540211000.0,1325702.0,-7630000.0
2016,441952000.0,242693000.0,153441000.0,83355000.0,221082000.0,-72114000.0,-49790000.0,180462000.0,,-125825000.0,57048000.0,61775000.0,514066000.0,1325702.0,5229000.0
2017,558789000.0,330260000.0,138142000.0,128575000.0,303416000.0,-39637000.0,43653000.0,174580000.0,,-40889000.0,73073000.0,92026000.0,598426000.0,1325702.0,7637000.0
2018,583196000.0,352745000.0,132659000.0,132438000.0,303577000.0,-17310000.0,-2380000.0,179394000.0,,-36305000.0,71611000.0,80003000.0,600506000.0,1325702.0,7860000.0
2019,595328000.0,379365000.0,133833000.0,151657000.0,304743000.0,-14981000.0,23426000.0,199993000.0,,-58131000.0,73267000.0,95641000.0,610309000.0,1325702.0,10035000.0
2020,571690000.0,409610000.0,173618000.0,279940000.0,304743000.0,345600000.0,66581000.0,142945000.0,,286834000.0,39039000.0,64390000.0,226090000.0,1325702.0,9206000.0
2021,583654000.0,409120000.0,85481000.0,279547000.0,,452762000.0,56708000.0,474230000.0,,343542000.0,39370000.0,50954000.0,130892000.0,1325702.0,83407000.0
2022,516645000.0,337853000.0,47245000.0,225477000.0,,428153000.0,-8036000.0,337658000.0,,335506000.0,39883000.0,35380000.0,88492000.0,1325702.0,-5244000.0
2023,420491000.0,245434000.0,46888000.0,158092000.0,,344598000.0,-36622000.0,230051000.0,,298884000.0,32733000.0,32641000.0,75893000.0,1325702.0,-57644000.0
2024,379316000.0,219229000.0,46268000.0,138610000.0,27211000.0,276797000.0,-54308000.0,231737000.0,,244576000.0,30535000.0,28402000.0,102519000.0,1325702.0,-53031000.0
2025,351529000.0,176855000.0,43410000.0,103756000.0,44599000.0,248250000.0,-29724000.0,178860000.0,,214852000.0,34151000.0,26022000.0,103279000.0,1325702.0,-35860000.0
2009,57040000000.0,5766000000.0,4088000000.0,1542000000.0,16113000000.0,21750000000.0,1075000000.0,12731000000.0,751000000.0,1460000000.0,1515000000.0,,,1326160.0,2249000000.0
2010,59090000000.0,6223000000.0,3897000000.0,1670000000.0,16959000000.0,22522000000.0,427000000.0,3445000000.0,840000000.0,1496000000.0,1318000000.0,,,1326160.0,681000000.0
2011,62526000000.0,6880000000.0,5528000000.0,2110000000.0,17730000000.0,22772000000.0,288000000.0,14529000000.0,859000000.0,1873000000.0,1588000000.0,,,1326160.0,517000000.0
2012,113856000000.0,10122000000.0,10029000000.0,1424000000.0,35499000000.0,40863000000.0,435000000.0,5695000000.0,1242000000.0,1889000000.0,,,,1326160.0,767000000.0
2013,114779000000.0,10516000000.0,8644000000.0,1501000000.0,38152000000.0,41330000000.0,688000000.0,,1546000000.0,2363000000.0,,,,1326160.0,1203000000.0
2014,120709000000.0,11575000000.0,11233000000.0,2036000000.0,37213000000.0,40875000000.0,97000000.0,,1622000000.0,2012000000.0,,,,1326160.0,988000000.0
2015,121156000000.0,8322000000.0,11400000000.0,857000000.0,37495000000.0,39727000000.0,477000000.0,,1613000000.0,2564000000.0,,,,1326160.0,977000000.0
2016,132761000000.0,8039000000.0,11551000000.0,392000000.0,45576000000.0,41033000000.0,-227000000.0,,1916000000.0,2384000000.0,,,,1326160.0,888000000.0
2017,137914000000.0,8453000000.0,12482000000.0,358000000.0,49035000000.0,41739000000.0,703000000.0,,1986000000.0,3013000000.0,,1995000000.0,,1326160.0,1262000000.0
2018,145392000000.0,9714000000.0,15041000000.0,442000000.0,51123000000.0,43817000000.0,464000000.0,,2094000000.0,3113000000.0,,2172000000.0,,1326160.0,871000000.0
2019,158838000000.0,9163000000.0,14752000000.0,311000000.0,54985000000.0,46822000000.0,3748000000.0,,2204000000.0,4108000000.0,,1994000000.0,,1326160.0,1109000000.0
2020,162388000000.0,8682000000.0,16305000000.0,259000000.0,55625000000.0,47964000000.0,1377000000.0,,2162000000.0,2471000000.0,,2144000000.0,,1326160.0,4553000000.0
2021,169587000000.0,9940000000.0,15931000000.0,343000000.0,60448000000.0,49296000000.0,3908000000.0,,2280000000.0,3265000000.0,,2437000000.0,,1326160.0,5373000000.0
2022,178086000000.0,13222000000.0,18873000000.0,409000000.0,67061000000.0,49322000000.0,2550000000.0,,2439000000.0,2637000000.0,,3106000000.0,,1326160.0,1194000000.0
2023,176893000000.0,12769000000.0,17283000000.0,253000000.0,72452000000.0,49112000000.0,2841000000.0,,3014000000.0,2235000000.0,,3019000000.0,,1326160.0,1855000000.0
2024,186343000000.0,12950000000.0,19357000000.0,314000000.0,76340000000.0,50127000000.0,4524000000.0,,3384000000.0,3431000000.0,,1889000000.0,,1326160.0,7926000000.0
2025,195736000000.0,11613000000.0,21047000000.0,245000000.0,80108000000.0,51842000000.0,4968000000.0,,3634000000.0,5056000000.0,,16000000.0,,1326160.0,8626000000.0
2011,529843840.0,324035319.0,444146539.0,7325017.0,,,,626684917.0,,9699710.0,38945968.0,2226288.0,444146539.0,1326396.0,2915867.0
2012,666874000.0,425451000.0,584626000.0,23378000.0,,65796000.0,,750628000.0,,3523000.0,48634000.0,14248000.0,,1326396.0,15467000.0
2013,874082000.0,573915000.0,783821000.0,12309000.0,,73393000.0,4600000.0,646549000.0,,5929000.0,69914000.0,7517000.0,,1326396.0,10210000.0
2015,829695000.0,530566000.0,815204000.0,4764000.0,15400000.0,-27278000.0,,474360000.0,37983000.0,-101594000.0,55730000.0,23398000.0,830604000.0,1326396.0,-9801000.0
2011,865141000.0,,,0.0,,677980000.0,25013000.0,208879000.0,,,,,187161000.0,1329011.0,34988000.0
2012,835503000.0,,,0.0,198123000.0,624463000.0,18186000.0,215945000.0,,,,,211040000.0,1329011.0,28897000.0
2011,7088185000.0,1453728000.0,720983000.0,542655000.0,2522103000.0,,42946000.0,3003874000.0,242435000.0,-3931403000.0,,707630000.0,,1334978.0,302938000.0
2012,7105782000.0,1515400000.0,811405000.0,561979000.0,4935388000.0,,-148410000.0,803194000.0,100480000.0,-4114515000.0,20094000.0,743112000.0,,1334978.0,61018000.0
2013,6759392000.0,1238428000.0,773590000.0,314545000.0,4919377000.0,160108000.0,12692000.0,806096000.0,88658000.0,-4162975000.0,24857000.0,712135000.0,,1334978.0,111185000.0
2014,6362411000.0,1079949000.0,717829000.0,186204000.0,4930468000.0,-140941000.0,43306000.0,802009000.0,88096000.0,-4172565000.0,21892000.0,697811000.0,,1334978.0,119456000.0
2015,6357199000.0,1577211000.0,920613000.0,412743000.0,5156924000.0,-569667000.0,-41383000.0,772065000.0,89609000.0,-4268637000.0,23514000.0,697583000.0,,1334978.0,116282000.0
2016,5718828000.0,1341435000.0,641718000.0,541995000.0,5110020000.0,,101501000.0,726471000.0,93056000.0,-4127206000.0,21190000.0,593070000.0,,1334978.0,250867000.0
2017,4670782000.0,974172000.0,657512000.0,144119000.0,5266153000.0,,-544299000.0,729131000.0,98419000.0,-4765514000.0,21940000.0,659463000.0,,1334978.0,89592000.0
2018,4522028000.0,1015800000.0,729816000.0,182456000.0,5277108000.0,,25653000.0,747588000.0,96724000.0,-5000920000.0,18061000.0,706309000.0,,1334978.0,116482000.0
2019,6393288000.0,1201891000.0,1180524000.0,398858000.0,5063724000.0,,27100000.0,745232000.0,89908000.0,-5349611000.0,21122000.0,709685000.0,8447994000.0,1334978.0,113649000.0
2020,5755273000.0,1334760000.0,1090206000.0,785308000.0,5550890000.0,,-32113000.0,541388000.0,90824000.0,-5939534000.0,16591000.0,468329000.0,8537875000.0,1334978.0,16504000.0
2021,5299355000.0,1134521000.0,1112944000.0,410767000.0,5583788000.0,,-433815000.0,2241118000.0,350457000.0,-6373349000.0,,643116000.0,8493325000.0,1334978.0,-16196000.0
2022,5086011000.0,1120916000.0,1121540000.0,286781000.0,5568799000.0,,-96604000.0,2481134000.0,362680000.0,-6469953000.0,,619829000.0,8348817000.0,1334978.0,231539000.0
2023,4722475000.0,957401000.0,883728000.0,251652000.0,5631291000.0,,24777000.0,632114000.0,106810000.0,-6780875000.0,,499811000.0,8173218000.0,1334978.0,124320000.0
2024,4804263000.0,1659044000.0,1271978000.0,109707000.0,5659957000.0,,-17877000.0,426719000.0,100064000.0,-6960129000.0,,344096000.0,8444046000.0,1334978.0,100132000.0
2025,3828875000.0,793194000.0,618094000.0,190022000.0,5102681000.0,,19939000.0,1604140000.0,395649000.0,-6940190000.0,,371377000.0,7223243000.0,1334978.0,310606000.0
2011,1168404000.0,77313000.0,167319000.0,14851000.0,,488456000.0,-76661000.0,47981000.0,12005000.0,-140070000.0,,50476000.0,577752000.0,1335190.0,-29553000.0
2012,2198632000.0,204319000.0,243656000.0,57623000.0,886769000.0,701513000.0,-73284000.0,83705000.0,51846000.0,-307484000.0,9162000.0,124861000.0,1286102000.0,1335190.0,-97752000.0
2013,1856651000.0,120726000.0,183865000.0,41713000.0,876106000.0,441580000.0,-222176000.0,280411000.0,72423000.0,-586365000.0,7158000.0,55681000.0,1169246000.0,1335190.0,-184764000.0
2014,1669829000.0,120196000.0,168445000.0,53180000.0,937963000.0,431855000.0,103448000.0,59854000.0,,-784546000.0,2268000.0,16319000.0,1137974000.0,1335190.0,-401575000.0
2015,1060158000.0,83548000.0,145900000.0,40871000.0,0.0,,-543096000.0,25538000.0,,-1602235000.0,1851000.0,20578000.0,1272642000.0,1335190.0,-303475000.0
2010,675378000.0,555850000.0,149147000.0,203870000.0,9077000.0,496966000.0,68477000.0,,,270021000.0,215355000.0,102034000.0,178412000.0,1336917.0,112355000.0
2011,919210000.0,689663000.0,183607000.0,175384000.0,70842000.0,636432000.0,32552000.0,,,366164000.0,324409000.0,134043000.0,282778000.0,1336917.0,55302000.0
2012,1157083000.0,903598000.0,252228000.0,341841000.0,52757000.0,816922000.0,50132000.0,,,493181000.0,319286000.0,175524000.0,340161000.0,1336917.0,81592000.0
2013,1577741000.0,1128811000.0,426630000.0,347489000.0,47951000.0,1053354000.0,64166000.0,2082500000.0,,653842000.0,469006000.0,209952000.0,524387000.0,1336917.0,98467000.0
2014,2095083000.0,1549399000.0,421627000.0,593175000.0,255250000.0,1350300000.0,87709000.0,,,856687000.0,536714000.0,279835000.0,744783000.0,1336917.0,146299000.0
2015,2868900000.0,1498763000.0,478810000.0,129852000.0,352000000.0,1668222000.0,105602000.0,,,1076533000.0,783031000.0,433638000.0,1200678000.0,1336917.0,177582000.0
2016,3644331000.0,1965153000.0,685816000.0,250470000.0,790388000.0,2030900000.0,103230000.0,,,1259414000.0,917491000.0,622685000.0,1613431000.0,1336917.0,163900000.0
2017,4006367000.0,2337679000.0,1060375000.0,312483000.0,765046000.0,2018642000.0,-87922000.0,,,1184441000.0,1158548000.0,609670000.0,1987725000.0,1336917.0,-37088000.0
2018,4245022000.0,2593628000.0,1315977000.0,557403000.0,703834000.0,2016871000.0,4218000.0,1389980000.0,,1139082000.0,1019496000.0,652546000.0,2228151000.0,1336917.0,-10447000.0
2019,4843531000.0,2702209000.0,1422009000.0,788072000.0,592687000.0,2150087000.0,-15304000.0,1441225000.0,,1226986000.0,892258000.0,708714000.0,2693444000.0,1336917.0,74073000.0
2020,5030628000.0,3222975000.0,1413276000.0,1517361000.0,1003556000.0,1675993000.0,184454000.0,1403766000.0,,673855000.0,895974000.0,527340000.0,3354635000.0,1336917.0,55846000.0
2021,4991396000.0,3336299000.0,1450176000.0,1669453000.0,662531000.0,2088994000.0,360060000.0,5683466000.0,,1027833000.0,811410000.0,569014000.0,2902402000.0,1336917.0,486290000.0
2023,4857083000.0,2959586000.0,1356891000.0,711910000.0,674478000.0,1998403000.0,386769000.0,5903636000.0,,929562000.0,1190253000.0,759860000.0,2858680000.0,1336917.0,283811000.0
2024,4760734000.0,2863682000.0,1165461000.0,858691000.0,594873000.0,2153286000.0,6568000.0,1332197000.0,,1048411000.0,958495000.0,757339000.0,2607448000.0,1336917.0,-3554000.0
2025,4300871000.0,2329097000.0,1109143000.0,501361000.0,595125000.0,1890278000.0,-201267000.0,5164310000.0,,746277000.0,945836000.0,675822000.0,2410593000.0,1336917.0,-185216000.0
2026,4415694000.0,2718683000.0,1676786000.0,309168000.0,590609000.0,1414360000.0,-495643000.0,4966370000.0,,217352000.0,914751000.0,681861000.0,3001334000.0,1336917.0,-163112000.0
2011,1732058000.0,778644000.0,388607000.0,64000.0,,,,,48747000.0,,497740000.0,208928000.0,1003158000.0,1340122.0,125292000.0
2012,2253045000.0,833946000.0,475398000.0,32174000.0,862730000.0,,,,85573000.0,,553574000.0,219314000.0,1363252000.0,1340122.0,285928000.0
2013,2688100000.0,974400000.0,502100000.0,121100000.0,1110400000.0,,,,96800000.0,,567400000.0,250300000.0,1625300000.0,1340122.0,91600000.0
2014,2944700000.0,609000000.0,626600000.0,5600000.0,1698200000.0,,,,104900000.0,,384400000.0,195300000.0,2340800000.0,1340122.0,75000000.0
2016,2725200000.0,640900000.0,498200000.0,4200000.0,1993700000.0,,,,161700000.0,,386200000.0,216400000.0,2506500000.0,1340122.0,-39700000.0
2017,2688800000.0,1191500000.0,925700000.0,164300000.0,1638200000.0,,,,183100000.0,,314400000.0,265400000.0,2568900000.0,1340122.0,158000000.0
2018,2087500000.0,670000000.0,415100000.0,155700000.0,1600700000.0,,,848000000.0,155500000.0,,284100000.0,177700000.0,2021800000.0,1340122.0,122900000.0
2019,1857800000.0,512100000.0,565000000.0,19100000.0,1209500000.0,,,774800000.0,134600000.0,,292600000.0,175000000.0,1836200000.0,1340122.0,76300000.0
2020,1808300000.0,534900000.0,544500000.0,109400000.0,1319400000.0,,,2268200000.0,125900000.0,,254900000.0,152400000.0,1936900000.0,1340122.0,-71900000.0
2021,2127900000.0,632600000.0,899800000.0,38100000.0,1418800000.0,,,3148000000.0,149500000.0,,326600000.0,,2513000000.0,1340122.0,-85600000.0
2022,2741800000.0,820400000.0,1352100000.0,35200000.0,1539700000.0,,-165100000.0,4686700000.0,175900000.0,,498000000.0,,3029500000.0,1340122.0,133400000.0
2023,2751300000.0,794700000.0,1112700000.0,7900000.0,1829700000.0,,48100000.0,4181000000.0,221700000.0,,439400000.0,,2996000000.0,1340122.0,267200000.0
2011,54273000.0,51418000.0,8025000.0,1661000.0,,45818000.0,,1263000.0,,-232327000.0,767000.0,728000.0,8455000.0,1360886.0,14835000.0
2012,41464000.0,39036000.0,5043000.0,1854000.0,,35890000.0,,3114000.0,,-243392000.0,1278000.0,3063000.0,5574000.0,1360886.0,-11151000.0
2013,92097000.0,84109000.0,10793000.0,2416000.0,,80949000.0,,8080000.0,,-201754000.0,1929000.0,7459000.0,11148000.0,1360886.0,1481000.0
2014,88450000.0,86276000.0,9180000.0,2208000.0,,75681000.0,,19319000.0,,-211620000.0,9824000.0,13373000.0,12769000.0,1360886.0,-2009000.0
2017,78122000.0,72927000.0,35102000.0,3081000.0,,41394000.0,8785000.0,,,-242338000.0,11278000.0,26053000.0,36728000.0,1360886.0,-294000.0
2018,101502000.0,70247000.0,20592000.0,16367000.0,,78528000.0,36901000.0,,,-205437000.0,9614000.0,22469000.0,22974000.0,1360886.0,9853000.0
2011,728413000.0,459877000.0,345019000.0,120306000.0,55852000.0,274932000.0,,,5431000.0,124924000.0,31926000.0,,453481000.0,1361538.0,98999000.0
2012,931207000.0,564635000.0,420669000.0,157551000.0,128367000.0,,,,3619000.0,175517000.0,37193000.0,,598569000.0,1361538.0,96286000.0
2013,1050693000.0,659784000.0,430314000.0,196077000.0,191051000.0,,,,5892000.0,238216000.0,51829000.0,,652245000.0,1361538.0,125237000.0
2014,1111187000.0,680365000.0,419311000.0,139465000.0,204029000.0,,,,6433000.0,293628000.0,58116000.0,,657401000.0,1361538.0,103792000.0
2015,1132254000.0,686824000.0,416173000.0,161122000.0,219853000.0,,,,7688000.0,319899000.0,67796000.0,,648789000.0,1361538.0,67769000.0
2016,1170798000.0,731381000.0,449938000.0,135823000.0,203381000.0,,,,8914000.0,335218000.0,49201000.0,,672228000.0,1361538.0,57749000.0
2017,1255740000.0,743214000.0,480763000.0,170385000.0,193351000.0,,22521000.0,,8146000.0,395961000.0,40922000.0,,693557000.0,1361538.0,106288000.0
2018,1594147000.0,924447000.0,621814000.0,151063000.0,305669000.0,,32367000.0,877670000.0,18746000.0,461075000.0,,,987164000.0,1361538.0,130471000.0
2019,1830465000.0,912707000.0,670448000.0,120286000.0,295642000.0,,26945000.0,789778000.0,20097000.0,531291000.0,,,1200935000.0,1361538.0,140875000.0
2020,1969580000.0,1115266000.0,764415000.0,326744000.0,268835000.0,,31811000.0,897338000.0,20299000.0,624694000.0,,,1254788000.0,1361538.0,163949000.0
2021,2543327000.0,1182090000.0,759118000.0,200512000.0,594232000.0,,29418000.0,884448000.0,,727433000.0,,,1553272000.0,1361538.0,170151000.0
2022,3544020000.0,1704385000.0,1138064000.0,248692000.0,1065315000.0,1108838000.0,133021000.0,1329139000.0,,847681000.0,,,2435182000.0,1361538.0,195338000.0
2023,3827427000.0,1885233000.0,1335035000.0,217778000.0,885369000.0,1236092000.0,37659000.0,1515550000.0,,961028000.0,,112200000.0,2591335000.0,1361538.0,253073000.0
2024,4195868000.0,2159472000.0,1670686000.0,455825000.0,660193000.0,1409533000.0,53966000.0,1741330000.0,,1127953000.0,,,2786335000.0,1361538.0,317452000.0
2025,4407800000.0,2333600000.0,1848500000.0,535500000.0,409000000.0,1681000000.0,51800000.0,1857700000.0,,1385600000.0,,,2726800000.0,1361538.0,411500000.0
2011,320111000.0,139471000.0,92266000.0,95703000.0,13275000.0,161052000.0,-178870000.0,146991000.0,1543000.0,-381188000.0,9070000.0,6936000.0,159299000.0,1365916.0,-179172000.0
2012,242834000.0,49494000.0,45826000.0,30592000.0,61806000.0,67106000.0,-205139000.0,73694000.0,4926000.0,-586327000.0,6034000.0,3846000.0,176605000.0,1365916.0,-201822000.0
2013,198864000.0,36920000.0,37302000.0,6868000.0,56172000.0,-135264000.0,,41119000.0,9107000.0,-821438000.0,10888000.0,7734000.0,334712000.0,1365916.0,-119616000.0
2014,216183000.0,73604000.0,39998000.0,42047000.0,100122000.0,-124452000.0,,43274000.0,28949000.0,-819152000.0,14506000.0,8687000.0,341246000.0,1365916.0,-99828000.0
2015,110198000.0,35666000.0,76813000.0,11992000.0,75457000.0,-158065000.0,-217952000.0,9847000.0,78854000.0,-1037104000.0,10886000.0,4004000.0,268654000.0,1365916.0,-148533000.0
2016,129873000.0,59123000.0,109868000.0,27150000.0,128744000.0,-184445000.0,-97334000.0,22238000.0,37629000.0,-1134438000.0,6213000.0,13105000.0,308381000.0,1365916.0,-95924000.0
2017,151483000.0,104607000.0,107146000.0,57059000.0,61893000.0,-200644000.0,-72329000.0,80588000.0,34032000.0,-1206767000.0,5408000.0,33621000.0,346190000.0,1365916.0,-39515000.0
2018,127925000.0,92215000.0,211736000.0,45353000.0,43331000.0,-217756000.0,-230235000.0,63604000.0,42703000.0,-1521417000.0,9693000.0,,339744000.0,1365916.0,-136583000.0
2019,160966000.0,73611000.0,161137000.0,270000.0,48452000.0,-255777000.0,-242767000.0,152557000.0,58665000.0,-1755653000.0,27770000.0,,411134000.0,1365916.0,-121890000.0
2020,222814000.0,146564000.0,163053000.0,30152000.0,26170000.0,-176819000.0,-331039000.0,173137000.0,47951000.0,-2086692000.0,42862000.0,,389859000.0,1365916.0,-123422000.0
2021,954298000.0,639212000.0,269805000.0,483462000.0,309061000.0,246439000.0,-270969000.0,341817000.0,25605000.0,-2357661000.0,75070000.0,,675090000.0,1365916.0,-177626000.0
2022,824932000.0,306361000.0,387147000.0,64437000.0,674891000.0,-488689000.0,-528510000.0,269847000.0,24733000.0,-2880178000.0,111880000.0,,1292642000.0,1365916.0,-568983000.0
2011,788460000.0,325778000.0,130526000.0,113288000.0,,291969000.0,16528000.0,627333000.0,,24042000.0,33426000.0,120268000.0,495923000.0,1372020.0,54294000.0
2012,826395000.0,313690000.0,185950000.0,24440000.0,250000000.0,273635000.0,-2695000.0,687584000.0,,2591000.0,28726000.0,149142000.0,552970000.0,1372020.0,15505000.0
2013,852645000.0,361053000.0,193899000.0,75338000.0,285000000.0,242946000.0,-34361000.0,731418000.0,,-31770000.0,32500000.0,96515000.0,610544000.0,1372020.0,51401000.0
2014,893234000.0,342244000.0,200510000.0,42389000.0,,255963000.0,10295000.0,806831000.0,,-21475000.0,34735000.0,113188000.0,637271000.0,1372020.0,23853000.0
2015,901625000.0,329733000.0,205690000.0,14184000.0,,252173000.0,-6189000.0,856878000.0,,-27664000.0,35963000.0,130777000.0,649452000.0,1372020.0,22959000.0
2016,893588000.0,307226000.0,179834000.0,11167000.0,,247890000.0,-8177000.0,767585000.0,,-35841000.0,37137000.0,88091000.0,645698000.0,1372020.0,14680000.0
2017,832357000.0,262184000.0,150250000.0,15852000.0,333141000.0,221296000.0,-31260000.0,702503000.0,,-67101000.0,34600000.0,75533000.0,611061000.0,1372020.0,-23525000.0
2018,730271000.0,206698000.0,163121000.0,34458000.0,321950000.0,214928000.0,-6293000.0,,,-74971000.0,28112000.0,64779000.0,515343000.0,1372020.0,52621000.0
2019,897552000.0,300712000.0,203933000.0,186995000.0,322843000.0,279399000.0,49339000.0,,,-23091000.0,30189000.0,,618153000.0,1372020.0,98128000.0
2020,958024000.0,362693000.0,176287000.0,216510000.0,323735000.0,346668000.0,66103000.0,,,40937000.0,34689000.0,,611356000.0,1372020.0,111765000.0
2021,997670000.0,327432000.0,154735000.0,145459000.0,320971000.0,398997000.0,49432000.0,,,90369000.0,30760000.0,,598673000.0,1372020.0,83430000.0
2022,981780000.0,182841000.0,160333000.0,6546000.0,321521000.0,368220000.0,-34055000.0,,,56314000.0,29229000.0,,613560000.0,1372020.0,-27736000.0
2023,1110840000.0,226328000.0,179443000.0,22841000.0,412070000.0,385548000.0,13906000.0,,,70220000.0,33912000.0,,725292000.0,1372020.0,28219000.0
2024,1255103000.0,263418000.0,216013000.0,10216000.0,448216000.0,448910000.0,57265000.0,,,127485000.0,29866000.0,,806193000.0,1372020.0,92805000.0
2025,1285749000.0,217443000.0,215816000.0,13361000.0,378169000.0,517142000.0,73469000.0,,,200954000.0,27926000.0,,768607000.0,1372020.0,127788000.0
2012,589103000.0,481912000.0,220508000.0,80826000.0,19395000.0,338351000.0,5510000.0,,717000.0,196651000.0,276599000.0,102014000.0,250752000.0,1375365.0,46014000.0
2013,632257000.0,523192000.0,241664000.0,93038000.0,6533000.0,373543000.0,8426000.0,,610000.0,217930000.0,254170000.0,149340000.0,258533000.0,1375365.0,27158000.0
2014,796325000.0,654081000.0,310886000.0,96872000.0,3733000.0,469056000.0,16549000.0,,757000.0,272087000.0,315837000.0,212738000.0,327094000.0,1375365.0,80259000.0
2015,1089809000.0,914415000.0,454107000.0,95442000.0,933000.0,618921000.0,26702000.0,,965000.0,373950000.0,463493000.0,322594000.0,470724000.0,1375365.0,146746000.0
2016,1165600000.0,938002000.0,363618000.0,180964000.0,40000000.0,721195000.0,6971000.0,,1594000.0,445971000.0,448980000.0,288941000.0,444221000.0,1375365.0,106850000.0
2017,1515130000.0,1261166000.0,672530000.0,110606000.0,0.0,773676000.0,13255000.0,678168000.0,2300000.0,485973000.0,736668000.0,324004000.0,741284000.0,1375365.0,94875000.0
2019,1682594000.0,1421771000.0,605969000.0,248164000.0,,941015000.0,71918000.0,,6690000.0,611903000.0,670188000.0,393624000.0,741418000.0,1375365.0,97233000.0
2020,1918646000.0,1592761000.0,707635000.0,210533000.0,5697000.0,1065540000.0,84308000.0,,2236000.0,696211000.0,851498000.0,403745000.0,852939000.0,1375365.0,85654000.0
2021,2241964000.0,1867259000.0,968896000.0,232266000.0,34700000.0,1096225000.0,111865000.0,,2485000.0,657760000.0,1040964000.0,463834000.0,1145566000.0,1375365.0,123947000.0
2022,3205077000.0,2806315000.0,1470024000.0,267397000.0,147618000.0,1425575000.0,285163000.0,,6413000.0,942923000.0,1545606000.0,834513000.0,1779330000.0,1375365.0,335167000.0
2023,3674729000.0,3179426000.0,1374652000.0,440459000.0,120179000.0,1972005000.0,639998000.0,,10491000.0,1433014000.0,1445564000.0,1148259000.0,1702559000.0,1375365.0,761142000.0
2024,9826092000.0,8931960000.0,2345721000.0,1669766000.0,,5417206000.0,1152666000.0,,,2585680000.0,4333029000.0,2737331000.0,4408722000.0,1375365.0,1210774000.0
2025,14018429000.0,12301654000.0,2344792000.0,5169911000.0,,6301693000.0,1048854000.0,,,3434539000.0,4680375000.0,2203942000.0,7716558000.0,1375365.0,1252994000.0
2010,7049266.0,152998.0,2106199.0,25498.0,,4368110.0,-3884305.0,518388.0,62785.0,,,22050.0,2681156.0,1380277.0,
2012,5369651.0,182324.0,2275008.0,2072.0,,2625874.0,-3461955.0,377390.0,52566.0,-10558309.0,63076.0,65233.0,2743777.0,1380277.0,
2013,3575119.0,53315.0,2021876.0,300.0,,790655.0,-2437408.0,116776.0,43830.0,-12812683.0,31538.0,19256.0,2784464.0,1380277.0,
2011,8633751.0,4486654.0,6197889.0,2511469.0,,,,,,-34545604.0,307098.0,286174.0,6522139.0,1381105.0,
2012,13363401.0,5638337.0,2738863.0,3965720.0,337784.0,10280399.0,-13322205.0,985389.0,,-47884002.0,240096.0,240139.0,3083002.0,1381105.0,-13518806.0
2013,9289408.0,620947.0,2495347.0,203949.0,2555697.0,3848288.0,-13234265.0,985389.0,,-61118267.0,147120.0,80814.0,5441120.0,1381105.0,-11093222.0
2014,6989088.0,392595.0,4215888.0,179652.0,,-1371909.0,-6801519.0,,380428.0,-67919786.0,86053.0,4436.0,8360997.0,1381105.0,-6272308.0
2015,5393818.0,133853.0,5777110.0,18488.0,,-4918233.0,-4324310.0,,575823.0,-72244097.0,86053.0,3345.0,10312051.0,1381105.0,-3312337.0
2016,2275577.0,408178.0,6837931.0,270898.0,595023.0,-10524038.0,-5700035.0,,742409.0,-77944132.0,,21950.0,12799615.0,1381105.0,-1829846.0
2017,1821114.0,285196.0,11812006.0,172286.0,115802.0,-12144833.0,-1474005.0,,928874.0,-79418137.0,,21950.0,13965947.0,1381105.0,-1561776.0
2018,795610.0,59383.0,14681521.0,47808.0,130275.0,-14716615.0,-2777491.0,,1013501.0,-82195628.0,,,15512225.0,1381105.0,-990882.0
2011,108923.0,82265.0,183861.0,78196.0,,-74938.0,-294114.0,,,-988484.0,,,,1382231.0,
2012,1578802.0,113351.0,1960260.0,4429.0,,-412717.0,-1197733.0,,25011.0,-2186217.0,,,1991519.0,1382231.0,
2013,1097906.0,44920.0,1707938.0,43137.0,,-614386.0,-708700.0,,16644.0,-2894917.0,,,1739292.0,1382231.0,
2015,757307.0,104116.0,1124840.0,26858.0,,-389048.0,-355479.0,,-156.0,-3250396.0,,,1146355.0,1382231.0,
2016,691125.0,33514.0,1286228.0,22426.0,,-617003.0,-370324.0,,,-3620720.0,,,1308128.0,1382231.0,-574894.0
2017,1240215.0,510683.0,2995639.0,459481.0,,-1779970.0,-2724306.0,,,-6345026.0,,,3020185.0,1382231.0,-491393.0
2018,4549774.0,319804.0,1757304.0,176895.0,,2764118.0,-8305069.0,,-40684.0,-14650095.0,,,1785656.0,1382231.0,-1964443.0
2019,142835816.0,129661.0,1290159.0,,,124800708.0,-1549470.0,,83690.0,-39072069.0,,12221.0,18035108.0,1382231.0,-1377152.0
2020,77127172.0,100853.0,3321545.0,,,57025321.0,-67961387.0,,291419.0,-107033456.0,,18925.0,20101851.0,1382231.0,-1380589.0
2011,935709000.0,,,0.0,,671988000.0,9464000.0,190704000.0,,,,,263721000.0,1387361.0,20452000.0
2012,912864000.0,,,68000.0,264019000.0,619175000.0,5515000.0,197928000.0,,,,,293689000.0,1387361.0,20162000.0
2011,30968000.0,11810000.0,11202000.0,11433000.0,,10112000.0,-11485000.0,,,,,,20856000.0,1390478.0,
2012,54986000.0,36121000.0,15919000.0,32807000.0,,27756000.0,-34969000.0,,,,,,27230000.0,1390478.0,
2013,87976000.0,53455000.0,62447000.0,47787000.0,7743000.0,5886000.0,-48501000.0,,,,386000.0,3683000.0,82090000.0,1390478.0,-33840000.0
2014,80488000.0,29024000.0,27233000.0,23650000.0,4492000.0,37059000.0,-36606000.0,,,,655000.0,1839000.0,43429000.0,1390478.0,-52222000.0
2015,82144000.0,53621000.0,57071000.0,29730000.0,0.0,13513000.0,-63902000.0,,,,0.0,,68631000.0,1390478.0,-34220000.0
2016,65811000.0,37499000.0,30398000.0,18083000.0,,28657000.0,-23549000.0,,,,,,37154000.0,1390478.0,-31867000.0
2017,33526000.0,13087000.0,24569000.0,2319000.0,2611000.0,2070000.0,-23754000.0,,,-54185000.0,,,31456000.0,1390478.0,-23039000.0
2018,16915000.0,5838000.0,5974000.0,5337000.0,0.0,5245000.0,-27670000.0,,,-81855000.0,,,11670000.0,1390478.0,
2019,16609000.0,8242000.0,5290000.0,7277000.0,,6093000.0,-19292000.0,,,-101147000.0,,,10516000.0,1390478.0,
2020,46049000.0,36925000.0,12336000.0,35302000.0,,27961000.0,-16757000.0,1900000.0,,-117904000.0,,,18088000.0,1390478.0,-16982000.0
2021,26275000.0,23044000.0,4982000.0,21355000.0,,20347000.0,-20699000.0,7600000.0,,-138603000.0,,,5928000.0,1390478.0,-25294000.0
2022,20943000.0,17756000.0,15515000.0,17125000.0,,4851000.0,-41301000.0,1000000.0,,-179904000.0,,,16092000.0,1390478.0,-41950000.0
2023,6219000.0,3172000.0,13735000.0,2530000.0,,-7976000.0,-37340000.0,0.0,,-217244000.0,,,14195000.0,1390478.0,-37869000.0
2024,19432000.0,16327000.0,9510000.0,13886000.0,,9465000.0,-30881000.0,,,-248125000.0,,,9967000.0,1390478.0,-31513000.0
2025,78345000.0,75211000.0,7017000.0,71793000.0,,70871000.0,-26863000.0,,,-274988000.0,,,7474000.0,1390478.0,-28274000.0
2009,212224000000.0,,,3732000000.0,17234000000.0,28977000000.0,-814000000.0,,592000000.0,8912000000.0,,,183221000000.0,1390777.0,
2010,247259000000.0,,,3675000000.0,16517000000.0,32354000000.0,,13816000000.0,608000000.0,10898000000.0,,,214102000000.0,1390777.0,
2011,325266000000.0,,,4175000000.0,19933000000.0,33417000000.0,,14680000000.0,604000000.0,12812000000.0,,,291065000000.0,1390777.0,
2012,358990000000.0,,,4727000000.0,18530000000.0,36431000000.0,2445000000.0,14479000000.0,534000000.0,14622000000.0,,,321548000000.0,1390777.0,
2013,374310000000.0,,,6460000000.0,19864000000.0,37521000000.0,2111000000.0,14903000000.0,343000000.0,15976000000.0,,,335776000000.0,1390777.0,
2014,385303000000.0,,,6970000000.0,20264000000.0,37441000000.0,2567000000.0,15608000000.0,354000000.0,17683000000.0,,,346600000000.0,1390777.0,
2015,393780000000.0,,,6537000000.0,21547000000.0,38037000000.0,3158000000.0,15126000000.0,300000000.0,19974000000.0,,,354805000000.0,1390777.0,
2016,333469000000.0,,,4822000000.0,24463000000.0,38811000000.0,3547000000.0,,437000000.0,22621000000.0,,,293889000000.0,1390777.0,
2017,371758000000.0,,,5382000000.0,27979000000.0,41251000000.0,4090000000.0,,1074000000.0,25635000000.0,,,330012000000.0,1390777.0,
2018,362873000000.0,,,5864000000.0,29163000000.0,40638000000.0,4266000000.0,,2821000000.0,28652000000.0,,,322005000000.0,1390777.0,
2019,381508000000.0,,,4830000000.0,27501000000.0,41483000000.0,4441000000.0,16462000000.0,4360000000.0,31894000000.0,,,339780000000.0,1390777.0,
2020,469633000000.0,,,6252000000.0,25984000000.0,45801000000.0,3617000000.0,15808000000.0,1132000000.0,34241000000.0,,,423513000000.0,1390777.0,
2021,444438000000.0,,,6061000000.0,25931000000.0,43034000000.0,3759000000.0,15931000000.0,227000000.0,36667000000.0,,,401047000000.0,1390777.0,
2022,405783000000.0,,,5030000000.0,30458000000.0,40734000000.0,2573000000.0,16377000000.0,3614000000.0,37864000000.0,,,364933000000.0,1390777.0,
2023,409953000000.0,,,4922000000.0,31257000000.0,40874000000.0,3286000000.0,17502000000.0,16303000000.0,39653000000.0,,,368944000000.0,1390777.0,
2024,416064000000.0,,,4178000000.0,30854000000.0,41318000000.0,4530000000.0,18619000000.0,,42537000000.0,,,374300000000.0,1390777.0,
2025,472300000000.0,,,5111000000.0,31873000000.0,44313000000.0,5549000000.0,20080000000.0,,46396000000.0,,,427492000000.0,1390777.0,
2011,524849.0,223879.0,,197331.0,,443051.0,-875679.0,2950.0,2839.0,,,2950.0,81798.0,1393540.0,
2012,409753.0,152550.0,,35878.0,,323392.0,-444826.0,134683.0,0.0,,,106894.0,86361.0,1393540.0,
2013,584347.0,189377.0,163762.0,11684.0,,239237.0,-593902.0,145364.0,13096.0,-5314199.0,,167722.0,345110.0,1393540.0,-528631.0
2014,1183943.0,412404.0,460080.0,56347.0,,643449.0,-748223.0,724624.0,12574.0,-6062422.0,14102.0,299422.0,540494.0,1393540.0,-620424.0
2015,698695.0,175544.0,712407.0,33590.0,,-47694.0,-1613130.0,1035820.0,43495.0,-7675552.0,29643.0,45182.0,746389.0,1393540.0,-1362610.0
2016,766382.0,253489.0,1089972.0,40023.0,,-397575.0,-836758.0,1143117.0,8772.0,-8512310.0,17226.0,162429.0,1163957.0,1393540.0,-802739.0
2017,640555.0,132194.0,1847471.0,28638.0,,-1390492.0,-1297660.0,1347059.0,32628.0,-10223288.0,2222.0,,2031047.0,1393540.0,-1126493.0
2018,651575.0,146067.0,1359732.0,56823.0,,-883408.0,-1153080.0,1198877.0,8346.0,-11376368.0,36694.0,,1534983.0,1393540.0,-1140353.0
2019,531991.0,26483.0,1304367.0,,,-859202.0,-479073.0,723819.0,9719.0,-11630660.0,4334.0,,1359266.0,1393540.0,-806002.0
2020,587525.0,82017.0,1153826.0,26731.0,447492.0,-923017.0,-2639472.0,368007.0,242411.0,-15185157.0,20456.0,,1458635.0,1393540.0,-974434.0
2021,761826.0,174366.0,1084366.0,64429.0,390749.0,-693690.0,-3428937.0,268947.0,27521.0,-19076522.0,71183.0,,1371494.0,1393540.0,-3345931.0
2022,616290.0,52043.0,1186049.0,0.0,794482.0,-977654.0,-907598.0,318016.0,151912.0,-20170140.0,30141.0,,1455515.0,1393540.0,-972354.0
2011,1132590000.0,814500000.0,628085000.0,350903000.0,,331554000.0,,353890000.0,,198995000.0,193295000.0,65676000.0,801036000.0,1394954.0,280392000.0
2012,1002782000.0,676891000.0,307518000.0,418095000.0,,242251000.0,,102333000.0,,56687000.0,133286000.0,23829000.0,760531000.0,1394954.0,-146700000.0
2013,1187281000.0,582968000.0,175672000.0,498213000.0,,332405000.0,,32570000.0,,-26115000.0,39087000.0,12377000.0,854876000.0,1394954.0,-91127000.0
2011,1034514.0,989950.0,988705.0,78361.0,,378287.0,-5820572.0,0.0,0.0,-5124215.0,,,988705.0,1399352.0,
2012,641982.0,568400.0,263695.0,194721.0,,378287.0,-623609.0,0.0,204797.0,-5747824.0,,,263695.0,1399352.0,
2013,576246.0,477549.0,536429.0,477549.0,,39817.0,-3037594.0,,182032.0,-8962110.0,,,536429.0,1399352.0,
2014,487142.0,228889.0,1473673.0,171871.0,77076.0,-1051338.0,-23575248.0,,14966.0,-32421145.0,,,1550749.0,1399352.0,-23560282.0
2015,357091.0,106057.0,3358371.0,10882.0,77803.0,-3050424.0,-6939490.0,,75145.0,-39344245.0,,,3436174.0,1399352.0,-5049658.0
2016,300357.0,62291.0,8320278.0,62291.0,18311.0,,-855886.0,,1186008.0,-40188414.0,,,8338589.0,1399352.0,-3958220.0
2017,412559.0,183343.0,3338222.0,173343.0,97009.0,,-5071217.0,,1233023.0,-45247740.0,,,3435231.0,1399352.0,-2378961.0
2018,361329.0,90909.0,4734865.0,24435.0,36819.0,,-4620885.0,,2336442.0,-49866128.0,54474.0,,4771684.0,1399352.0,-2259621.0
2019,459522.0,170050.0,6991693.0,15306.0,29329.0,-6561500.0,-3242912.0,,2027030.0,-52107440.0,149744.0,,7021022.0,1399352.0,-1754938.0
2020,470779.0,179626.0,7222110.0,33.0,37581.0,-6788912.0,-2723683.0,0.0,1472104.0,-55830210.0,179593.0,,7259691.0,1399352.0,-985783.0
2021,1136840.0,837644.0,8208168.0,72391.0,30693.0,-7102021.0,-3445793.0,,1675726.0,-59276748.0,421003.0,,8238861.0,1399352.0,-1174524.0
2022,1043122.0,729744.0,8522376.0,142.0,9075.0,,-1843623.0,0.0,726028.0,-61120707.0,385352.0,,8531451.0,1399352.0,-1195764.0
2013,9794700000.0,1772600000.0,564100000.0,355600000.0,5926100000.0,1968600000.0,-221200000.0,783900000.0,398800000.0,-3693000000.0,624000000.0,531800000.0,7826100000.0,1402366.0,-164500000.0
2014,9766600000.0,1871100000.0,845200000.0,247600000.0,5587300000.0,2109200000.0,105800000.0,844500000.0,355900000.0,-3617100000.0,693400000.0,577300000.0,7657400000.0,1402366.0,313200000.0
2011,1700967000.0,,,30733000.0,,1563590000.0,69988000.0,320500000.0,,,,,137377000.0,1418121.0,54525000.0
2012,1526017000.0,,,9027000.0,166783000.0,1346133000.0,75476000.0,365586000.0,,,,,179884000.0,1418121.0,75429000.0
2013,1491281000.0,,,18102000.0,162551000.0,1311811000.0,115222000.0,387991000.0,,,,,179470000.0,1418121.0,82744000.0
2014,3779749000.0,,,0.0,709570000.0,3014624000.0,6833000.0,803896000.0,,,,,765125000.0,1418121.0,32325000.0
2015,3722775000.0,,,0.0,998103000.0,2647058000.0,117288000.0,898314000.0,,,,,1075717000.0,1418121.0,136032000.0
2016,4979883000.0,,,0.0,1337963000.0,3517064000.0,144652000.0,1041025000.0,,,,,1462819000.0,1418121.0,185262000.0
2017,4902338000.0,,,0.0,1222196000.0,3571085000.0,182492000.0,1238622000.0,,,,,1331253000.0,1418121.0,214387000.0
2018,4928672000.0,,,0.0,1412242000.0,3409010000.0,206086000.0,,,,,,1519662000.0,1418121.0,257858000.0
2019,4942411000.0,,,0.0,1320407000.0,3291013000.0,171917000.0,,,,,,1651398000.0,1418121.0,233787000.0
2020,4829759000.0,,,5556000.0,1482571000.0,3029347000.0,-51247000.0,,,,,,1800412000.0,1418121.0,-102040000.0
2021,4790527000.0,,,3282000.0,1438758000.0,3147321000.0,13221000.0,,,,,,1643206000.0,1418121.0,87044000.0
2022,4772714000.0,,,4077000.0,1366249000.0,3178395000.0,144805000.0,,,,,,1594319000.0,1418121.0,206478000.0
2023,4937298000.0,,,10287000.0,1371494000.0,3323981000.0,177489000.0,,,,,,1613317000.0,1418121.0,247481000.0
2024,4969920000.0,,,10253000.0,1471452000.0,3265859000.0,214064000.0,,,,,,1704061000.0,1418121.0,292759000.0
2025,4902178000.0,,,8515000.0,1538584000.0,3148595000.0,175364000.0,,,,,,1753583000.0,1418121.0,257804000.0
2016,78778000.0,78061000.0,4592000.0,72975000.0,9881000.0,64305000.0,-7495000.0,772000.0,,-76609000.0,827000.0,,14473000.0,1427570.0,-7534000.0
2017,53101000.0,51755000.0,10011000.0,21108000.0,7964000.0,35113000.0,-10120000.0,3692000.0,,-111374000.0,1418000.0,4223000.0,17988000.0,1427570.0,-9922000.0
2018,30386000.0,28647000.0,17231000.0,21187000.0,0.0,13107000.0,-8756000.0,2036000.0,,-148754000.0,1580000.0,870000.0,17279000.0,1427570.0,-8660000.0
2019,20393000.0,18235000.0,3977000.0,14055000.0,,15849000.0,-23676000.0,,,-172430000.0,1936000.0,285000.0,4544000.0,1427570.0,-23230000.0
2020,10617000.0,7835000.0,5046000.0,3905000.0,430000.0,4665000.0,-12334000.0,,,-184764000.0,1936000.0,285000.0,5952000.0,1427570.0,-11952000.0
2021,54258000.0,30255000.0,7331000.0,22765000.0,9168000.0,46072000.0,-61933000.0,,,-576760000.0,3003000.0,,8186000.0,1427570.0,-56501000.0
2022,11142000.0,9911000.0,7481000.0,3855000.0,,3661000.0,-46214000.0,,,-624187000.0,3611000.0,,7481000.0,1427570.0,-46351000.0
2023,10663000.0,10296000.0,3777000.0,4459000.0,,6663000.0,-11387000.0,,,-635574000.0,3741000.0,1700000.0,4000000.0,1427570.0,-15383000.0
2024,4793000.0,4588000.0,4985000.0,693000.0,,-253000.0,-7130000.0,,,-642704000.0,2460000.0,1000000.0,5046000.0,1427570.0,-7728000.0
2025,6497177.0,5438321.0,2735160.0,4982333.0,,,-10262007.0,319714.0,,-87563575.0,,325.0,2735160.0,1427570.0,-10452570.0
2011,374432.0,370402.0,192209.0,864.0,,-317777.0,,,-28502.0,,,,692209.0,1429393.0,
2012,1275784.0,1270234.0,116171.0,3872.0,,,,,-3100.0,,,,616171.0,1429393.0,
2013,1317939.0,1257291.0,680879.0,4329.0,,,-3206269.0,,-258.0,,,,680879.0,1429393.0,
2014,897907.0,829454.0,498062.0,40446.0,,399845.0,-7217939.0,238912.0,205.0,,174132.0,54477.0,498062.0,1429393.0,
2015,857419.0,810791.0,891425.0,3618.0,,-267006.0,-4293361.0,265504.0,322.0,-17800179.0,222537.0,72533.0,1124425.0,1429393.0,
2016,509794.0,486609.0,988262.0,87134.0,,-626625.0,-3272834.0,429582.0,383641.0,-21073013.0,62836.0,116333.0,1136419.0,1429393.0,
2017,702345.0,683539.0,1984618.0,162299.0,,-1433632.0,-2871971.0,695857.0,467164.0,-23997135.0,157487.0,129246.0,2135977.0,1429393.0,
2018,870805.0,854361.0,2317538.0,9668.0,,-1955846.0,-3535617.0,1537958.0,641619.0,-27532752.0,403322.0,214260.0,2826651.0,1429393.0,
2019,927241.0,754753.0,3900500.0,4342.0,,-3027690.0,-4893230.0,1908708.0,1393189.0,-32425982.0,106958.0,270381.0,3954931.0,1429393.0,3343798.0
2020,1796935.0,871708.0,3299290.0,151628.0,,-2363482.0,-10567089.0,1661278.0,1705165.0,-42993071.0,24654.0,109966.0,4160417.0,1429393.0,-6890573.0
2021,228751.0,184568.0,3811048.0,59726.0,,-3893797.0,-17379770.0,246032.0,5018470.0,-60372841.0,119418.0,5424.0,4122548.0,1429393.0,-11400272.0
2022,323182.0,209233.0,4005928.0,79517.0,,-5552156.0,-4646055.0,73009.0,556827.0,-64627455.0,117980.0,7219.0,5875338.0,1429393.0,-4096557.0
2023,255790.0,26452.0,7403683.0,,,-7540095.0,-2150474.0,3549.0,763581.0,-66915867.0,0.0,0.0,7795885.0,1429393.0,-1342368.0
2024,3397110.0,3007161.0,8938584.0,,,-6346640.0,-10186102.0,242350.0,575660.0,-77101969.0,350866.0,43523.0,9743750.0,1429393.0,-5220044.0
2025,3112234.0,1821894.0,12434264.0,,,-9962014.0,-4750710.0,1082887.0,899199.0,-81852679.0,1574356.0,86748.0,13074248.0,1429393.0,-3570526.0
2011,543353000.0,131545000.0,88725000.0,3315000.0,,295953000.0,25871000.0,,,29171000.0,,102358000.0,247400000.0,1440024.0,46135000.0
2012,700808000.0,165116000.0,101019000.0,11908000.0,144500000.0,392079000.0,37530000.0,,,66701000.0,,122947000.0,308729000.0,1440024.0,68950000.0
2013,871880000.0,213460000.0,111350000.0,5438000.0,181702000.0,500365000.0,48996000.0,,,115697000.0,,171165000.0,371515000.0,1440024.0,85363000.0
2014,1257820000.0,350989000.0,171095000.0,11345000.0,420000000.0,558775000.0,51974000.0,,13363000.0,167671000.0,,284379000.0,699045000.0,1440024.0,95686000.0
2015,1307753000.0,346564000.0,630918000.0,7930000.0,0.0,556439000.0,25620000.0,,19439000.0,158803000.0,,260029000.0,751314000.0,1440024.0,62371000.0
2016,933554000.0,374487000.0,684037000.0,29513000.0,0.0,197468000.0,-360320000.0,,22827000.0,-201517000.0,,272924000.0,736086000.0,1440024.0,-403774000.0
2017,876043000.0,398386000.0,287264000.0,25702000.0,189460000.0,110847000.0,-91186000.0,,,-292703000.0,,321629000.0,765196000.0,1440024.0,-36452000.0
2018,853457000.0,351038000.0,297585000.0,11179000.0,155596000.0,-52155000.0,-165597000.0,2216141000.0,,-457414000.0,,274843000.0,905612000.0,1440024.0,-58499000.0
2019,670397000.0,264501000.0,274136000.0,4777000.0,193235000.0,55832000.0,-340937000.0,1847862000.0,,-798351000.0,,216389000.0,614565000.0,1440024.0,-321915000.0
2011,2366645.0,495246.0,2070353.0,73664.0,279777.0,16515.0,-1850507.0,5670068.0,-757752.0,-22330111.0,70658.0,238460.0,2350130.0,1443818.0,-1090068.0
2016,43674.0,30712.0,2625965.0,,,-2782291.0,-2656584.0,269210.0,103999.0,-14540039.0,22831.0,7834.0,2825965.0,1444403.0,-1631920.0
2009,18866183000.0,6140606000.0,2796888000.0,252519000.0,,9719672000.0,253766000.0,8826933000.0,,4817101000.0,2239762000.0,2504876000.0,9067479000.0,1453090.0,703855000.0
2010,19131654000.0,6492067000.0,2582979000.0,415772000.0,,9400931000.0,-66086000.0,2922815000.0,,4348845000.0,2590008000.0,2629403000.0,9666807000.0,1453090.0,781453000.0
2011,21185000000.0,7739000000.0,4213000000.0,371000000.0,,9532000000.0,19000000.0,3709000000.0,,4352000000.0,3158000000.0,3235000000.0,11632000000.0,1453090.0,399000000.0
2012,22795000000.0,9029000000.0,5710000000.0,300000000.0,,8786000000.0,-122000000.0,4058000000.0,,3356000000.0,3675000000.0,3885000000.0,13977000000.0,1453090.0,298000000.0
2013,21977000000.0,8774000000.0,5699000000.0,435000000.0,,8162000000.0,-271000000.0,,,3011000000.0,3371000000.0,3594000000.0,13774000000.0,1453090.0,523000000.0
2010,11221321000.0,830728000.0,720381000.0,337871000.0,2686484000.0,7163003000.0,98758000.0,643785000.0,9457000.0,6630500000.0,,,3933687000.0,1458891.0,16215000.0
2011,13495159000.0,1059612000.0,827180000.0,239196000.0,4071964000.0,7406521000.0,127003000.0,751045000.0,55727000.0,6676444000.0,,,5397307000.0,1458891.0,161602000.0
2012,14607774000.0,1305325000.0,911449000.0,282092000.0,4634375000.0,7723166000.0,127577000.0,966367000.0,85763000.0,7066023000.0,,,6119484000.0,1458891.0,216738000.0
2013,16217957000.0,1390935000.0,1051915000.0,114458000.0,5556251000.0,8322583000.0,174060000.0,1167049000.0,106300000.0,7591927000.0,,,7167929000.0,1458891.0,259526000.0
2014,13286822000.0,928562000.0,668674000.0,68510000.0,4869020000.0,6564730000.0,-594539000.0,804740000.0,155179000.0,5936035000.0,,,5999788000.0,1458891.0,-541864000.0
2015,12891984000.0,1240618000.0,863657000.0,512245000.0,4188904000.0,6699229000.0,-152241000.0,857684000.0,213854000.0,6131501000.0,,,5469754000.0,1458891.0,-49480000.0
2016,11440117000.0,1192614000.0,633293000.0,725722000.0,4040229000.0,5758681000.0,-1302850000.0,410156000.0,222915000.0,5154221000.0,,,4972672000.0,1458891.0,-1384912000.0
2017,10794659000.0,1038975000.0,593024000.0,662829000.0,3795867000.0,5276161000.0,-24675000.0,329585000.0,291989000.0,4637677000.0,,,4844031000.0,1458891.0,-109656000.0
2018,9264923000.0,659056000.0,365457000.0,375232000.0,3877402000.0,4253171000.0,-33062000.0,1082826000.0,297611000.0,3608366000.0,,,4610349000.0,1458891.0,-21745000.0
2019,8284498000.0,422107000.0,516928000.0,104621000.0,3779499000.0,3658972000.0,-700590000.0,,279435000.0,2907776000.0,,,4625526000.0,1458891.0,116261000.0
2020,4263937000.0,602284000.0,218351000.0,343332000.0,0.0,-311388000.0,-3978459000.0,,164653000.0,-1070683000.0,,,4575325000.0,1458891.0,-2829662000.0
2021,2073442000.0,455646000.0,248394000.0,194138000.0,216000000.0,1500627000.0,101982000.0,,31735000.0,101982000.0,,200419000.0,572815000.0,1458891.0,60832000.0
2015,3332332000.0,361041000.0,132616000.0,203420000.0,2497103000.0,456756000.0,17218000.0,772265000.0,173634000.0,-138363000.0,64495000.0,70722000.0,,1465872.0,259974000.0
2016,1160428000.0,310206000.0,55161000.0,231727000.0,867372000.0,226560000.0,-41129000.0,40409000.0,67023000.0,-147417000.0,45206000.0,20850000.0,,1465872.0,-16643000.0
2017,1083122000.0,297996000.0,69213000.0,195455000.0,919939000.0,76775000.0,-149785000.0,59838000.0,76441000.0,-297202000.0,43955000.0,45379000.0,,1465872.0,-12913000.0
2018,1129562000.0,326233000.0,62355000.0,224967000.0,1109011000.0,-64693000.0,-141468000.0,43067000.0,78779000.0,-438670000.0,45195000.0,28431000.0,,1465872.0,-22871000.0
2019,1090737000.0,345837000.0,76535000.0,231947000.0,343579000.0,651847000.0,-61385000.0,,46575000.0,17064000.0,48368000.0,46504000.0,,1465872.0,-53952000.0
2020,784347000.0,251842000.0,48372000.0,141945000.0,345219000.0,374539000.0,-44908000.0,,34041000.0,-259655000.0,,24717000.0,,1465872.0,-36650000.0
2021,699394000.0,285497000.0,69673000.0,73343000.0,346858000.0,264068000.0,-110137000.0,,34034000.0,-369792000.0,,37527000.0,,1465872.0,-69029000.0
2022,578561000.0,220123000.0,123954000.0,74026000.0,179227000.0,260729000.0,-3355000.0,278716000.0,34351000.0,-373147000.0,,62776000.0,,1465872.0,37856000.0
2012,118082.0,118082.0,1129369.0,82.0,,-1015782.0,-135198.0,114000.0,0.0,,,0.0,1133864.0,1498291.0,
2013,,214430.0,1140486.0,2809.0,,-926056.0,-5303.0,131360.0,0.0,,,61443.0,1140486.0,1498291.0,
2014,,395322.0,805363.0,89733.0,,-410041.0,297899.0,739586.0,0.0,-4551010.0,,4530.0,805363.0,1498291.0,-131268.0
2015,,58467.0,1360251.0,22941.0,,-1301784.0,-2962769.0,45493.0,,-7513779.0,,0.0,,1498291.0,-1937899.0
2017,3.0,3.0,1537842.0,3.0,,-1548045.0,-281544.0,,,-8169535.0,,,1548042.0,1498291.0,-145085.0
2018,573770.0,531270.0,2625625.0,56996.0,,-2051855.0,-871615.0,,,-9041150.0,,77638.0,2625625.0,1498291.0,-28992.0
2019,901909.0,644478.0,4417423.0,75914.0,,-3515514.0,-1607429.0,,,-10648579.0,504135.0,30.0,4417423.0,1498291.0,-318027.0
2020,1175440.0,516455.0,4755943.0,200858.0,,-3884539.0,-763824.0,,,-12055320.0,191124.0,2903.0,5024443.0,1498291.0,-1002455.0
2021,1104590.0,403584.0,3967120.0,181088.0,,-3302583.0,102251.0,,,-12384470.0,208504.0,7896.0,4305201.0,1498291.0,
2011,463825000.0,123100000.0,57822000.0,70508000.0,49976000.0,343834000.0,-25340000.0,219984000.0,,-34330000.0,15777000.0,33393000.0,,1504747.0,-34149000.0
2012,327685000.0,122660000.0,37138000.0,61419000.0,5284000.0,277121000.0,-73176000.0,230521000.0,-3406000.0,-107507000.0,15327000.0,21225000.0,,1504747.0,-58929000.0
2013,161717000.0,71302000.0,28127000.0,21465000.0,2003000.0,127186000.0,-153048000.0,213688000.0,485000.0,-260555000.0,14032000.0,21010000.0,,1504747.0,-152472000.0
2014,113198000.0,44700000.0,26100000.0,7233000.0,1185000.0,81290000.0,-46808000.0,50364000.0,387000.0,-307363000.0,15426000.0,18751000.0,,1504747.0,-108496000.0
2015,29405000.0,29217000.0,3472000.0,25228000.0,0.0,24358000.0,-57590000.0,0.0,65000.0,-364953000.0,15426000.0,2158000.0,,1504747.0,-2854000.0
2011,,,,3148000.0,,53630000.0,-2575000.0,3175000.0,924000.0,-4025000.0,,,74249000.0,1507385.0,-905000.0
2012,256069000.0,,,2748000.0,,81952000.0,-7278000.0,5650000.0,4356000.0,-19705000.0,,,164907000.0,1507385.0,-2450000.0
2013,7809083000.0,,,52725000.0,1108316000.0,2073430000.0,-491499000.0,136226000.0,105548000.0,-877957000.0,,,5310556000.0,1507385.0,-335905000.0
2014,20515139000.0,,,416711000.0,3595325000.0,9153888000.0,-350623000.0,418807000.0,,-2778576000.0,,,11132809000.0,1507385.0,-378680000.0
2015,17405866000.0,,,69103000.0,8059802000.0,8523987000.0,-187390000.0,383374000.0,,-3415233000.0,,,8691907000.0,1507385.0,67325000.0
2016,15587574000.0,,,256452000.0,6367248000.0,8447361000.0,-115418000.0,351869000.0,,-4200423000.0,,,6968041000.0,1507385.0,53471000.0
2017,14705578000.0,,,34176000.0,6073444000.0,7884278000.0,-32122000.0,316599000.0,,-4776581000.0,,,6662702000.0,1507385.0,256253000.0
2018,13963493000.0,,,30758000.0,6087922000.0,7157059000.0,27218000.0,313263000.0,,-5467236000.0,,,6663349000.0,1507385.0,
2019,13280680000.0,,,12921000.0,5705725000.0,6835743000.0,71125000.0,305363000.0,,-6399626000.0,,,6437402000.0,1507385.0,
2020,13324408000.0,,,523539000.0,5913065000.0,6804398000.0,-37820000.0,287909000.0,,-6648028000.0,,,6512840000.0,1507385.0,
2011,37543000000.0,16546000000.0,17747000000.0,9601000000.0,,,183000000.0,54981000000.0,1238000000.0,-4254000000.0,4366000000.0,845000000.0,,1513153.0,
2012,40971000000.0,18950000000.0,19641000000.0,11614000000.0,,,378000000.0,17152000000.0,266000000.0,-2586000000.0,4998000000.0,1179000000.0,,1513153.0,
2013,45870000000.0,22533000000.0,22305000000.0,13344000000.0,,,1620000000.0,21201000000.0,251000000.0,171000000.0,5889000000.0,1161000000.0,,1513153.0,
2014,49024000000.0,24788000000.0,24818000000.0,14538000000.0,,,662000000.0,22953000000.0,199000000.0,1359000000.0,6110000000.0,1185000000.0,,1513153.0,
2012,3585313000.0,,,76048000.0,,880633000.0,26871000.0,57124000.0,24057000.0,4493000.0,,,2704680000.0,1513161.0,50974000.0
2013,7310672000.0,,,87896000.0,,1216447000.0,117657000.0,239832000.0,110071000.0,3513000.0,,,6094225000.0,1513161.0,227962000.0
2014,8138099000.0,,,210009000.0,,1291279000.0,216964000.0,399751000.0,163698000.0,79133000.0,,,6846820000.0,1513161.0,381298000.0
2011,61993173.0,301384.0,186015.0,282884.0,,5136894.0,-347995.0,,,,,,,1514732.0,-350281.0
2012,61727448.0,23049.0,905731.0,8431.0,,4151453.0,-985441.0,,,,,,,1514732.0,-1025319.0
2013,145950000.0,68097000.0,40986000.0,17351000.0,,10938000.0,-21051000.0,,15256000.0,-14511000.0,,40928000.0,135012000.0,1514732.0,8255000.0
2014,203793000.0,108817000.0,76958000.0,12322000.0,,-32439000.0,-41753000.0,,16778000.0,-56264000.0,,73584000.0,232874000.0,1514732.0,16667000.0
2015,158794000.0,85722000.0,48896000.0,11300000.0,,-34645000.0,-9875000.0,,16739000.0,-66139000.0,,67882000.0,189006000.0,1514732.0,15589000.0
2016,201655000.0,92338000.0,51531000.0,11460000.0,,34445000.0,-25030000.0,,23697000.0,-92550000.0,,69721000.0,163594000.0,1514732.0,11241000.0
2017,141938000.0,18261000.0,21221000.0,3613000.0,,-4759000.0,-40756000.0,,29363000.0,-133306000.0,,6105000.0,142127000.0,1514732.0,-3528000.0
2018,102347000.0,40902000.0,36126000.0,7579000.0,83205000.0,-21589000.0,-18698000.0,98670000.0,,-249349000.0,,26463000.0,,1514732.0,-13911000.0
2019,142215000.0,77387000.0,166603000.0,5441000.0,7145000.0,-39611000.0,-25186000.0,255234000.0,,-274535000.0,,51582000.0,,1514732.0,4711000.0
2011,1137412000.0,143981000.0,56300000.0,56213000.0,,788462000.0,,,,-44595000.0,,60543000.0,348950000.0,1518222.0,
2012,1160150000.0,153642000.0,51108000.0,83590000.0,,828151000.0,344000.0,93244000.0,25771000.0,-15264000.0,,52598000.0,331999000.0,1518222.0,59954000.0
2013,1296811000.0,308924000.0,83461000.0,230071000.0,,838962000.0,-3542000.0,122260000.0,24981000.0,-25266000.0,,61962000.0,457849000.0,1518222.0,26715000.0
2014,1263429000.0,256276000.0,80063000.0,141725000.0,,823286000.0,5172000.0,136651000.0,20831000.0,-23639000.0,,70865000.0,440143000.0,1518222.0,34559000.0
2015,1132796000.0,321831000.0,59966000.0,236866000.0,298212000.0,761195000.0,4772000.0,93354000.0,22238000.0,-36985000.0,,56148000.0,371601000.0,1518222.0,50006000.0
2016,1083860000.0,270932000.0,53845000.0,176680000.0,295721000.0,689378000.0,-4147000.0,113583000.0,19677000.0,-71119000.0,,52211000.0,394482000.0,1518222.0,-6017000.0
2012,2631230000.0,,,25285000.0,61857000.0,263762000.0,21497000.0,,4335000.0,163872000.0,,,2367468000.0,1518715.0,
2013,3066054000.0,,,33908000.0,64811000.0,265926000.0,-861000.0,,3040000.0,182935000.0,,,2800128000.0,1518715.0,
2014,3535090000.0,,,30502000.0,61857000.0,302238000.0,5621000.0,,3278000.0,203566000.0,,,3232852000.0,1518715.0,
2015,4894495000.0,,,32684000.0,61857000.0,465275000.0,8678000.0,,4698000.0,244885000.0,,,4429220000.0,1518715.0,
2016,6243700000.0,,,53932000.0,125147000.0,629284000.0,2294000.0,,8788000.0,303036000.0,,,5614416000.0,1518715.0,
2017,6742041000.0,,,72718000.0,125274000.0,704380000.0,34915000.0,,12607000.0,371982000.0,,,6037661000.0,1518715.0,
2018,7042221000.0,,,57982000.0,125462000.0,739520000.0,15227000.0,,20794000.0,412009000.0,,,6302701000.0,1518715.0,
2019,6812435000.0,,,57880000.0,125650000.0,679723000.0,10988000.0,,21255000.0,374673000.0,,,6132712000.0,1518715.0,
2020,7237091000.0,,,58049000.0,125838000.0,717750000.0,79990000.0,,43350000.0,403888000.0,,,6519341000.0,1518715.0,
2021,7204091000.0,,,65214000.0,126026000.0,715339000.0,115422000.0,,17238000.0,444343000.0,,,6488752000.0,1518715.0,
2022,9364760000.0,,,72828000.0,224404000.0,562147000.0,66540000.0,,70981000.0,435085000.0,,,8802613000.0,1518715.0,
2023,9392450000.0,,,215664000.0,224766000.0,538387000.0,-27508000.0,,232990000.0,395357000.0,,,8854063000.0,1518715.0,
2024,8123698000.0,,,406600000.0,225131000.0,396997000.0,-144344000.0,,,251013000.0,,,7726701000.0,1518715.0,
2025,22351475000.0,,,1029983000.0,192014000.0,2862375000.0,265739000.0,49728000.0,,456695000.0,,,19489100000.0,1518715.0,
2011,411.0,,51800.0,411.0,,-51389.0,-35889.0,,,-51439.0,,,,1520592.0,-35889.0
2012,,4069.0,13346.0,4069.0,,-9277.0,-62138.0,,,,,,,1520592.0,
2014,105.0,,,105.0,,-52129.0,-41643.0,,,-155220.0,,,52234.0,1520592.0,
2015,1505.0,1505.0,46708.0,1505.0,,-45203.0,-18724.0,,,-148294.0,,,46708.0,1520592.0,
2017,5463.0,5.0,66771.0,5.0,,-61308.0,-781105.0,,,-929399.0,,,66771.0,1520592.0,
2012,6168.0,474.0,164334.0,474.0,,-158166.0,-174199.0,44259.0,1656.0,-215444.0,,,,1522704.0,-172543.0
2013,19184.0,13720.0,284257.0,3720.0,,-265073.0,-114812.0,54497.0,1488.0,-330256.0,7500.0,,,1522704.0,-113324.0
2014,16334.0,8931.0,378295.0,551.0,,-361961.0,-292713.0,85627.0,1655.0,-622969.0,5000.0,2255.0,,1522704.0,-290259.0
2015,209117.0,206958.0,865028.0,156958.0,,-655911.0,-344124.0,1858.0,92515.0,-969609.0,50000.0,2255.0,,1522704.0,-247554.0
2016,334783.0,194760.0,1186486.0,165017.0,,-851703.0,-1137684.0,1858.0,641812.0,-2107293.0,14023.0,,,1522704.0,-733746.0
2017,439138.0,321004.0,1188107.0,287569.0,,-748969.0,-1557836.0,29995.0,405144.0,-3665129.0,33435.0,,,1522704.0,-951571.0
2018,218558.0,116064.0,1464966.0,83387.0,,-1246408.0,-1068534.0,29175.0,680909.0,-4733663.0,32677.0,,,1522704.0,-764126.0
2012,711812000.0,,,131910000.0,,62636000.0,1959000.0,,8412000.0,,,,649176000.0,1550603.0,
2013,601554000.0,,,23687000.0,,75406000.0,-18803000.0,,6944000.0,19793000.0,,,526148000.0,1550603.0,
2014,542264000.0,,,19187000.0,,76772000.0,323000.0,,5071000.0,20116000.0,,,465492000.0,1550603.0,
2015,655690000.0,,,40263000.0,,81391000.0,3698000.0,,5248000.0,23814000.0,,,574299000.0,1550603.0,
2016,821272000.0,,,96762000.0,,96157000.0,7951000.0,,1796000.0,37322000.0,,,725115000.0,1550603.0,
2017,1046012000.0,,,117136000.0,,102520000.0,1955000.0,,2822000.0,43139000.0,,,943492000.0,1550603.0,
2018,1033951000.0,,,30834000.0,,110823000.0,2642000.0,,3508000.0,50412000.0,,,923128000.0,1550603.0,
2019,1265222000.0,,,153543000.0,,142508000.0,2699000.0,1796000.0,5268000.0,59744000.0,,,1122714000.0,1550603.0,
2020,1208275000.0,,,61439000.0,,140593000.0,-3503000.0,1316000.0,3620000.0,60388000.0,,,1067682000.0,1550603.0,
2021,1209143000.0,,,136590000.0,,142168000.0,-6190000.0,1323000.0,2037000.0,60296000.0,,,1066975000.0,1550603.0,
2022,1044360000.0,,,53267000.0,,146445000.0,6951000.0,1237000.0,5685000.0,67247000.0,,,897915000.0,1550603.0,
2014,32342176000.0,,,33157000.0,,3558349000.0,247033000.0,,523203000.0,1990787000.0,,,28783827000.0,1580608.0,
2015,36448958000.0,,,18893000.0,,4432549000.0,-19555000.0,,628791000.0,2782694000.0,,,32016409000.0,1580608.0,
2016,38539104000.0,,,160180000.0,,5238619000.0,61275000.0,,807484000.0,3549160000.0,,,33300485000.0,1580608.0,
2017,39422304000.0,,,527805000.0,,6480501000.0,580116000.0,,947734000.0,4751076000.0,,,32941803000.0,1580608.0,
2018,43959855000.0,,,148436000.0,,7018358000.0,104338000.0,,1111760000.0,5465748000.0,,,36941497000.0,1580608.0,
2019,48933529000.0,,,81848000.0,,7318620000.0,146062000.0,,1331804000.0,6168659000.0,,,41614909000.0,1580608.0,
2020,48887493000.0,,,109053000.0,,5621961000.0,521460000.0,,1204335000.0,5275666000.0,,,43265532000.0,1580608.0,
2014,9702402000.0,,,60595000.0,,2903710000.0,132851000.0,,262812000.0,,,182424000.0,6722099000.0,1581068.0,
2015,9498007000.0,,,69528000.0,,2869783000.0,,,245012000.0,,,180486000.0,6577705000.0,1581068.0,
2016,9319685000.0,,,51402000.0,,2922884000.0,,,226671000.0,,,178216000.0,6392525000.0,1581068.0,
2017,9153926000.0,,,56938000.0,,2908348000.0,,,226660000.0,,,232111000.0,6245578000.0,1581068.0,
2018,8242421000.0,,,41745000.0,,,,,215025000.0,,,228297000.0,5406322000.0,1581068.0,
2019,8142496000.0,,,19097000.0,,,,,189775000.0,,,234246000.0,5398639000.0,1581068.0,
2020,8342147000.0,,,368675000.0,,,,,199988000.0,,,240323000.0,5661446000.0,1581068.0,
2021,8377393000.0,,,296632000.0,,,,,194776000.0,,,234873000.0,5659047000.0,1581068.0,
2022,8435930000.0,,,16492000.0,,,,,192427000.0,,,264146000.0,5570920000.0,1581068.0,
2023,8332716000.0,,,866000.0,,,,,190733000.0,,,278775000.0,5482415000.0,1581068.0,
2024,8908914000.0,,,377616000.0,,2983678000.0,339274000.0,,,,,281947000.0,5924992000.0,1581068.0,
2025,9133137000.0,,,334422000.0,5494753000.0,3009814000.0,386228000.0,,,,,315128000.0,6123081000.0,1581068.0,
2014,26125000000.0,2499000000.0,2257000000.0,566000000.0,,4752000000.0,158000000.0,2828000000.0,618000000.0,-4658000000.0,404000000.0,844000000.0,21411000000.0,1585689.0,455000000.0
2015,25716000000.0,2585000000.0,2467000000.0,609000000.0,,5985000000.0,814000000.0,2856000000.0,575000000.0,-3392000000.0,442000000.0,876000000.0,19765000000.0,1585689.0,491000000.0
2016,26211000000.0,3557000000.0,2684000000.0,1418000000.0,,5899000000.0,-387000000.0,2920000000.0,587000000.0,-3323000000.0,541000000.0,1005000000.0,20362000000.0,1585689.0,406000000.0
2017,14308000000.0,1986000000.0,2208000000.0,570000000.0,,2072000000.0,840000000.0,2279000000.0,408000000.0,-6596000000.0,,998000000.0,12233000000.0,1585689.0,348000000.0
2018,13995000000.0,1983000000.0,2615000000.0,403000000.0,,551000000.0,224000000.0,8906000000.0,371000000.0,-6417000000.0,,1150000000.0,13437000000.0,1585689.0,362000000.0
2019,14957000000.0,2093000000.0,2871000000.0,538000000.0,,-482000000.0,175000000.0,9452000000.0,414000000.0,-5965000000.0,,1261000000.0,15429000000.0,1585689.0,348000000.0
2020,16755000000.0,4202000000.0,2431000000.0,3218000000.0,,-1490000000.0,-224000000.0,4307000000.0,429000000.0,-6732000000.0,,771000000.0,18241000000.0,1585689.0,-195000000.0
2021,15441000000.0,2871000000.0,3019000000.0,1427000000.0,,-821000000.0,410000000.0,5788000000.0,397000000.0,-6322000000.0,,1068000000.0,16260000000.0,1585689.0,1010000000.0
2022,15512000000.0,2870000000.0,3372000000.0,1209000000.0,,-1102000000.0,1255000000.0,8773000000.0,415000000.0,-5190000000.0,,1327000000.0,16610000000.0,1585689.0,2094000000.0
2023,15401000000.0,2614000000.0,3722000000.0,800000000.0,,-2360000000.0,1141000000.0,10235000000.0,464000000.0,-4207000000.0,,1487000000.0,17748000000.0,1585689.0,2225000000.0
2024,16522000000.0,3272000000.0,4700000000.0,1301000000.0,,-3727000000.0,1535000000.0,11174000000.0,569000000.0,-2822000000.0,,1583000000.0,20211000000.0,1585689.0,2370000000.0
2025,16774000000.0,2996000000.0,4508000000.0,918000000.0,,-5388000000.0,1457000000.0,12039000000.0,,-1508000000.0,,1690000000.0,22120000000.0,1585689.0,2693000000.0
2015,1041699000.0,446731000.0,197594000.0,3623000.0,390315000.0,190163000.0,-13465000.0,,,-62621000.0,269842000.0,154294000.0,727102000.0,1604028.0,58267000.0
2016,1040447000.0,439562000.0,252184000.0,6555000.0,315345000.0,187456000.0,-12119000.0,,,-101778000.0,230466000.0,186883000.0,726211000.0,1604028.0,94334000.0
2017,1046285000.0,440566000.0,255754000.0,6450000.0,310849000.0,222703000.0,-18110000.0,,,-83678000.0,258430000.0,168943000.0,695850000.0,1604028.0,76328000.0
2018,1043242000.0,458453000.0,221243000.0,17587000.0,270900000.0,307596000.0,-5703000.0,,,-39214000.0,263792000.0,171961000.0,609433000.0,1604028.0,88254000.0
2019,1042159000.0,466513000.0,206285000.0,8891000.0,208602000.0,384327000.0,1010000.0,272218000.0,,17582000.0,264540000.0,186991000.0,541524000.0,1604028.0,129413000.0
2020,2369888000.0,666211000.0,238213000.0,174233000.0,1089368000.0,525723000.0,2305000.0,370768000.0,,-267619000.0,282398000.0,200028000.0,1585306000.0,1604028.0,-95349000.0
2021,2413832000.0,742978000.0,318270000.0,195009000.0,782220000.0,819784000.0,224230000.0,1982780000.0,,-75202000.0,300961000.0,236191000.0,1350406000.0,1604028.0,344525000.0
2022,2649758000.0,871898000.0,391241000.0,20125000.0,908705000.0,893039000.0,271331000.0,2769315000.0,,158876000.0,494324000.0,341753000.0,1544713000.0,1604028.0,411918000.0
2023,2901125000.0,1017489000.0,378802000.0,217128000.0,1269391000.0,824147000.0,507086000.0,3071121000.0,,626215000.0,463994000.0,306945000.0,1906265000.0,1604028.0,719310000.0
2024,3268913000.0,1299967000.0,439622000.0,490163000.0,1259522000.0,1153313000.0,509915000.0,2874473000.0,,1092208000.0,464200000.0,323576000.0,1988214000.0,1604028.0,732131000.0
2025,3690360000.0,1324783000.0,398396000.0,463319000.0,1251589000.0,1525436000.0,450172000.0,2904245000.0,,1492634000.0,488269000.0,333221000.0,2054572000.0,1604028.0,657436000.0
2026,4505623000.0,1230829000.0,509469000.0,223012000.0,1605958000.0,1858734000.0,426465000.0,3050376000.0,,1862936000.0,543381000.0,390536000.0,2549659000.0,1604028.0,619202000.0
2020,1844458000.0,695712000.0,349555000.0,193001000.0,885470000.0,480144000.0,31308000.0,1429456000.0,9362000.0,-62664000.0,142379000.0,260479000.0,1362395000.0,1604643.0,168448000.0
2021,1868891000.0,678458000.0,405989000.0,146244000.0,754943000.0,580671000.0,51482000.0,1464429000.0,37575000.0,-11182000.0,158503000.0,277995000.0,1286672000.0,1604643.0,99317000.0
2022,2190863000.0,831389000.0,483716000.0,134005000.0,890673000.0,710093000.0,72198000.0,1737076000.0,34680000.0,61016000.0,229351000.0,305712000.0,1480770000.0,1604643.0,103993000.0
2014,224858.0,224858.0,426124.0,758.0,,-201266.0,-605234.0,,,-605234.0,224100.0,,,1606698.0,
2015,402004.0,402004.0,619970.0,174988.0,,-217966.0,-13403980.0,21840.0,-131006.0,-14009214.0,222930.0,,,1606698.0,-13272974.0
2017,15970950.0,,,,,,-2997420.0,10091491.0,1540226.0,,1212546.0,,,1606698.0,
2018,17940676.0,5401084.0,15568183.0,207205.0,,-11498428.0,-7908017.0,14261794.0,3121201.0,-28520094.0,2175795.0,,29439104.0,1606698.0,-649352.0
2019,35801598.0,12372306.0,21626676.0,302486.0,,-11970142.0,-3133165.0,28151524.0,5237205.0,-31745528.0,2401242.0,,47771740.0,1606698.0,-2479726.0
2020,40734183.0,10623776.0,16835985.0,277738.0,,-8788292.0,-8049873.0,33454349.0,5463597.0,-39795401.0,2666602.0,,49522475.0,1606698.0,-5893864.0
2021,134623850.0,42844307.0,30420364.0,3715666.0,24230169.0,71490044.0,-19483138.0,51640813.0,3289233.0,-58876514.0,24419654.0,11875176.0,63133806.0,1606698.0,-22122359.0
2022,145632214.0,48902865.0,33314866.0,2673541.0,,69992021.0,-12875313.0,,3124132.0,-71751827.0,25258369.0,17139944.0,75640193.0,1606698.0,-10755784.0
2015,22267700000.0,6472700000.0,4122200000.0,1236000000.0,6295600000.0,9765800000.0,194600000.0,,339400000.0,4462100000.0,1951000000.0,2689100000.0,12501900000.0,1623613.0,1460900000.0
2016,34726200000.0,7522500000.0,5040700000.0,998800000.0,15202900000.0,11117600000.0,480000000.0,,454800000.0,4942100000.0,2456400000.0,3310900000.0,23608600000.0,1623613.0,701600000.0
2017,35806300000.0,7213300000.0,6385300000.0,292100000.0,12865300000.0,13307600000.0,696000000.0,,534600000.0,,2542700000.0,3612400000.0,22498700000.0,1623613.0,1437100000.0
2018,32734900000.0,6367700000.0,4587800000.0,388100000.0,13161200000.0,12167100000.0,352500000.0,11433900000.0,542300000.0,6010700000.0,2580200000.0,2881000000.0,20567800000.0,1623613.0,905600000.0
2019,31255500000.0,6757300000.0,5569100000.0,475600000.0,11214300000.0,11883800000.0,16800000.0,11500500000.0,517300000.0,6031100000.0,2670900000.0,3058800000.0,19371700000.0,1623613.0,715500000.0
2015,122973000000.0,9780000000.0,6932000000.0,4837000000.0,,57685000000.0,,,,0.0,2618000000.0,871000000.0,56737000000.0,1637459.0,
2016,120480000000.0,8753000000.0,9501000000.0,4204000000.0,,57358000000.0,944000000.0,,1134000000.0,588000000.0,2684000000.0,769000000.0,62906000000.0,1637459.0,6142000000.0
2017,120232000000.0,7266000000.0,10132000000.0,1629000000.0,,66034000000.0,8003000000.0,,1234000000.0,8589000000.0,2815000000.0,921000000.0,53985000000.0,1637459.0,6773000000.0
2018,103461000000.0,9075000000.0,7503000000.0,1130000000.0,,51657000000.0,-12568000000.0,,325000000.0,-4853000000.0,2667000000.0,2129000000.0,51683000000.0,1637459.0,-14136000000.0
2019,101450000000.0,8097000000.0,7875000000.0,2279000000.0,,51623000000.0,1935000000.0,,1361000000.0,-3060000000.0,2721000000.0,1973000000.0,49701000000.0,1637459.0,3070000000.0
2020,99830000000.0,10822000000.0,8061000000.0,3417000000.0,,50103000000.0,356000000.0,,1394000000.0,-2694000000.0,2554000000.0,2063000000.0,49587000000.0,1637459.0,2128000000.0
2021,93394000000.0,8994000000.0,9064000000.0,3445000000.0,,49298000000.0,1012000000.0,,2047000000.0,-1682000000.0,2729000000.0,1957000000.0,43942000000.0,1637459.0,3460000000.0
2022,90513000000.0,7897000000.0,9028000000.0,1040000000.0,,48678000000.0,2363000000.0,,921000000.0,489000000.0,3651000000.0,2120000000.0,41643000000.0,1637459.0,3634000000.0
2023,90339000000.0,7929000000.0,8037000000.0,1400000000.0,,49526000000.0,2855000000.0,,912000000.0,1367000000.0,3614000000.0,2112000000.0,40617000000.0,1637459.0,4572000000.0
2024,88287000000.0,7655000000.0,7253000000.0,1334000000.0,,49185000000.0,2744000000.0,,912000000.0,2171000000.0,3376000000.0,2147000000.0,38962000000.0,1637459.0,1683000000.0
2025,81786000000.0,10127000000.0,8778000000.0,2615000000.0,,41664000000.0,-5846000000.0,,947000000.0,-4629000000.0,3167000000.0,2254000000.0,39997000000.0,1637459.0,-4669000000.0
2015,1297772000.0,94586000.0,44879000.0,41560000.0,550000000.0,451488000.0,-5716000.0,,21900000.0,-38830000.0,,42026000.0,772123000.0,1648428.0,3379000.0
2016,1434863000.0,85888000.0,57589000.0,19133000.0,645035000.0,462755000.0,-980000.0,,46200000.0,-39651000.0,,53195000.0,897295000.0,1648428.0,23099000.0
2017,1097211000.0,89170000.0,55528000.0,18902000.0,602297000.0,281991000.0,-162888000.0,,55100000.0,-225369000.0,,60102000.0,743673000.0,1648428.0,-279292000.0
2018,1078668000.0,93564000.0,63522000.0,14106000.0,582487000.0,273918000.0,-2192000.0,48874000.0,57100000.0,-234723000.0,,66202000.0,734024000.0,1648428.0,21121000.0
2019,723244000.0,58826000.0,40442000.0,6264000.0,433250000.0,113716000.0,-10779000.0,24245000.0,48200000.0,-394126000.0,,39452000.0,550204000.0,1648428.0,4274000.0
2020,565909000.0,66331000.0,476666000.0,15501000.0,0.0,26446000.0,-89420000.0,89811000.0,42600000.0,-483546000.0,,43039000.0,493330000.0,1648428.0,-45113000.0
2019,2090442000.0,1570012000.0,332888000.0,1199693000.0,,1749883000.0,1166506000.0,7308000.0,1244000.0,1137646000.0,38043000.0,4638000.0,341412000.0,1656472.0,-121484000.0
2020,1925682000.0,1372172000.0,206834000.0,1078023000.0,,1711364000.0,-73137000.0,46719000.0,186000.0,1064509000.0,44002000.0,8928000.0,217514000.0,1656472.0,-179347000.0
2021,1397738000.0,1079718000.0,54373000.0,886973000.0,,1337243000.0,-396107000.0,74435000.0,27000.0,659416000.0,32802000.0,22067000.0,63462000.0,1656472.0,-560594000.0
2022,1213009000.0,960156000.0,68116000.0,764644000.0,,1143885000.0,-168734000.0,91904000.0,13000.0,490682000.0,37559000.0,23113000.0,72045000.0,1656472.0,-124838000.0
2023,1140085000.0,933306000.0,41399000.0,669291000.0,,1099571000.0,-73963000.0,87241000.0,,416719000.0,30495000.0,13984000.0,43961000.0,1656472.0,-84800000.0
2024,1166312000.0,936113000.0,49700000.0,858805000.0,,1064063000.0,41080000.0,117615000.0,,457709000.0,33149000.0,15462000.0,55330000.0,1656472.0,-76529000.0
2025,1197140000.0,944086000.0,48187000.0,791794000.0,,1093897000.0,-9447000.0,146587000.0,,447756000.0,46750000.0,34099000.0,54181000.0,1656472.0,-17395000.0
2016,19155000000.0,,,816000000.0,,1075000000.0,,2009000000.0,,-882000000.0,,,18080000000.0,1657853.0,
2017,20058000000.0,,,1072000000.0,,1520000000.0,,2091000000.0,,-506000000.0,,,18538000000.0,1657853.0,
2018,21382000000.0,,,1072000000.0,,1061000000.0,-225000000.0,2294000000.0,,-909000000.0,,,20262000000.0,1657853.0,
2019,24627000000.0,,,865000000.0,,1769000000.0,-58000000.0,2326000000.0,,-967000000.0,,,22739000000.0,1657853.0,
2020,16908000000.0,,,1096000000.0,,1769000000.0,-1714000000.0,5258000000.0,70000000.0,-967000000.0,,,16815000000.0,1657853.0,
2021,19783000000.0,,,2258000000.0,,2977000000.0,366000000.0,7336000000.0,,-2315000000.0,,,16806000000.0,1657853.0,
2022,22497000000.0,,,943000000.0,,,2059000000.0,8685000000.0,,-256000000.0,,,19852000000.0,1657853.0,
2023,24605000000.0,,,764000000.0,,,616000000.0,9371000000.0,,360000000.0,,,21513000000.0,1657853.0,
2024,21802000000.0,,,592000000.0,,153000000.0,-2862000000.0,9049000000.0,0.0,-2502000000.0,,,21649000000.0,1657853.0,
2025,22311000000.0,,,565000000.0,,-459000000.0,-747000000.0,8504000000.0,,-3249000000.0,,,22770000000.0,1657853.0,
2017,9443144.0,9028599.0,3827910.0,,,5615234.0,-7491990.0,20244419.0,,-9400227.0,,428790.0,,1675634.0,
2018,15801832.0,10447345.0,23640755.0,,,-8739901.0,-16576479.0,34958748.0,191111.0,-25976706.0,,110931.0,24541733.0,1675634.0,-15071642.0
2019,23796000.0,14031000.0,29887000.0,1561000.0,,-12770000.0,-18727000.0,53436000.0,-8507000.0,-44950000.0,,272000.0,36566000.0,1675634.0,-9673000.0
2020,17420000.0,9033000.0,11826000.0,4303000.0,,-30000.0,-75347000.0,8642000.0,2525000.0,-119462000.0,,308000.0,17450000.0,1675634.0,-21578000.0
2021,62942000.0,5680000.0,16608000.0,1199000.0,,-6549000.0,-29876000.0,23420000.0,5000.0,-149338000.0,,498000.0,22019000.0,1675634.0,-27345000.0
2022,128618000.0,120854000.0,152075000.0,,,-40988000.0,-43995000.0,,1000.0,-192725000.0,,279000.0,160112000.0,1675634.0,-43243000.0
2023,6500000.0,3820000.0,54835000.0,,,-51125000.0,-33086000.0,17100000.0,,-226351000.0,,590000.0,57625000.0,1675634.0,-33957000.0
2017,4625.0,3869.0,,3869.0,,,-1684.0,12350.0,,-2684.0,,,4309.0,1676852.0,-1684.0
2018,3676.0,3191.0,,3191.0,,,-27584.0,12350.0,,-30268.0,,,3809.0,1676852.0,-27584.0
2019,1268.0,1053.0,,1053.0,,,-13899.0,0.0,,-44167.0,,,15300.0,1676852.0,-13899.0
2020,0.0,,33013.0,1053.0,,-33013.0,-33680.0,,,-77847.0,,,,1676852.0,
2021,2161654.0,246302.0,4296812.0,28761.0,,-3408640.0,-2235075.0,,,-5489464.0,,38341.0,5570294.0,1676852.0,
2022,2361832.0,235623.0,5581790.0,1894.0,,-5200134.0,-5522578.0,,,-11012042.0,24000.0,206949.0,7561966.0,1676852.0,
2017,719032000.0,235660000.0,243596000.0,23949000.0,57178000.0,413252000.0,12613000.0,,7347000.0,-194297000.0,6184000.0,199656000.0,305780000.0,1680247.0,10078000.0
2018,1274522000.0,349257000.0,352760000.0,132700000.0,70000000.0,797355000.0,173862000.0,425414000.0,6889000.0,-20435000.0,6353000.0,202956000.0,477167000.0,1680247.0,51778000.0
2019,1436111000.0,375591000.0,232966000.0,149036000.0,130000000.0,969305000.0,22675000.0,434794000.0,7141000.0,142575000.0,2436000.0,212183000.0,466806000.0,1680247.0,221362000.0
2020,1050739000.0,167726000.0,104163000.0,68772000.0,0.0,870771000.0,-44112000.0,154344000.0,2383000.0,35555000.0,2729000.0,84244000.0,179968000.0,1680247.0,-131243000.0
2021,1061236000.0,251064000.0,173785000.0,111918000.0,,826302000.0,-20232000.0,246070000.0,614000.0,-18630000.0,3949000.0,128148000.0,234934000.0,1680247.0,-68696000.0
2022,1335786000.0,328785000.0,284180000.0,78862000.0,30000000.0,954033000.0,2030000.0,1279701000.0,1605000.0,-16600000.0,5034000.0,215925000.0,381753000.0,1680247.0,-2591000.0
2023,1480312000.0,310809000.0,271149000.0,33354000.0,45000000.0,998392000.0,85634000.0,1630399000.0,5308000.0,69034000.0,17705000.0,237012000.0,481920000.0,1680247.0,130343000.0
2024,1223645000.0,292221000.0,222266000.0,50443000.0,45000000.0,816273000.0,-137859000.0,1444286000.0,,-68825000.0,16162000.0,195994000.0,407372000.0,1680247.0,-166960000.0
2025,1290890000.0,326704000.0,252961000.0,91334000.0,105613000.0,829842000.0,824000.0,1269158000.0,,-68001000.0,13323000.0,200753000.0,461048000.0,1680247.0,6350000.0
2017,45927972.0,609787.0,37375.0,560204.0,,5000001.0,54914.0,,,54214.0,,,1143625.0,1680873.0,
2018,82476407.0,59042764.0,33588305.0,5489404.0,13109854.0,33356804.0,6286455.0,291006698.0,,10433984.0,22175769.0,14406476.0,48014925.0,1680873.0,8526111.0
2019,802843794.0,151419617.0,110445754.0,14538286.0,18535016.0,603407945.0,5389677.0,388162281.0,,15823661.0,77531854.0,50027134.0,195187062.0,1680873.0,8277366.0
2020,484285083.0,99045645.0,76701776.0,,88008803.0,260433886.0,-342974059.0,566831075.0,,-327150398.0,58535040.0,24852212.0,219483650.0,1680873.0,-5834809.0
2021,596946000.0,159571000.0,155264000.0,,81811000.0,290948000.0,22145000.0,796884000.0,4091000.0,-306284000.0,102690000.0,36281000.0,301957000.0,1680873.0,29482000.0
2022,637529000.0,197916000.0,163890000.0,,115443000.0,291813000.0,460000.0,1170467000.0,7457000.0,-306514000.0,120291000.0,44186000.0,341280000.0,1680873.0,10559000.0
2023,596520000.0,178827000.0,143264000.0,,108711000.0,286661000.0,-2174000.0,1148493000.0,11478000.0,-308688000.0,105618000.0,,308537000.0,1680873.0,8969000.0
2024,549991000.0,178103000.0,145199000.0,,103324000.0,239291000.0,-48511000.0,1201667000.0,,-357199000.0,97783000.0,,308697000.0,1680873.0,-39135000.0
2025,541529000.0,194000000.0,164768000.0,,99436000.0,202051000.0,-38843000.0,1228282000.0,,-396042000.0,106629000.0,,337943000.0,1680873.0,-33001000.0
2018,33921000000.0,9617000000.0,9852000000.0,2648000000.0,6306000000.0,13487000000.0,1751000000.0,24556000000.0,335000000.0,1301000000.0,,5913000000.0,20084000000.0,1688568.0,3499000000.0
2019,29574000000.0,9066000000.0,9453000000.0,2899000000.0,5470000000.0,11402000000.0,1257000000.0,20753000000.0,334000000.0,478000000.0,,5181000000.0,17849000000.0,1688568.0,3269000000.0
2020,26006000000.0,8987000000.0,7895000000.0,3679000000.0,8672000000.0,4785000000.0,-5369000000.0,19577000000.0,383000000.0,-5177000000.0,,4392000000.0,20877000000.0,1688568.0,2061000000.0
2021,22038000000.0,8208000000.0,8150000000.0,2968000000.0,4345000000.0,4973000000.0,-149000000.0,17729000000.0,361000000.0,-5331000000.0,,4156000000.0,16730000000.0,1688568.0,1102000000.0
2022,20139000000.0,7446000000.0,6853000000.0,2672000000.0,4065000000.0,5052000000.0,718000000.0,16265000000.0,204000000.0,-4450000000.0,,3854000000.0,14764000000.0,1688568.0,1375000000.0
2023,15845000000.0,6124000000.0,5187000000.0,1858000000.0,3900000000.0,3497000000.0,-568000000.0,14430000000.0,200000000.0,-4665000000.0,,3441000000.0,12025000000.0,1688568.0,1157000000.0
2024,13871000000.0,5135000000.0,4394000000.0,1224000000.0,3818000000.0,2811000000.0,91000000.0,13667000000.0,298000000.0,-3839000000.0,,3253000000.0,10805000000.0,1688568.0,1016000000.0
2025,13205000000.0,5363000000.0,4411000000.0,1796000000.0,2996000000.0,3229000000.0,389000000.0,12871000000.0,265000000.0,-3451000000.0,,2972000000.0,9715000000.0,1688568.0,1019000000.0
2026,12890000000.0,5362000000.0,3939000000.0,1737000000.0,,2941000000.0,18000000.0,12644000000.0,216000000.0,-2937000000.0,,2973000000.0,9681000000.0,1688568.0,970000000.0
2017,4662326.0,4451874.0,628256.0,3534454.0,,3850524.0,-6959232.0,,310233.0,-12422444.0,9068.0,,811802.0,1692415.0,-4564067.0
2018,1553172.0,1051913.0,2351983.0,950237.0,1908572.0,-1058811.0,-6271723.0,39911.0,,-18694167.0,18153.0,13420.0,2611983.0,1692415.0,-6117816.0
2019,2215326.0,1584254.0,328070.0,893138.0,1908572.0,1737256.0,-6195557.0,214974.0,,-24967814.0,197168.0,131382.0,478070.0,1692415.0,-5893741.0
2020,71237197.0,68360433.0,4510688.0,42976713.0,,66696509.0,42478529.0,74552758.0,106437.0,17510715.0,7995189.0,12136833.0,4540688.0,1692415.0,41693640.0
2021,160034282.0,115119295.0,12597550.0,88607234.0,,134475098.0,36658564.0,97885603.0,,54169279.0,2004169.0,20839182.0,25559184.0,1692415.0,46064952.0
2022,123086280.0,92733670.0,3873424.0,22973803.0,,114519992.0,-14238249.0,34218209.0,,39931030.0,5310473.0,3453723.0,8566288.0,1692415.0,-26979836.0
2023,95320660.0,62141108.0,5747570.0,14916878.0,,86013615.0,-35332865.0,6812038.0,,4598166.0,1664725.0,303926.0,9307045.0,1692415.0,-42706234.0
2024,63999919.0,32291698.0,7315718.0,2936544.0,,54311918.0,-37639008.0,3915160.0,,-33040842.0,1072724.0,132570.0,9688001.0,1692415.0,-40081310.0
2025,24742585.0,13693465.0,3539620.0,11884607.0,,20628664.0,-46895936.0,622489.0,,-80373539.0,992397.0,190375.0,4113921.0,1692415.0,-50165352.0
2018,17208608000.0,854017000.0,1012490000.0,363177000.0,9944112000.0,4224805000.0,-149469000.0,,,-1680432000.0,,245714000.0,12983803000.0,1703056.0,10687000.0
2019,16083652000.0,625483000.0,1119728000.0,48736000.0,9634226000.0,3184369000.0,-71993000.0,,,-2742193000.0,,287243000.0,12899283000.0,1703056.0,64105000.0
2020,16116936000.0,967394000.0,1296092000.0,204998000.0,9447780000.0,3039336000.0,-112061000.0,,,-3491069000.0,,336033000.0,13077600000.0,1703056.0,16688000.0
2021,16894351000.0,992531000.0,1703345000.0,24453000.0,9575098000.0,3248719000.0,-340820000.0,5307111000.0,,-3952590000.0,,442158000.0,13645632000.0,1703056.0,15278000.0
2022,17821236000.0,1721996000.0,2661103000.0,257223000.0,8956671000.0,3393148000.0,132663000.0,6395310000.0,,-3949579000.0,,597313000.0,14428088000.0,1703056.0,508660000.0
2023,15964094000.0,1004694000.0,1480208000.0,14621000.0,7523349000.0,3788646000.0,575872000.0,1222255000.0,,-3617718000.0,,390471000.0,12175448000.0,1703056.0,262984000.0
2024,16050957000.0,1004920000.0,1263780000.0,96212000.0,7511282000.0,3800801000.0,189957000.0,1260379000.0,,-3318174000.0,,393511000.0,12250156000.0,1703056.0,305390000.0
2025,15818511000.0,945552000.0,1012948000.0,80817000.0,7379430000.0,3778610000.0,595951000.0,5128607000.0,,-2907255000.0,,384909000.0,12039901000.0,1703056.0,1308901000.0
2018,181519.0,181519.0,118133.0,14006.0,,63386.0,26113.0,99975.0,,5245.0,,,118133.0,1703073.0,33054.0
2020,881685.0,635410.0,641914.0,,,63712.0,-987524.0,243508.0,1365.0,-1300505.0,,,733675.0,1703073.0,-1022166.0
2021,1452084.0,539688.0,1039027.0,,,-7005.0,-2662829.0,244191.0,24409.0,-3865450.0,163975.0,928.0,1549475.0,1703073.0,-1386352.0
2022,3191597.0,2417414.0,3865294.0,163439.0,,-1036222.0,-981552.0,106322.0,31795.0,-4809846.0,1534602.0,57.0,4227819.0,1703073.0,-1176135.0
2023,4116352.0,4112020.0,1921368.0,72907.0,,,1504942.0,,18271.0,-3304904.0,,179777.0,2564061.0,1703073.0,-183110.0
2024,4866059.0,4863374.0,1661509.0,310859.0,,2593167.0,2850514.0,,,-2298849.0,3821.0,,2272892.0,1703073.0,1157201.0
2025,3859558.0,1346322.0,1964867.0,41903.0,523883.0,1807191.0,-3446751.0,,,-5745600.0,4249.0,1242388.0,2052367.0,1703073.0,-3375687.0
2019,60524000000.0,16815000000.0,10679000000.0,2367000000.0,16410000000.0,13541000000.0,-2310000000.0,42951000000.0,,17045000000.0,6214000000.0,4844000000.0,,1751788.0,
2020,61470000000.0,19084000000.0,11108000000.0,5104000000.0,16951000000.0,12435000000.0,1254000000.0,38542000000.0,,16361000000.0,5701000000.0,4839000000.0,,1751788.0,
2021,62990000000.0,20848000000.0,13226000000.0,2988000000.0,14511000000.0,18165000000.0,6405000000.0,54968000000.0,,20623000000.0,7372000000.0,6841000000.0,,1751788.0,
2022,60603000000.0,20477000000.0,11331000000.0,3886000000.0,15060000000.0,20718000000.0,4640000000.0,,,23180000000.0,6988000000.0,5611000000.0,,1751788.0,
2023,57967000000.0,17614000000.0,9957000000.0,2987000000.0,,18607000000.0,660000000.0,44622000000.0,,21774000000.0,6076000000.0,4718000000.0,,1751788.0,
2024,57312000000.0,16590000000.0,10288000000.0,2189000000.0,,17355000000.0,1201000000.0,42964000000.0,,20909000000.0,6544000000.0,4756000000.0,,1751788.0,
2025,58538000000.0,18062000000.0,9183000000.0,3816000000.0,,16008000000.0,-2444000000.0,39968000000.0,,16781000000.0,6595000000.0,4762000000.0,,1751788.0,
2019,284801982.0,1220122.0,289767.0,1070048.0,,5000005.0,3016201.0,,,3014551.0,,,10089767.0,1759546.0,-618608.0
2020,767219000.0,654445000.0,34074000.0,629761000.0,,630738000.0,-124050000.0,,703000.0,-134441000.0,,21000.0,136481000.0,1759546.0,-102481000.0
2021,688783000.0,291137000.0,147605000.0,244016000.0,,539600000.0,-410368000.0,,,-544809000.0,,21000.0,149183000.0,1759546.0,-400489000.0
2022,452312000.0,255875000.0,68834000.0,121358000.0,,351771000.0,-282404000.0,,,-827213000.0,13672000.0,,70280000.0,1759546.0,-387304000.0
2023,92169000.0,92139000.0,15398000.0,87096000.0,,13549000.0,-343066000.0,,,-1170279000.0,13672000.0,,45865000.0,1759546.0,-348898000.0
2024,53183000.0,53183000.0,1064000.0,23095000.0,,6780000.0,-8136000.0,,,-1178415000.0,,,10948000.0,1759546.0,-10892000.0
2025,46969000.0,44754000.0,991000.0,34439000.0,,2596000.0,-619000.0,,,-1179034000.0,,,5995000.0,1759546.0,-3760000.0
2019,15047000000.0,6140000000.0,3435000000.0,2740000000.0,,5587000000.0,1353000000.0,,236000000.0,6312000000.0,694000000.0,1236000000.0,9239000000.0,1770450.0,
2020,14741000000.0,5783000000.0,2478000000.0,2625000000.0,4050000000.0,5592000000.0,192000000.0,117000000.0,215000000.0,6281000000.0,843000000.0,883000000.0,8931000000.0,1770450.0,
2021,13223000000.0,4701000000.0,2829000000.0,1840000000.0,3596000000.0,4436000000.0,-455000000.0,,207000000.0,5631000000.0,696000000.0,818000000.0,8556000000.0,1770450.0,
2022,11543000000.0,4107000000.0,3330000000.0,1045000000.0,2866000000.0,3343000000.0,-322000000.0,,199000000.0,5136000000.0,797000000.0,857000000.0,7966000000.0,1770450.0,
2023,10008000000.0,3177000000.0,2779000000.0,519000000.0,2710000000.0,2538000000.0,1000000.0,,198000000.0,4977000000.0,661000000.0,850000000.0,7236000000.0,1770450.0,
2024,8365000000.0,2935000000.0,2619000000.0,576000000.0,2814000000.0,1076000000.0,-1321000000.0,,225000000.0,3514000000.0,695000000.0,796000000.0,7061000000.0,1770450.0,
2025,9823000000.0,3568000000.0,3222000000.0,512000000.0,4016000000.0,444000000.0,-1029000000.0,,334000000.0,2444000000.0,1016000000.0,1122000000.0,9150000000.0,1770450.0,
2021,415030603.0,933241.0,44884.0,544103.0,,-34641587.0,8472897.0,,,-34642622.0,,,35672190.0,1833909.0,-1448744.0
2021,170870831.0,1863865.0,1485559.0,1569803.0,,-18580128.0,-3578400.0,0.0,,-18580550.0,,,20450959.0,1851908.0,
2022,171735496.0,292631.0,2640191.0,,,-9004060.0,12018933.0,,,-9004482.0,,,9296691.0,1851908.0,
2022,5234864000.0,1051790000.0,667098000.0,476206000.0,513055000.0,3607085000.0,168948000.0,1413847000.0,42722000.0,255930000.0,,468802000.0,1627779000.0,1895262.0,228770000.0
2023,5507437000.0,1061748000.0,641680000.0,360794000.0,586203000.0,3921240000.0,481902000.0,2589018000.0,59139000.0,541159000.0,,548844000.0,1586197000.0,1895262.0,574705000.0
2024,7964768000.0,1388864000.0,940362000.0,247303000.0,1980186000.0,4651386000.0,448353000.0,3057818000.0,,411244000.0,,796961000.0,3313382000.0,1895262.0,603983000.0
2025,7529767000.0,1272282000.0,759729000.0,471399000.0,1975791000.0,4548850000.0,216717000.0,3285568000.0,,286630000.0,,589597000.0,2980917000.0,1895262.0,415552000.0
